page,category,video_id,reason,video_title
qa/bit-progression/bitless-bridles-how-does-it-work/index.html,bit-progression,eFJBZn_VVLU,"scattered_id(total=15,home=natural-horsemanship@53%)",Pat Parelli: Natural Horsemanship — Bitless Bridles: How They Work
qa/bit-progression/describe-the-complexity-of-how-western-curb-bits-work/index.html,bit-progression,gFRPuR4VVSA,"scattered_id(total=44,home=equipment@50%)",Al Dunning: How to Use the Snaffle Bit — The Complexity of How Western Curb Bits Work
qa/bit-progression/explain-how-to-ride-western-two-handed-with-a-snaffle-bit/index.html,bit-progression,gFRPuR4VVSA,"scattered_id(total=44,home=equipment@50%)",Al Dunning: How to Use the Snaffle Bit — The Complexity of How Western Curb Bits Work
qa/bit-progression/how-do-you-identify-and-correct-a-horse-that-leans-on-the-bit/index.html,bit-progression,BANshLvc55g,"scattered_id(total=52,home=collection@15%)",Ken McNabb: How to Ride Your Horse With Light Hands — Identifying and Correcting a Horse That Leans on the Bit
qa/bit-progression/how-do-you-introduce-a-new-bit-to-a-horse-that-has-only-known-one-type-of-bit/index.html,bit-progression,gFRPuR4VVSA,"scattered_id(total=44,home=equipment@50%)",Al Dunning: How to Use the Snaffle Bit — The Complexity of How Western Curb Bits Work
qa/bit-progression/how-do-you-ride-with-a-bosal-and-how-does-it-work/index.html,bit-progression,Hj5Ew8qkjMk,"scattered_id(total=77,home=natural-horsemanship@49%)",Warwick Schiller: Feel and Connection — How to Ride With a Bosal and How It Works
qa/bit-progression/how-do-you-ride-with-a-loose-rein-versus-a-contact-rein-in-western-performance-a/index.html,bit-progression,hCniW-BKZpo,"scattered_id(total=37,home=neck-reining@41%)",Matt Mills: Stop Fighting the Reins — Loose Rein vs. Contact Rein in Western Performance
qa/bit-progression/how-do-you-use-the-snaffle-bit-for-western-performance-horse-training/index.html,bit-progression,gFRPuR4VVSA,"scattered_id(total=44,home=equipment@50%)",Al Dunning: How to Use the Snaffle Bit — The Complexity of How Western Curb Bits Work
qa/bit-progression/how-does-a-curb-bit-work-mechanically-and-what-does-a-rider-need-to-understand-b/index.html,bit-progression,gFRPuR4VVSA,"scattered_id(total=44,home=equipment@50%)",Al Dunning: How to Use the Snaffle Bit — The Complexity of How Western Curb Bits Work
qa/bit-progression/how-does-a-snaffle-bit-work-mechanically-and-why-is-it-the-correct-starting-bit/index.html,bit-progression,gFRPuR4VVSA,"scattered_id(total=44,home=equipment@50%)",Al Dunning: How to Use the Snaffle Bit — The Complexity of How Western Curb Bits Work
qa/bit-progression/is-it-true-that-western-horses-work-without-any-pressure-from-the-bit/index.html,bit-progression,hCniW-BKZpo,"scattered_id(total=37,home=neck-reining@41%)",Matt Mills: Stop Fighting the Reins — Loose Rein vs. Contact Rein in Western Performance
qa/bit-progression/what-are-the-keys-to-using-draw-reins/index.html,bit-progression,BANshLvc55g,"scattered_id(total=52,home=collection@15%)",Ken McNabb: How to Ride Your Horse With Light Hands — Identifying and Correcting a Horse That Leans on the Bit
qa/bit-progression/what-are-the-options-in-bits-to-transition-to-from-the-snaffle-for-western-perfo/index.html,bit-progression,gFRPuR4VVSA,"scattered_id(total=44,home=equipment@50%)",Al Dunning: How to Use the Snaffle Bit — The Complexity of How Western Curb Bits Work
qa/bit-progression/what-can-you-do-with-a-dead-mouthed-horse/index.html,bit-progression,hCniW-BKZpo,"scattered_id(total=37,home=neck-reining@41%)",Matt Mills: Stop Fighting the Reins — Loose Rein vs. Contact Rein in Western Performance
qa/bit-progression/what-do-anderson-and-parelli-say-about-horses-that-open-their-mouths-or-gape-whe/index.html,bit-progression,IInnbVEoSqg,"scattered_id(total=90,home=natural-horsemanship@26%)",Warwick Schiller: Pressure and Release — What Anderson and Parelli Say About Horses That Gape at the Bit
qa/bit-progression/what-does-clinton-anderson-say-about-gadgets-and-training-aids-that-attach-to-th/index.html,bit-progression,NREoSIPWQ0E,"scattered_id(total=139,home=natural-horsemanship@16%)",Clinton Anderson: The Method — What He Says About Gadgets and Training Aids That Attach to the Bit
qa/bit-progression/what-does-clinton-anderson-teach-about-bit-fit-and-how-do-you-know-if-a-bit-fits/index.html,bit-progression,oWU8YgIrNiY,"scattered_id(total=117,home=mounting-dismounting@18%)",Clinton Anderson: Overview of Starting a Colt — What Clinton Anderson Teaches About Bit Fit
qa/bit-progression/what-does-pat-parelli-teach-about-the-relationship-between-the-bit-and-the-horse/index.html,bit-progression,eFJBZn_VVLU,"scattered_id(total=15,home=natural-horsemanship@53%)",Pat Parelli: Natural Horsemanship — Bitless Bridles: How They Work
qa/bit-progression/what-does-warwick-schiller-say-about-horses-that-are-behind-the-bit-and-how-does/index.html,bit-progression,oMn35EhR_Zg,"scattered_id(total=55,home=horsemanship@24%)",Warwick Schiller: Benefits of Teaching a Horse to Back Up — What He Says About Horses Behind the Bit
qa/bit-progression/what-is-a-hackamore-and-how-does-the-hackamore-to-bit-progression-work-in-vaquer/index.html,bit-progression,Hj5Ew8qkjMk,"scattered_id(total=77,home=natural-horsemanship@49%)",Warwick Schiller: Feel and Connection — How to Ride With a Bosal and How It Works
qa/bit-progression/what-is-a-mechanical-hackamore-and-how-is-it-different-from-a-traditional-bosal/index.html,bit-progression,Hj5Ew8qkjMk,"scattered_id(total=77,home=natural-horsemanship@49%)",Warwick Schiller: Feel and Connection — How to Ride With a Bosal and How It Works
qa/bit-progression/what-is-port-height-in-a-western-curb-bit-and-how-does-it-affect-the-horse/index.html,bit-progression,gFRPuR4VVSA,"scattered_id(total=44,home=equipment@50%)",Al Dunning: How to Use the Snaffle Bit — The Complexity of How Western Curb Bits Work
qa/bit-progression/what-is-the-correct-timing-for-transitioning-from-a-snaffle-to-a-curb-bit-and-wh/index.html,bit-progression,gFRPuR4VVSA,"scattered_id(total=44,home=equipment@50%)",Al Dunning: How to Use the Snaffle Bit — The Complexity of How Western Curb Bits Work
qa/bit-progression/what-is-the-difference-between-a-short-shank-and-a-long-shank-curb-bit-and-when/index.html,bit-progression,gFRPuR4VVSA,"scattered_id(total=44,home=equipment@50%)",Al Dunning: How to Use the Snaffle Bit — The Complexity of How Western Curb Bits Work
qa/bit-progression/what-is-the-purpose-of-different-snaffle-ring-styles-o-ring-d-ring-full-cheek-an/index.html,bit-progression,gFRPuR4VVSA,"scattered_id(total=44,home=equipment@50%)",Al Dunning: How to Use the Snaffle Bit — The Complexity of How Western Curb Bits Work
qa/bit-progression/what-is-the-role-of-the-curb-bit-in-teaching-a-horse-to-neck-rein/index.html,bit-progression,hCniW-BKZpo,"scattered_id(total=37,home=neck-reining@41%)",Matt Mills: Stop Fighting the Reins — Loose Rein vs. Contact Rein in Western Performance
qa/bit-progression/what-is-the-slobber-strap-and-why-do-vaquero-trained-horses-wear-them/index.html,bit-progression,Hj5Ew8qkjMk,"scattered_id(total=77,home=natural-horsemanship@49%)",Warwick Schiller: Feel and Connection — How to Ride With a Bosal and How It Works
qa/bit-progression/when-should-you-ride-with-a-slack-rein/index.html,bit-progression,hCniW-BKZpo,"scattered_id(total=37,home=neck-reining@41%)",Matt Mills: Stop Fighting the Reins — Loose Rein vs. Contact Rein in Western Performance
qa/bit-progression/why-are-western-horses-so-often-trained-to-be-behind-the-bit/index.html,bit-progression,oMn35EhR_Zg,"scattered_id(total=55,home=horsemanship@24%)",Warwick Schiller: Benefits of Teaching a Horse to Back Up — What He Says About Horses Behind the Bit
qa/bit-progression/why-is-the-snaffle-bit-so-popular-for-training-horses/index.html,bit-progression,gFRPuR4VVSA,"scattered_id(total=44,home=equipment@50%)",Al Dunning: How to Use the Snaffle Bit — The Complexity of How Western Curb Bits Work
qa/choosing-a-trainer/can-the-horse-carry-my-weight-how-do-i-figure-that-out/index.html,choosing-a-trainer,ComwTOq5A8Q,"scattered_id(total=107,home=versatility-ranch-horse@26%)",Ken McNabb: How to Buy the Right Horse — Can the Horse Carry My Weight
qa/choosing-a-trainer/how-do-i-choose-a-horse-trainer/index.html,choosing-a-trainer,DaA3wVpFoSM,"scattered_id(total=73,home=natural-horsemanship@19%)",Warwick Schiller: How to Choose a Horse Trainer
qa/choosing-a-trainer/how-do-you-choose-a-trainer-for-a-child-or-young-rider/index.html,choosing-a-trainer,DaA3wVpFoSM,"scattered_id(total=73,home=natural-horsemanship@19%)",Warwick Schiller: How to Choose a Horse Trainer
qa/choosing-a-trainer/how-do-you-evaluate-whether-a-trainers-methods-align-with-your-values-and-goals/index.html,choosing-a-trainer,DaA3wVpFoSM,"scattered_id(total=73,home=natural-horsemanship@19%)",Warwick Schiller: How to Choose a Horse Trainer
qa/choosing-a-trainer/how-do-you-find-a-horse-trainer-when-you-are-new-to-an-area/index.html,choosing-a-trainer,DaA3wVpFoSM,"scattered_id(total=73,home=natural-horsemanship@19%)",Warwick Schiller: How to Choose a Horse Trainer
qa/choosing-a-trainer/how-do-you-find-a-qualified-trainer-for-a-specific-discipline-like-reining-cutti/index.html,choosing-a-trainer,PAFejggfx6c,"scattered_id(total=48,home=reining@25%)",Andrea Fappani: Master Simple Cues — How to Find a Qualified Trainer for a Specific Discipline
qa/choosing-a-trainer/how-do-you-know-if-your-trainer-is-the-right-fit-after-you-have-already-started/index.html,choosing-a-trainer,DaA3wVpFoSM,"scattered_id(total=73,home=natural-horsemanship@19%)",Warwick Schiller: How to Choose a Horse Trainer
qa/choosing-a-trainer/how-do-you-monitor-your-horses-progress-during-a-training-program/index.html,choosing-a-trainer,BANshLvc55g,"scattered_id(total=52,home=collection@15%)",Ken McNabb: How to Ride Your Horse With Light Hands — Identifying and Correcting a Horse That Leans on the Bit
qa/choosing-a-trainer/how-does-online-or-remote-coaching-compare-to-in-person-training-and-when-is-eac/index.html,choosing-a-trainer,IInnbVEoSqg,"scattered_id(total=90,home=natural-horsemanship@26%)",Warwick Schiller: Pressure and Release — What Anderson and Parelli Say About Horses That Gape at the Bit
qa/choosing-a-trainer/how-heavy-is-too-heavy-to-ride/index.html,choosing-a-trainer,ComwTOq5A8Q,"scattered_id(total=107,home=versatility-ranch-horse@26%)",Ken McNabb: How to Buy the Right Horse — Can the Horse Carry My Weight
qa/choosing-a-trainer/how-much-does-horse-training-cost/index.html,choosing-a-trainer,BANshLvc55g,"scattered_id(total=52,home=collection@15%)",Ken McNabb: How to Ride Your Horse With Light Hands — Identifying and Correcting a Horse That Leans on the Bit
qa/choosing-a-trainer/index.html,choosing-a-trainer,ComwTOq5A8Q,"scattered_id(total=107,home=versatility-ranch-horse@26%)",Ken McNabb: How to Buy the Right Horse — Can the Horse Carry My Weight
qa/choosing-a-trainer/index.html,choosing-a-trainer,Idbhg34M6Nc,"scattered_id(total=35,home=training-principles@26%)",When to Use the Colt Starting Series vs Fundamentals — Q&A
qa/choosing-a-trainer/index.html,choosing-a-trainer,MoAzyvJVqGY,"scattered_id(total=43,home=working-cow-horse@42%)",A Life of Studying Horses — The Ken McNabb Story
qa/choosing-a-trainer/index.html,choosing-a-trainer,aASS-342kdo,"scattered_id(total=117,home=horsemanship@18%)",Ken McNabb: Ground Work — Preparing Your Horse to Ride
qa/choosing-a-trainer/ive-been-advised-not-to-buy-a-cribber-what-do-you-think/index.html,choosing-a-trainer,oWU8YgIrNiY,"scattered_id(total=117,home=mounting-dismounting@18%)",Clinton Anderson: Overview of Starting a Colt — What Clinton Anderson Teaches About Bit Fit
qa/choosing-a-trainer/should-you-ride-your-horse-during-training-and-how-do-you-maintain-a-relationshi/index.html,choosing-a-trainer,BANshLvc55g,"scattered_id(total=52,home=collection@15%)",Ken McNabb: How to Ride Your Horse With Light Hands — Identifying and Correcting a Horse That Leans on the Bit
qa/choosing-a-trainer/what-are-signs-you-have-outgrown-a-horse/index.html,choosing-a-trainer,ComwTOq5A8Q,"scattered_id(total=107,home=versatility-ranch-horse@26%)",Ken McNabb: How to Buy the Right Horse — Can the Horse Carry My Weight
qa/choosing-a-trainer/what-are-some-tips-for-finding-the-right-horse/index.html,choosing-a-trainer,ComwTOq5A8Q,"scattered_id(total=107,home=versatility-ranch-horse@26%)",Ken McNabb: How to Buy the Right Horse — Can the Horse Carry My Weight
qa/choosing-a-trainer/what-are-some-tips-to-finding-the-right-size-horse/index.html,choosing-a-trainer,ComwTOq5A8Q,"scattered_id(total=107,home=versatility-ranch-horse@26%)",Ken McNabb: How to Buy the Right Horse — Can the Horse Carry My Weight
qa/choosing-a-trainer/what-are-the-advantages-of-leasing-a-horse/index.html,choosing-a-trainer,ComwTOq5A8Q,"scattered_id(total=107,home=versatility-ranch-horse@26%)",Ken McNabb: How to Buy the Right Horse — Can the Horse Carry My Weight
qa/choosing-a-trainer/what-are-the-differences-between-training-board-and-regular-board-and-what-shoul/index.html,choosing-a-trainer,BANshLvc55g,"scattered_id(total=52,home=collection@15%)",Ken McNabb: How to Ride Your Horse With Light Hands — Identifying and Correcting a Horse That Leans on the Bit
qa/choosing-a-trainer/what-are-the-red-flags-that-should-make-you-walk-away-from-a-horse-trainer/index.html,choosing-a-trainer,DaA3wVpFoSM,"scattered_id(total=73,home=natural-horsemanship@19%)",Warwick Schiller: How to Choose a Horse Trainer
qa/choosing-a-trainer/what-credentials-should-a-trainer-have/index.html,choosing-a-trainer,DaA3wVpFoSM,"scattered_id(total=73,home=natural-horsemanship@19%)",Warwick Schiller: How to Choose a Horse Trainer
qa/choosing-a-trainer/what-happened-to-pat-parelli-he-was-so-popular-but-now-i-never-see-him-online-or/index.html,choosing-a-trainer,GGvsSnEVpxA,"scattered_id(total=26,home=desensitization-sacking-out@12%)",Pat Parelli: Natural Horsemanship — What Happened to Pat Parelli
qa/choosing-a-trainer/what-is-a-good-horse-to-rider-ratio/index.html,choosing-a-trainer,ComwTOq5A8Q,"scattered_id(total=107,home=versatility-ranch-horse@26%)",Ken McNabb: How to Buy the Right Horse — Can the Horse Carry My Weight
qa/choosing-a-trainer/what-is-a-reasonable-training-timeline-and-how-long-does-it-take-to-train-a-hors/index.html,choosing-a-trainer,Idbhg34M6Nc,"scattered_id(total=35,home=training-principles@26%)",When to Use the Colt Starting Series vs Fundamentals — Q&A
qa/choosing-a-trainer/what-is-the-difference-between-a-clinician-and-a-trainer-and-which-do-you-need/index.html,choosing-a-trainer,NREoSIPWQ0E,"scattered_id(total=139,home=natural-horsemanship@16%)",Clinton Anderson: The Method — What He Says About Gadgets and Training Aids That Attach to the Bit
qa/choosing-a-trainer/what-is-the-difference-between-a-show-trainer-and-a-ranch-or-horsemanship-traine/index.html,choosing-a-trainer,f918N1t9mfk,"scattered_id(total=174,home=working-western-rail@13%)",Al Dunning: Speed Control and Horsemanship — Show Trainer vs. Ranch or Horsemanship Trainer
qa/choosing-a-trainer/what-questions-should-i-ask-a-potential-trainer/index.html,choosing-a-trainer,DaA3wVpFoSM,"scattered_id(total=73,home=natural-horsemanship@19%)",Warwick Schiller: How to Choose a Horse Trainer
qa/choosing-a-trainer/what-questions-should-i-ask-when-interviewing-a-potential-horse-trainer/index.html,choosing-a-trainer,DaA3wVpFoSM,"scattered_id(total=73,home=natural-horsemanship@19%)",Warwick Schiller: How to Choose a Horse Trainer
qa/choosing-a-trainer/what-should-a-horse-training-contract-include-and-why-is-having-one-important/index.html,choosing-a-trainer,BANshLvc55g,"scattered_id(total=52,home=collection@15%)",Ken McNabb: How to Ride Your Horse With Light Hands — Identifying and Correcting a Horse That Leans on the Bit
qa/choosing-a-trainer/what-should-you-do-if-your-horse-comes-back-from-training-worse-than-when-it-lef/index.html,choosing-a-trainer,DaA3wVpFoSM,"scattered_id(total=73,home=natural-horsemanship@19%)",Warwick Schiller: How to Choose a Horse Trainer
qa/choosing-a-trainer/what-should-you-expect-from-your-first-meeting-with-a-potential-horse-trainer/index.html,choosing-a-trainer,DaA3wVpFoSM,"scattered_id(total=73,home=natural-horsemanship@19%)",Warwick Schiller: How to Choose a Horse Trainer
qa/choosing-a-trainer/what-should-you-know-about-trainer-liability-and-insurance-before-sending-your-h/index.html,choosing-a-trainer,BANshLvc55g,"scattered_id(total=52,home=collection@15%)",Ken McNabb: How to Ride Your Horse With Light Hands — Identifying and Correcting a Horse That Leans on the Bit
qa/choosing-a-trainer/what-should-you-look-for-when-visiting-a-trainers-facility-for-the-first-time/index.html,choosing-a-trainer,BANshLvc55g,"scattered_id(total=52,home=collection@15%)",Ken McNabb: How to Ride Your Horse With Light Hands — Identifying and Correcting a Horse That Leans on the Bit
qa/choosing-a-trainer/whats-the-difference-between-a-trainer-and-an-instructor/index.html,choosing-a-trainer,NREoSIPWQ0E,"scattered_id(total=139,home=natural-horsemanship@16%)",Clinton Anderson: The Method — What He Says About Gadgets and Training Aids That Attach to the Bit
qa/choosing-a-trainer/when-is-it-time-to-fire-your-horse-trainer-and-how-do-you-do-it-professionally/index.html,choosing-a-trainer,DaA3wVpFoSM,"scattered_id(total=73,home=natural-horsemanship@19%)",Warwick Schiller: How to Choose a Horse Trainer
qa/choosing-a-trainer/why-do-trainers-shy-away-from-lessons-more-now-than-in-the-past/index.html,choosing-a-trainer,NREoSIPWQ0E,"scattered_id(total=139,home=natural-horsemanship@16%)",Clinton Anderson: The Method — What He Says About Gadgets and Training Aids That Attach to the Bit
qa/choosing-a-trainer/why-is-clinton-anderson-still-such-a-powerful-force-in-the-horse-world/index.html,choosing-a-trainer,NREoSIPWQ0E,"scattered_id(total=139,home=natural-horsemanship@16%)",Clinton Anderson: The Method — What He Says About Gadgets and Training Aids That Attach to the Bit
qa/collection/can-you-explain-the-training-scale-rhythm-suppleness-contact-impulsion-straightn/index.html,collection,8i7HxJhM9Ds,"scattered_id(total=106,home=dressage@42%)","Jane Savoie: Dressage Made Simple — The Training Scale: Rhythm, Suppleness, Contact, Impulsion, Straightness, Collection"
qa/collection/do-flying-changes-require-collection-similar-to-shoulder-in/index.html,collection,0tu1M4abZMU,"scattered_id(total=34,home=lead-changes@68%)",Larry Trocha: Flying Lead Changes — Do Flying Changes Require Collection Similar to Shoulder-In
qa/collection/do-i-use-my-legs-or-hands-more-for-collection-of-my-horse/index.html,collection,PAFejggfx6c,"scattered_id(total=48,home=reining@25%)",Andrea Fappani: Master Simple Cues — How to Find a Qualified Trainer for a Specific Discipline
qa/collection/explain-half-halts-transitions-and-what-the-purpose-is/index.html,collection,8i7HxJhM9Ds,"scattered_id(total=106,home=dressage@42%)","Jane Savoie: Dressage Made Simple — The Training Scale: Rhythm, Suppleness, Contact, Impulsion, Straightness, Collection"
qa/collection/explain-the-purpose-of-the-training-order-leg-yield-shoulder-in-haunches-in-half/index.html,collection,3Qe-KFT6RRk,"scattered_id(total=42,home=dressage@62%)","Steffen Peters: Collection and Engagement — The Purpose of the Training Order: Leg Yield, Shoulder-In, Haunches-In, Half-Pass"
qa/collection/how-can-i-get-my-horse-to-extend/index.html,collection,3Qe-KFT6RRk,"scattered_id(total=42,home=dressage@62%)","Steffen Peters: Collection and Engagement — The Purpose of the Training Order: Leg Yield, Shoulder-In, Haunches-In, Half-Pass"
qa/collection/how-can-i-train-my-horse-to-drop-its-head-under-saddle/index.html,collection,oMn35EhR_Zg,"scattered_id(total=55,home=horsemanship@24%)",Warwick Schiller: Benefits of Teaching a Horse to Back Up — What He Says About Horses Behind the Bit
qa/collection/how-difficult-is-it-to-teach-a-horse-to-piaffe-and-what-does-the-process-involve/index.html,collection,3Qe-KFT6RRk,"scattered_id(total=42,home=dressage@62%)","Steffen Peters: Collection and Engagement — The Purpose of the Training Order: Leg Yield, Shoulder-In, Haunches-In, Half-Pass"
qa/collection/how-do-i-get-my-horse-to-bend-at-the-poll/index.html,collection,oMn35EhR_Zg,"scattered_id(total=55,home=horsemanship@24%)",Warwick Schiller: Benefits of Teaching a Horse to Back Up — What He Says About Horses Behind the Bit
qa/collection/how-do-i-get-my-horse-to-move-forward-into-the-bit/index.html,collection,PAFejggfx6c,"scattered_id(total=48,home=reining@25%)",Andrea Fappani: Master Simple Cues — How to Find a Qualified Trainer for a Specific Discipline
qa/collection/how-do-i-get-my-horse-to-turn-on-the-haunches/index.html,collection,WM5RLXyPibI,"scattered_id(total=32,home=lateral-work-suppling@38%)",Matt Mills: How to Teach Your Horse to Spin — How to Get a Horse to Turn on the Haunches
qa/collection/how-do-i-know-if-my-bit-is-not-fitting-correctly/index.html,collection,gFRPuR4VVSA,"scattered_id(total=44,home=equipment@50%)",Al Dunning: How to Use the Snaffle Bit — The Complexity of How Western Curb Bits Work
qa/collection/how-do-i-maintain-a-slow-lope-in-a-circle/index.html,collection,f918N1t9mfk,"scattered_id(total=174,home=working-western-rail@13%)",Al Dunning: Speed Control and Horsemanship — Show Trainer vs. Ranch or Horsemanship Trainer
qa/collection/how-do-i-teach-shoulder-in-and-why-is-it-considered-the-foundation-of-all-latera/index.html,collection,3Qe-KFT6RRk,"scattered_id(total=42,home=dressage@62%)","Steffen Peters: Collection and Engagement — The Purpose of the Training Order: Leg Yield, Shoulder-In, Haunches-In, Half-Pass"
qa/collection/how-do-i-use-transitions-to-develop-collection-in-my-horse/index.html,collection,f918N1t9mfk,"scattered_id(total=174,home=working-western-rail@13%)",Al Dunning: Speed Control and Horsemanship — Show Trainer vs. Ranch or Horsemanship Trainer
qa/collection/how-do-we-get-the-horse-to-engage-his-hindquarters/index.html,collection,3Qe-KFT6RRk,"scattered_id(total=42,home=dressage@62%)","Steffen Peters: Collection and Engagement — The Purpose of the Training Order: Leg Yield, Shoulder-In, Haunches-In, Half-Pass"
qa/collection/how-do-you-collect-and-extend-the-stride-at-the-same-time/index.html,collection,3Qe-KFT6RRk,"scattered_id(total=42,home=dressage@62%)","Steffen Peters: Collection and Engagement — The Purpose of the Training Order: Leg Yield, Shoulder-In, Haunches-In, Half-Pass"
qa/collection/how-do-you-develop-a-correct-and-balanced-walk-to-trot-transition/index.html,collection,8i7HxJhM9Ds,"scattered_id(total=106,home=dressage@42%)","Jane Savoie: Dressage Made Simple — The Training Scale: Rhythm, Suppleness, Contact, Impulsion, Straightness, Collection"
qa/collection/how-do-you-increase-impulsion-and-forward-energy-in-a-horse/index.html,collection,s1Jr8N1B6Xc,"scattered_id(total=18,home=training-principles@28%)",Clinton Anderson: Getting Forward Movement — How to Increase Impulsion and Forward Energy in a Horse
qa/collection/how-do-you-introduce-lateral-work-to-a-young-horse/index.html,collection,jahmDTCy5nU,"scattered_id(total=48,home=horsemanship@29%)",Ken McNabb: Teaching Your Horse to Move Off Seat and Legs — Introducing Lateral Work to a Young Horse
qa/collection/how-do-you-teach-a-horse-a-collected-canter/index.html,collection,f918N1t9mfk,"scattered_id(total=174,home=working-western-rail@13%)",Al Dunning: Speed Control and Horsemanship — Show Trainer vs. Ranch or Horsemanship Trainer
qa/collection/how-do-you-teach-a-horse-to-break-at-the-poll-correctly-during-collection-traini/index.html,collection,oMn35EhR_Zg,"scattered_id(total=55,home=horsemanship@24%)",Warwick Schiller: Benefits of Teaching a Horse to Back Up — What He Says About Horses Behind the Bit
qa/collection/how-do-you-use-the-walk-to-trot-transition-to-develop-collection-and-engagement/index.html,collection,3Qe-KFT6RRk,"scattered_id(total=42,home=dressage@62%)","Steffen Peters: Collection and Engagement — The Purpose of the Training Order: Leg Yield, Shoulder-In, Haunches-In, Half-Pass"
qa/collection/how-do-you-use-your-legs-and-reins-together-to-introduce-a-horse-to-collection/index.html,collection,PAFejggfx6c,"scattered_id(total=48,home=reining@25%)",Andrea Fappani: Master Simple Cues — How to Find a Qualified Trainer for a Specific Discipline
qa/collection/how-to-fix-a-horse-that-is-overbent-even-at-a-walk/index.html,collection,oMn35EhR_Zg,"scattered_id(total=55,home=horsemanship@24%)",Warwick Schiller: Benefits of Teaching a Horse to Back Up — What He Says About Horses Behind the Bit
qa/collection/how-to-teach-a-horse-shoulder-in-on-a-circle/index.html,collection,3Qe-KFT6RRk,"scattered_id(total=42,home=dressage@62%)","Steffen Peters: Collection and Engagement — The Purpose of the Training Order: Leg Yield, Shoulder-In, Haunches-In, Half-Pass"
qa/collection/index.html,collection,FBEWVWmOj78,"scattered_id(total=47,home=position-seat@36%)",Collection and the Horse's Back — The Basics
qa/collection/index.html,collection,jahmDTCy5nU,"scattered_id(total=48,home=horsemanship@29%)",Ken McNabb: Teaching Your Horse to Move Off Seat and Legs — Introducing Lateral Work to a Young Horse
qa/collection/is-a-slack-rein-and-gentle-contact-good/index.html,collection,hCniW-BKZpo,"scattered_id(total=37,home=neck-reining@41%)",Matt Mills: Stop Fighting the Reins — Loose Rein vs. Contact Rein in Western Performance
qa/collection/is-it-ok-to-ride-my-horse-behind-the-bit/index.html,collection,hCniW-BKZpo,"scattered_id(total=37,home=neck-reining@41%)",Matt Mills: Stop Fighting the Reins — Loose Rein vs. Contact Rein in Western Performance
qa/collection/my-horse-is-always-testing-the-bit-what-can-i-do/index.html,collection,hCniW-BKZpo,"scattered_id(total=37,home=neck-reining@41%)",Matt Mills: Stop Fighting the Reins — Loose Rein vs. Contact Rein in Western Performance
qa/collection/the-horse-is-heavy-on-the-forehand-what-should-we-do/index.html,collection,3Qe-KFT6RRk,"scattered_id(total=42,home=dressage@62%)","Steffen Peters: Collection and Engagement — The Purpose of the Training Order: Leg Yield, Shoulder-In, Haunches-In, Half-Pass"
qa/collection/the-horse-wont-flex-at-the-poll-and-is-having-problems-with-collection-what-shou/index.html,collection,oMn35EhR_Zg,"scattered_id(total=55,home=horsemanship@24%)",Warwick Schiller: Benefits of Teaching a Horse to Back Up — What He Says About Horses Behind the Bit
qa/collection/what-are-some-key-points-to-improve-the-collection-of-my-horse/index.html,collection,PAFejggfx6c,"scattered_id(total=48,home=reining@25%)",Andrea Fappani: Master Simple Cues — How to Find a Qualified Trainer for a Specific Discipline
qa/collection/what-are-the-keys-to-developing-a-correct-collected-trot/index.html,collection,3Qe-KFT6RRk,"scattered_id(total=42,home=dressage@62%)","Steffen Peters: Collection and Engagement — The Purpose of the Training Order: Leg Yield, Shoulder-In, Haunches-In, Half-Pass"
qa/collection/what-are-the-keys-to-developing-a-correct-head-set-in-a-horse/index.html,collection,f918N1t9mfk,"scattered_id(total=174,home=working-western-rail@13%)",Al Dunning: Speed Control and Horsemanship — Show Trainer vs. Ranch or Horsemanship Trainer
qa/collection/what-are-the-keys-to-making-a-horse-round/index.html,collection,oMn35EhR_Zg,"scattered_id(total=55,home=horsemanship@24%)",Warwick Schiller: Benefits of Teaching a Horse to Back Up — What He Says About Horses Behind the Bit
qa/collection/what-are-the-most-common-mistakes-in-developing-the-collected-trot-and-how-do-yo/index.html,collection,3Qe-KFT6RRk,"scattered_id(total=42,home=dressage@62%)","Steffen Peters: Collection and Engagement — The Purpose of the Training Order: Leg Yield, Shoulder-In, Haunches-In, Half-Pass"
qa/collection/what-are-the-steps-to-get-the-horse-to-achieve-balance-at-the-walk-and-trot/index.html,collection,8i7HxJhM9Ds,"scattered_id(total=106,home=dressage@42%)","Jane Savoie: Dressage Made Simple — The Training Scale: Rhythm, Suppleness, Contact, Impulsion, Straightness, Collection"
qa/collection/what-body-language-is-involved-in-a-flying-change/index.html,collection,0tu1M4abZMU,"scattered_id(total=34,home=lead-changes@68%)",Larry Trocha: Flying Lead Changes — Do Flying Changes Require Collection Similar to Shoulder-In
qa/collection/what-exercises-best-develop-a-correct-and-consistent-head-set-in-a-western-perfo/index.html,collection,f918N1t9mfk,"scattered_id(total=174,home=working-western-rail@13%)",Al Dunning: Speed Control and Horsemanship — Show Trainer vs. Ranch or Horsemanship Trainer
qa/collection/what-is-collection-in-a-horse-and-how-is-it-achieved/index.html,collection,3Qe-KFT6RRk,"scattered_id(total=42,home=dressage@62%)","Steffen Peters: Collection and Engagement — The Purpose of the Training Order: Leg Yield, Shoulder-In, Haunches-In, Half-Pass"
qa/collection/what-is-counter-canter-and-how-do-you-ride-it/index.html,collection,1DhWU4y6wIs,"scattered_id(total=28,home=counter-canter@64%)",Clinton Anderson: Counter Cantering — What Is Counter-Canter and How to Ride It
qa/collection/what-is-counter-canter-and-how-does-it-build-collection-and-balance/index.html,collection,1DhWU4y6wIs,"scattered_id(total=28,home=counter-canter@64%)",Clinton Anderson: Counter Cantering — What Is Counter-Canter and How to Ride It
qa/collection/what-is-involved-in-creating-a-good-head-set-on-a-horse/index.html,collection,f918N1t9mfk,"scattered_id(total=174,home=working-western-rail@13%)",Al Dunning: Speed Control and Horsemanship — Show Trainer vs. Ranch or Horsemanship Trainer
qa/collection/what-is-lateral-flexion-and-why-is-it-a-building-block-for-collection/index.html,collection,oMn35EhR_Zg,"scattered_id(total=55,home=horsemanship@24%)",Warwick Schiller: Benefits of Teaching a Horse to Back Up — What He Says About Horses Behind the Bit
qa/collection/what-is-meant-by-the-term-move-off-my-leg/index.html,collection,jahmDTCy5nU,"scattered_id(total=48,home=horsemanship@29%)",Ken McNabb: Teaching Your Horse to Move Off Seat and Legs — Introducing Lateral Work to a Young Horse
qa/collection/what-is-the-difference-between-a-horse-that-is-collected-and-one-that-is-simply/index.html,collection,3Qe-KFT6RRk,"scattered_id(total=42,home=dressage@62%)","Steffen Peters: Collection and Engagement — The Purpose of the Training Order: Leg Yield, Shoulder-In, Haunches-In, Half-Pass"
qa/collection/what-is-the-half-halt-and-how-do-i-use-it/index.html,collection,8i7HxJhM9Ds,"scattered_id(total=106,home=dressage@42%)","Jane Savoie: Dressage Made Simple — The Training Scale: Rhythm, Suppleness, Contact, Impulsion, Straightness, Collection"
qa/collection/what-is-the-purpose-of-shoulder-in-training-exercise/index.html,collection,WM5RLXyPibI,"scattered_id(total=32,home=lateral-work-suppling@38%)",Matt Mills: How to Teach Your Horse to Spin — How to Get a Horse to Turn on the Haunches
qa/collection/what-is-the-relationship-between-impulsion-leg-pressure-and-rein-softness-in-dev/index.html,collection,PAFejggfx6c,"scattered_id(total=48,home=reining@25%)",Andrea Fappani: Master Simple Cues — How to Find a Qualified Trainer for a Specific Discipline
qa/collection/what-role-does-bit-selection-and-rein-contact-play-in-developing-a-correct-head/index.html,collection,gFRPuR4VVSA,"scattered_id(total=44,home=equipment@50%)",Al Dunning: How to Use the Snaffle Bit — The Complexity of How Western Curb Bits Work
qa/collection/why-is-it-important-to-teach-collection-first-at-a-walk/index.html,collection,f918N1t9mfk,"scattered_id(total=174,home=working-western-rail@13%)",Al Dunning: Speed Control and Horsemanship — Show Trainer vs. Ranch or Horsemanship Trainer
qa/collection/why-should-you-avoid-overdoing-collection-training-lessons-and-how-do-long-trail/index.html,collection,Idbhg34M6Nc,"scattered_id(total=35,home=training-principles@26%)",When to Use the Colt Starting Series vs Fundamentals — Q&A
qa/collection/why-should-you-refine-your-collection-cues-at-the-walk-and-trot-before-proceedin/index.html,collection,f918N1t9mfk,"scattered_id(total=174,home=working-western-rail@13%)",Al Dunning: Speed Control and Horsemanship — Show Trainer vs. Ranch or Horsemanship Trainer
qa/competition/how-do-experienced-competitors-use-video-to-improve-their-competition-performanc/index.html,competition,f918N1t9mfk,"scattered_id(total=174,home=working-western-rail@13%)",Al Dunning: Speed Control and Horsemanship — Show Trainer vs. Ranch or Horsemanship Trainer
qa/competition/how-do-i-prepare-for-my-first-horse-show/index.html,competition,f918N1t9mfk,"scattered_id(total=174,home=working-western-rail@13%)",Al Dunning: Speed Control and Horsemanship — Show Trainer vs. Ranch or Horsemanship Trainer
qa/competition/how-do-i-prepare-mentally-for-a-horse-show/index.html,competition,8i7HxJhM9Ds,"scattered_id(total=106,home=dressage@42%)","Jane Savoie: Dressage Made Simple — The Training Scale: Rhythm, Suppleness, Contact, Impulsion, Straightness, Collection"
qa/competition/how-do-you-approach-competing-against-more-experienced-horses-and-riders-without/index.html,competition,8i7HxJhM9Ds,"scattered_id(total=106,home=dressage@42%)","Jane Savoie: Dressage Made Simple — The Training Scale: Rhythm, Suppleness, Contact, Impulsion, Straightness, Collection"
qa/competition/how-do-you-balance-training-across-multiple-disciplines-without-over-drilling-an/index.html,competition,Idbhg34M6Nc,"scattered_id(total=35,home=training-principles@26%)",When to Use the Colt Starting Series vs Fundamentals — Q&A
qa/competition/how-do-you-choose-which-competitions-are-right-for-your-horses-current-level-of/index.html,competition,f918N1t9mfk,"scattered_id(total=174,home=working-western-rail@13%)",Al Dunning: Speed Control and Horsemanship — Show Trainer vs. Ranch or Horsemanship Trainer
qa/competition/how-do-you-condition-a-horse-physically-for-the-demands-of-a-competition-season/index.html,competition,ComwTOq5A8Q,"scattered_id(total=107,home=versatility-ranch-horse@26%)",Ken McNabb: How to Buy the Right Horse — Can the Horse Carry My Weight
qa/competition/how-do-you-decide-when-a-horse-is-truly-ready-to-compete-and-not-just-ready-to-t/index.html,competition,f918N1t9mfk,"scattered_id(total=174,home=working-western-rail@13%)",Al Dunning: Speed Control and Horsemanship — Show Trainer vs. Ranch or Horsemanship Trainer
qa/competition/how-do-you-develop-a-consistent-pre-show-routine-that-keeps-both-horse-and-rider/index.html,competition,8i7HxJhM9Ds,"scattered_id(total=106,home=dressage@42%)","Jane Savoie: Dressage Made Simple — The Training Scale: Rhythm, Suppleness, Contact, Impulsion, Straightness, Collection"
qa/competition/how-do-you-develop-a-horse-that-is-calm-and-focused-in-a-busy-ranch-horse-show-e/index.html,competition,KJd9paeIu40,"scattered_id(total=130,home=obstacle-training@22%)",Ken McNabb: Gaining Emotional Control — Developing a Horse That Is Calm and Focused in a Busy Ranch Horse Show Environment
qa/competition/how-do-you-develop-a-pre-competition-warm-up-routine-for-your-horse/index.html,competition,8i7HxJhM9Ds,"scattered_id(total=106,home=dressage@42%)","Jane Savoie: Dressage Made Simple — The Training Scale: Rhythm, Suppleness, Contact, Impulsion, Straightness, Collection"
qa/competition/how-do-you-develop-the-ranch-riding-component-required-in-working-ranch-horse-co/index.html,competition,ComwTOq5A8Q,"scattered_id(total=107,home=versatility-ranch-horse@26%)",Ken McNabb: How to Buy the Right Horse — Can the Horse Carry My Weight
qa/competition/how-do-you-develop-the-reined-or-cow-horse-pattern-work-in-working-ranch-horse/index.html,competition,PAFejggfx6c,"scattered_id(total=48,home=reining@25%)",Andrea Fappani: Master Simple Cues — How to Find a Qualified Trainer for a Specific Discipline
qa/competition/how-do-you-handle-a-disappointing-competition-result-and-what-is-the-best-approa/index.html,competition,8i7HxJhM9Ds,"scattered_id(total=106,home=dressage@42%)","Jane Savoie: Dressage Made Simple — The Training Scale: Rhythm, Suppleness, Contact, Impulsion, Straightness, Collection"
qa/competition/how-do-you-handle-a-horse-that-performs-differently-at-shows-than-it-does-at-hom/index.html,competition,Idbhg34M6Nc,"scattered_id(total=35,home=training-principles@26%)",When to Use the Colt Starting Series vs Fundamentals — Q&A
qa/competition/how-do-you-help-a-horse-that-becomes-arena-sour-or-show-ring-sour/index.html,competition,Idbhg34M6Nc,"scattered_id(total=35,home=training-principles@26%)",When to Use the Colt Starting Series vs Fundamentals — Q&A
qa/competition/how-do-you-keep-a-horse-fresh-and-motivated-across-a-long-competition-season/index.html,competition,Idbhg34M6Nc,"scattered_id(total=35,home=training-principles@26%)",When to Use the Colt Starting Series vs Fundamentals — Q&A
qa/competition/how-do-you-maintain-a-working-ranch-horses-edge-and-physical-soundness-across-a/index.html,competition,ComwTOq5A8Q,"scattered_id(total=107,home=versatility-ranch-horse@26%)",Ken McNabb: How to Buy the Right Horse — Can the Horse Carry My Weight
qa/competition/how-do-you-manage-hauling-and-travel-to-keep-a-horse-in-good-condition-throughou/index.html,competition,vH9NsbtmDsg,"scattered_id(total=51,home=horse-care@31%)",Equine Veterinary — How to Manage Hauling and Travel to Keep a Horse in Good Condition Throughout a Competition Season
qa/competition/how-do-you-manage-show-nerves-so-they-dont-negatively-affect-your-horses-perform/index.html,competition,8i7HxJhM9Ds,"scattered_id(total=106,home=dressage@42%)","Jane Savoie: Dressage Made Simple — The Training Scale: Rhythm, Suppleness, Contact, Impulsion, Straightness, Collection"
qa/competition/how-do-you-pace-a-horses-competition-schedule-to-avoid-burnout/index.html,competition,Idbhg34M6Nc,"scattered_id(total=35,home=training-principles@26%)",When to Use the Colt Starting Series vs Fundamentals — Q&A
qa/competition/how-do-you-read-a-horse-show-schedule-and-class-list-to-plan-your-day-efficientl/index.html,competition,f918N1t9mfk,"scattered_id(total=174,home=working-western-rail@13%)",Al Dunning: Speed Control and Horsemanship — Show Trainer vs. Ranch or Horsemanship Trainer
qa/competition/how-do-you-read-a-judges-card-and-use-the-feedback-to-improve-your-next-competit/index.html,competition,Yt3GL0XrMBo,"scattered_id(total=125,home=driving@36%)",USEF Network — How to Read a Judge's Card and Use the Feedback to Improve Your Next Competition
qa/competition/how-do-you-set-realistic-short-term-and-long-term-competition-goals-for-yourself/index.html,competition,8i7HxJhM9Ds,"scattered_id(total=106,home=dressage@42%)","Jane Savoie: Dressage Made Simple — The Training Scale: Rhythm, Suppleness, Contact, Impulsion, Straightness, Collection"
qa/competition/how-do-you-use-a-jackpot-or-schooling-show-to-prepare-for-larger-competitions/index.html,competition,f918N1t9mfk,"scattered_id(total=174,home=working-western-rail@13%)",Al Dunning: Speed Control and Horsemanship — Show Trainer vs. Ranch or Horsemanship Trainer
qa/competition/how-does-the-working-ranch-horses-overall-way-of-going-differ-from-a-traditional/index.html,competition,ComwTOq5A8Q,"scattered_id(total=107,home=versatility-ranch-horse@26%)",Ken McNabb: How to Buy the Right Horse — Can the Horse Carry My Weight
qa/competition/how-important-is-roping-in-working-ranch-horse-and-how-do-you-prepare-a-horse-fo/index.html,competition,ComwTOq5A8Q,"scattered_id(total=107,home=versatility-ranch-horse@26%)",Ken McNabb: How to Buy the Right Horse — Can the Horse Carry My Weight
qa/competition/what-are-the-most-common-errors-riders-make-in-a-show-pen-that-they-do-not-make/index.html,competition,f918N1t9mfk,"scattered_id(total=174,home=working-western-rail@13%)",Al Dunning: Speed Control and Horsemanship — Show Trainer vs. Ranch or Horsemanship Trainer
qa/competition/what-is-the-difference-between-open-amateur-and-novice-classes-at-horse-shows/index.html,competition,Yt3GL0XrMBo,"scattered_id(total=125,home=driving@36%)",USEF Network — How to Read a Judge's Card and Use the Feedback to Improve Your Next Competition
qa/competition/what-is-the-difference-between-showing-for-a-score-and-showing-to-win-and-why-do/index.html,competition,f918N1t9mfk,"scattered_id(total=174,home=working-western-rail@13%)",Al Dunning: Speed Control and Horsemanship — Show Trainer vs. Ranch or Horsemanship Trainer
qa/competition/what-is-the-importance-of-knowing-the-rules-of-your-competition-thoroughly-befor/index.html,competition,f918N1t9mfk,"scattered_id(total=174,home=working-western-rail@13%)",Al Dunning: Speed Control and Horsemanship — Show Trainer vs. Ranch or Horsemanship Trainer
qa/competition/what-is-the-role-of-a-ground-person-or-trainer-at-a-horse-show-and-how-do-you-us/index.html,competition,f918N1t9mfk,"scattered_id(total=174,home=working-western-rail@13%)",Al Dunning: Speed Control and Horsemanship — Show Trainer vs. Ranch or Horsemanship Trainer
qa/competition/what-is-working-ranch-horse-competition-and-how-does-it-differ-from-versatility/index.html,competition,ComwTOq5A8Q,"scattered_id(total=107,home=versatility-ranch-horse@26%)",Ken McNabb: How to Buy the Right Horse — Can the Horse Carry My Weight
qa/competition/what-should-you-realistically-expect-from-your-first-full-competition-season/index.html,competition,f918N1t9mfk,"scattered_id(total=174,home=working-western-rail@13%)",Al Dunning: Speed Control and Horsemanship — Show Trainer vs. Ranch or Horsemanship Trainer
qa/competition/what-tack-and-equipment-checks-should-you-perform-before-entering-the-competitio/index.html,competition,f918N1t9mfk,"scattered_id(total=174,home=working-western-rail@13%)",Al Dunning: Speed Control and Horsemanship — Show Trainer vs. Ranch or Horsemanship Trainer
qa/competition/what-type-of-horse-and-temperament-is-best-suited-for-working-ranch-horse/index.html,competition,ComwTOq5A8Q,"scattered_id(total=107,home=versatility-ranch-horse@26%)",Ken McNabb: How to Buy the Right Horse — Can the Horse Carry My Weight
qa/counter-canter/how-does-counter-canter-help-prepare-a-horse-for-flying-changes/index.html,counter-canter,0tu1M4abZMU,"scattered_id(total=34,home=lead-changes@68%)",Larry Trocha: Flying Lead Changes — Do Flying Changes Require Collection Similar to Shoulder-In
qa/counter-canter/how-does-counter-canter-on-the-lunge-line-differ-from-counter-canter-under-saddl/index.html,counter-canter,07IltPi9yz8,"scattered_id(total=53,home=groundwork-longing@25%)",Clinton Anderson: Post 'N Circle — Counter-Canter on the Lunge Line vs. Under Saddle
qa/counter-canter/how-does-counter-canter-relate-to-the-shoulder-in-at-the-canter-and-why-do-train/index.html,counter-canter,WM5RLXyPibI,"scattered_id(total=32,home=lateral-work-suppling@38%)",Matt Mills: How to Teach Your Horse to Spin — How to Get a Horse to Turn on the Haunches
qa/counter-canter/how-does-warwick-schiller-approach-counter-canter-in-the-context-of-a-nervous-or/index.html,counter-canter,Hj5Ew8qkjMk,"scattered_id(total=77,home=natural-horsemanship@49%)",Warwick Schiller: Feel and Connection — How to Ride With a Bosal and How It Works
qa/counter-canter/is-counter-canter-used-in-western-competition-and-where-does-it-appear/index.html,counter-canter,f918N1t9mfk,"scattered_id(total=174,home=working-western-rail@13%)",Al Dunning: Speed Control and Horsemanship — Show Trainer vs. Ranch or Horsemanship Trainer
qa/desensitization-sacking-out/explain-the-process-of-teaching-a-horse-to-stand-on-a-high-stump-with-its-front/index.html,desensitization-sacking-out,KJd9paeIu40,"scattered_id(total=130,home=obstacle-training@22%)",Ken McNabb: Gaining Emotional Control — Developing a Horse That Is Calm and Focused in a Busy Ranch Horse Show Environment
qa/desensitization-sacking-out/how-do-i-build-confidence-in-a-fearful-or-anxious-horse/index.html,desensitization-sacking-out,KJd9paeIu40,"scattered_id(total=130,home=obstacle-training@22%)",Ken McNabb: Gaining Emotional Control — Developing a Horse That Is Calm and Focused in a Busy Ranch Horse Show Environment
qa/desensitization-sacking-out/how-do-i-desensitize-a-horse-properly/index.html,desensitization-sacking-out,KJd9paeIu40,"scattered_id(total=130,home=obstacle-training@22%)",Ken McNabb: Gaining Emotional Control — Developing a Horse That Is Calm and Focused in a Busy Ranch Horse Show Environment
qa/desensitization-sacking-out/how-do-i-desensitize-a-horse-to-water-bridges-and-unusual-footing/index.html,desensitization-sacking-out,KJd9paeIu40,"scattered_id(total=130,home=obstacle-training@22%)",Ken McNabb: Gaining Emotional Control — Developing a Horse That Is Calm and Focused in a Busy Ranch Horse Show Environment
qa/desensitization-sacking-out/how-do-i-desensitize-a-spooky-horse-to-frightening-objects-and-situations/index.html,desensitization-sacking-out,KJd9paeIu40,"scattered_id(total=130,home=obstacle-training@22%)",Ken McNabb: Gaining Emotional Control — Developing a Horse That Is Calm and Focused in a Busy Ranch Horse Show Environment
qa/desensitization-sacking-out/how-do-i-get-my-horse-comfortable-around-traffic-and-road-noise/index.html,desensitization-sacking-out,KJd9paeIu40,"scattered_id(total=130,home=obstacle-training@22%)",Ken McNabb: Gaining Emotional Control — Developing a Horse That Is Calm and Focused in a Busy Ranch Horse Show Environment
qa/desensitization-sacking-out/how-do-i-get-my-horse-comfortable-with-flags-tarps-and-plastic-bags/index.html,desensitization-sacking-out,NREoSIPWQ0E,"scattered_id(total=139,home=natural-horsemanship@16%)",Clinton Anderson: The Method — What He Says About Gadgets and Training Aids That Attach to the Bit
qa/desensitization-sacking-out/how-do-i-handle-a-horse-that-spooks-on-the-trail-and-get-it-more-confident/index.html,desensitization-sacking-out,KJd9paeIu40,"scattered_id(total=130,home=obstacle-training@22%)",Ken McNabb: Gaining Emotional Control — Developing a Horse That Is Calm and Focused in a Busy Ranch Horse Show Environment
qa/desensitization-sacking-out/how-do-i-train-a-spooky-horse/index.html,desensitization-sacking-out,KJd9paeIu40,"scattered_id(total=130,home=obstacle-training@22%)",Ken McNabb: Gaining Emotional Control — Developing a Horse That Is Calm and Focused in a Busy Ranch Horse Show Environment
qa/desensitization-sacking-out/how-do-you-desensitize-a-horse-to-a-rain-slicker-or-jacket-that-the-rider-puts-o/index.html,desensitization-sacking-out,KJd9paeIu40,"scattered_id(total=130,home=obstacle-training@22%)",Ken McNabb: Gaining Emotional Control — Developing a Horse That Is Calm and Focused in a Busy Ranch Horse Show Environment
qa/desensitization-sacking-out/how-do-you-desensitize-a-horse-to-being-sprayed-with-a-hose-or-fly-spray/index.html,desensitization-sacking-out,KJd9paeIu40,"scattered_id(total=130,home=obstacle-training@22%)",Ken McNabb: Gaining Emotional Control — Developing a Horse That Is Calm and Focused in a Busy Ranch Horse Show Environment
qa/desensitization-sacking-out/how-do-you-desensitize-a-horse-to-bicycles-vehicles-and-moving-objects-on-the-tr/index.html,desensitization-sacking-out,KJd9paeIu40,"scattered_id(total=130,home=obstacle-training@22%)",Ken McNabb: Gaining Emotional Control — Developing a Horse That Is Calm and Focused in a Busy Ranch Horse Show Environment
qa/desensitization-sacking-out/how-do-you-desensitize-a-horse-to-bridges-elevated-surfaces-and-unusual-footing/index.html,desensitization-sacking-out,KJd9paeIu40,"scattered_id(total=130,home=obstacle-training@22%)",Ken McNabb: Gaining Emotional Control — Developing a Horse That Is Calm and Focused in a Busy Ranch Horse Show Environment
qa/desensitization-sacking-out/how-do-you-desensitize-a-horse-to-crowds-noise-and-the-show-environment/index.html,desensitization-sacking-out,KJd9paeIu40,"scattered_id(total=130,home=obstacle-training@22%)",Ken McNabb: Gaining Emotional Control — Developing a Horse That Is Calm and Focused in a Busy Ranch Horse Show Environment
qa/desensitization-sacking-out/how-do-you-desensitize-a-horse-to-flags-and-plastic-bags-two-of-the-most-common/index.html,desensitization-sacking-out,NREoSIPWQ0E,"scattered_id(total=139,home=natural-horsemanship@16%)",Clinton Anderson: The Method — What He Says About Gadgets and Training Aids That Attach to the Bit
qa/desensitization-sacking-out/how-do-you-desensitize-a-horse-to-tarps-tarps-in-trees-and-tarps-blowing-in-wind/index.html,desensitization-sacking-out,NREoSIPWQ0E,"scattered_id(total=139,home=natural-horsemanship@16%)",Clinton Anderson: The Method — What He Says About Gadgets and Training Aids That Attach to the Bit
qa/desensitization-sacking-out/how-do-you-know-when-desensitization-training-is-complete-and-the-horse-is-genui/index.html,desensitization-sacking-out,DaA3wVpFoSM,"scattered_id(total=73,home=natural-horsemanship@19%)",Warwick Schiller: How to Choose a Horse Trainer
qa/desensitization-sacking-out/how-do-you-maintain-desensitization-over-time-and-prevent-horses-from-reverting/index.html,desensitization-sacking-out,DaA3wVpFoSM,"scattered_id(total=73,home=natural-horsemanship@19%)",Warwick Schiller: How to Choose a Horse Trainer
qa/desensitization-sacking-out/how-do-you-prepare-a-horse-for-gunfire-and-shooting-sports-like-mounted-shooting/index.html,desensitization-sacking-out,KJd9paeIu40,"scattered_id(total=130,home=obstacle-training@22%)",Ken McNabb: Gaining Emotional Control — Developing a Horse That Is Calm and Focused in a Busy Ranch Horse Show Environment
qa/desensitization-sacking-out/how-do-you-sack-out-a-young-horse-and-why-is-it-important/index.html,desensitization-sacking-out,oWU8YgIrNiY,"scattered_id(total=117,home=mounting-dismounting@18%)",Clinton Anderson: Overview of Starting a Colt — What Clinton Anderson Teaches About Bit Fit
qa/desensitization-sacking-out/how-does-clinton-anderson-desensitize-a-horse-to-a-tarp-and-why-is-the-tarp-a-us/index.html,desensitization-sacking-out,NREoSIPWQ0E,"scattered_id(total=139,home=natural-horsemanship@16%)",Clinton Anderson: The Method — What He Says About Gadgets and Training Aids That Attach to the Bit
qa/desensitization-sacking-out/how-does-clinton-andersons-desensitize-and-sensitize-framework-work-and-why-are/index.html,desensitization-sacking-out,NREoSIPWQ0E,"scattered_id(total=139,home=natural-horsemanship@16%)",Clinton Anderson: The Method — What He Says About Gadgets and Training Aids That Attach to the Bit
qa/desensitization-sacking-out/my-horse-does-not-like-his-back-feet-messed-with-how-can-i-desensitize-him-so-we/index.html,desensitization-sacking-out,aASS-342kdo,"scattered_id(total=117,home=horsemanship@18%)",Ken McNabb: Ground Work — Preparing Your Horse to Ride
qa/desensitization-sacking-out/my-horse-seems-scared-of-everything-where-do-i-start/index.html,desensitization-sacking-out,KJd9paeIu40,"scattered_id(total=130,home=obstacle-training@22%)",Ken McNabb: Gaining Emotional Control — Developing a Horse That Is Calm and Focused in a Busy Ranch Horse Show Environment
qa/desensitization-sacking-out/what-does-warwick-schiller-say-about-the-difference-between-a-horse-that-is-calm/index.html,desensitization-sacking-out,BqiDJqLgvlA,"scattered_id(total=36,home=wild-horse-training@31%)",Warwick Schiller: Emotional Fitness — The Difference Between a Horse That Is Calm and One That Is Shut Down
qa/desensitization-sacking-out/what-does-warwick-schiller-say-about-the-role-of-self-confidence-in-desensitizat/index.html,desensitization-sacking-out,Hj5Ew8qkjMk,"scattered_id(total=77,home=natural-horsemanship@49%)",Warwick Schiller: Feel and Connection — How to Ride With a Bosal and How It Works
qa/desensitization-sacking-out/what-does-warwick-schiller-teach-about-desensitizing-a-horse-that-was-traumatize/index.html,desensitization-sacking-out,BqiDJqLgvlA,"scattered_id(total=36,home=wild-horse-training@31%)",Warwick Schiller: Emotional Fitness — The Difference Between a Horse That Is Calm and One That Is Shut Down
qa/desensitization-sacking-out/what-is-andersons-flag-exercise-and-how-does-it-develop-a-horses-tolerance-for-m/index.html,desensitization-sacking-out,NREoSIPWQ0E,"scattered_id(total=139,home=natural-horsemanship@16%)",Clinton Anderson: The Method — What He Says About Gadgets and Training Aids That Attach to the Bit
qa/desensitization-sacking-out/what-is-clinton-andersons-approach-to-desensitizing-a-horse-to-ropes-and-a-laria/index.html,desensitization-sacking-out,oWU8YgIrNiY,"scattered_id(total=117,home=mounting-dismounting@18%)",Clinton Anderson: Overview of Starting a Colt — What Clinton Anderson Teaches About Bit Fit
qa/desensitization-sacking-out/what-is-desensitization-and-how-does-it-differ-from-sacking-out/index.html,desensitization-sacking-out,KJd9paeIu40,"scattered_id(total=130,home=obstacle-training@22%)",Ken McNabb: Gaining Emotional Control — Developing a Horse That Is Calm and Focused in a Busy Ranch Horse Show Environment
qa/desensitization-sacking-out/what-is-desensitization-and-why-is-it-important-in-ground-training/index.html,desensitization-sacking-out,KJd9paeIu40,"scattered_id(total=130,home=obstacle-training@22%)",Ken McNabb: Gaining Emotional Control — Developing a Horse That Is Calm and Focused in a Busy Ranch Horse Show Environment
qa/desensitization-sacking-out/what-is-the-correct-process-for-sacking-out-a-horse/index.html,desensitization-sacking-out,KJd9paeIu40,"scattered_id(total=130,home=obstacle-training@22%)",Ken McNabb: Gaining Emotional Control — Developing a Horse That Is Calm and Focused in a Busy Ranch Horse Show Environment
qa/desensitization-sacking-out/what-is-the-difference-between-habituation-and-flooding-in-desensitization-and-w/index.html,desensitization-sacking-out,DaA3wVpFoSM,"scattered_id(total=73,home=natural-horsemanship@19%)",Warwick Schiller: How to Choose a Horse Trainer
qa/dressage-lessons/can-adults-with-no-riding-experience-start-dressage-lessons/index.html,dressage-lessons,8i7HxJhM9Ds,"scattered_id(total=106,home=dressage@42%)","Jane Savoie: Dressage Made Simple — The Training Scale: Rhythm, Suppleness, Contact, Impulsion, Straightness, Collection"
qa/dressage-lessons/can-i-take-dressage-lessons-without-owning-a-horse/index.html,dressage-lessons,8i7HxJhM9Ds,"scattered_id(total=106,home=dressage@42%)","Jane Savoie: Dressage Made Simple — The Training Scale: Rhythm, Suppleness, Contact, Impulsion, Straightness, Collection"
qa/dressage-lessons/how-do-i-communicate-better-with-my-dressage-trainer/index.html,dressage-lessons,8i7HxJhM9Ds,"scattered_id(total=106,home=dressage@42%)","Jane Savoie: Dressage Made Simple — The Training Scale: Rhythm, Suppleness, Contact, Impulsion, Straightness, Collection"
qa/dressage-lessons/how-do-i-find-a-dressage-trainer-who-works-with-beginners/index.html,dressage-lessons,8i7HxJhM9Ds,"scattered_id(total=106,home=dressage@42%)","Jane Savoie: Dressage Made Simple — The Training Scale: Rhythm, Suppleness, Contact, Impulsion, Straightness, Collection"
qa/dressage-lessons/how-do-i-find-a-good-dressage-trainer-near-me/index.html,dressage-lessons,8i7HxJhM9Ds,"scattered_id(total=106,home=dressage@42%)","Jane Savoie: Dressage Made Simple — The Training Scale: Rhythm, Suppleness, Contact, Impulsion, Straightness, Collection"
qa/dressage-lessons/how-do-i-find-online-dressage-lessons-and-are-they-effective/index.html,dressage-lessons,8i7HxJhM9Ds,"scattered_id(total=106,home=dressage@42%)","Jane Savoie: Dressage Made Simple — The Training Scale: Rhythm, Suppleness, Contact, Impulsion, Straightness, Collection"
qa/dressage-lessons/how-do-i-get-the-most-out-of-my-dressage-lessons/index.html,dressage-lessons,8i7HxJhM9Ds,"scattered_id(total=106,home=dressage@42%)","Jane Savoie: Dressage Made Simple — The Training Scale: Rhythm, Suppleness, Contact, Impulsion, Straightness, Collection"
qa/dressage-lessons/how-do-i-give-my-trainer-feedback-about-my-lessons/index.html,dressage-lessons,8i7HxJhM9Ds,"scattered_id(total=106,home=dressage@42%)","Jane Savoie: Dressage Made Simple — The Training Scale: Rhythm, Suppleness, Contact, Impulsion, Straightness, Collection"
qa/dressage-lessons/how-do-i-know-if-a-dressage-trainer-is-qualified/index.html,dressage-lessons,Yt3GL0XrMBo,"scattered_id(total=125,home=driving@36%)",USEF Network — How to Read a Judge's Card and Use the Feedback to Improve Your Next Competition
qa/dressage-lessons/how-do-i-know-when-it-is-time-to-change-dressage-trainers/index.html,dressage-lessons,8i7HxJhM9Ds,"scattered_id(total=106,home=dressage@42%)","Jane Savoie: Dressage Made Simple — The Training Scale: Rhythm, Suppleness, Contact, Impulsion, Straightness, Collection"
qa/dressage-lessons/how-do-i-make-progress-faster-between-dressage-lessons/index.html,dressage-lessons,8i7HxJhM9Ds,"scattered_id(total=106,home=dressage@42%)","Jane Savoie: Dressage Made Simple — The Training Scale: Rhythm, Suppleness, Contact, Impulsion, Straightness, Collection"
qa/dressage-lessons/how-do-i-take-notes-after-a-dressage-lesson/index.html,dressage-lessons,8i7HxJhM9Ds,"scattered_id(total=106,home=dressage@42%)","Jane Savoie: Dressage Made Simple — The Training Scale: Rhythm, Suppleness, Contact, Impulsion, Straightness, Collection"
qa/dressage-lessons/how-do-trainers-structure-a-dressage-lesson-for-a-beginner/index.html,dressage-lessons,8i7HxJhM9Ds,"scattered_id(total=106,home=dressage@42%)","Jane Savoie: Dressage Made Simple — The Training Scale: Rhythm, Suppleness, Contact, Impulsion, Straightness, Collection"
qa/dressage-lessons/how-do-you-know-if-your-dressage-lessons-are-working/index.html,dressage-lessons,8i7HxJhM9Ds,"scattered_id(total=106,home=dressage@42%)","Jane Savoie: Dressage Made Simple — The Training Scale: Rhythm, Suppleness, Contact, Impulsion, Straightness, Collection"
qa/dressage-lessons/how-long-should-a-dressage-lesson-be/index.html,dressage-lessons,8i7HxJhM9Ds,"scattered_id(total=106,home=dressage@42%)","Jane Savoie: Dressage Made Simple — The Training Scale: Rhythm, Suppleness, Contact, Impulsion, Straightness, Collection"
qa/dressage-lessons/how-much-do-dressage-lessons-cost/index.html,dressage-lessons,8i7HxJhM9Ds,"scattered_id(total=106,home=dressage@42%)","Jane Savoie: Dressage Made Simple — The Training Scale: Rhythm, Suppleness, Contact, Impulsion, Straightness, Collection"
qa/dressage-lessons/how-often-should-i-take-dressage-lessons/index.html,dressage-lessons,8i7HxJhM9Ds,"scattered_id(total=106,home=dressage@42%)","Jane Savoie: Dressage Made Simple — The Training Scale: Rhythm, Suppleness, Contact, Impulsion, Straightness, Collection"
qa/dressage-lessons/is-it-okay-to-video-my-dressage-lessons/index.html,dressage-lessons,8i7HxJhM9Ds,"scattered_id(total=106,home=dressage@42%)","Jane Savoie: Dressage Made Simple — The Training Scale: Rhythm, Suppleness, Contact, Impulsion, Straightness, Collection"
qa/dressage-lessons/should-a-beginner-rider-take-lunge-lessons-before-riding-independently-in-dressa/index.html,dressage-lessons,8i7HxJhM9Ds,"scattered_id(total=106,home=dressage@42%)","Jane Savoie: Dressage Made Simple — The Training Scale: Rhythm, Suppleness, Contact, Impulsion, Straightness, Collection"
qa/dressage-lessons/should-i-lunge-my-horse-before-a-dressage-lesson/index.html,dressage-lessons,07IltPi9yz8,"scattered_id(total=53,home=groundwork-longing@25%)",Clinton Anderson: Post 'N Circle — Counter-Canter on the Lunge Line vs. Under Saddle
qa/dressage-lessons/should-i-trailer-to-lessons-or-have-a-trainer-come-to-me/index.html,dressage-lessons,8i7HxJhM9Ds,"scattered_id(total=106,home=dressage@42%)","Jane Savoie: Dressage Made Simple — The Training Scale: Rhythm, Suppleness, Contact, Impulsion, Straightness, Collection"
qa/dressage-lessons/what-certifications-should-a-dressage-instructor-have/index.html,dressage-lessons,Yt3GL0XrMBo,"scattered_id(total=125,home=driving@36%)",USEF Network — How to Read a Judge's Card and Use the Feedback to Improve Your Next Competition
qa/dressage-lessons/what-happens-in-a-first-dressage-lesson/index.html,dressage-lessons,8i7HxJhM9Ds,"scattered_id(total=106,home=dressage@42%)","Jane Savoie: Dressage Made Simple — The Training Scale: Rhythm, Suppleness, Contact, Impulsion, Straightness, Collection"
qa/dressage-lessons/what-if-i-disagree-with-my-dressage-trainer/index.html,dressage-lessons,8i7HxJhM9Ds,"scattered_id(total=106,home=dressage@42%)","Jane Savoie: Dressage Made Simple — The Training Scale: Rhythm, Suppleness, Contact, Impulsion, Straightness, Collection"
qa/dressage-lessons/what-if-i-only-have-a-western-horse-can-i-still-take-dressage-lessons/index.html,dressage-lessons,PAFejggfx6c,"scattered_id(total=48,home=reining@25%)",Andrea Fappani: Master Simple Cues — How to Find a Qualified Trainer for a Specific Discipline
qa/dressage-lessons/what-is-a-dressage-lesson-package-and-is-it-worth-it/index.html,dressage-lessons,8i7HxJhM9Ds,"scattered_id(total=106,home=dressage@42%)","Jane Savoie: Dressage Made Simple — The Training Scale: Rhythm, Suppleness, Contact, Impulsion, Straightness, Collection"
qa/dressage-lessons/what-is-a-lunge-lesson-in-dressage-and-who-needs-one/index.html,dressage-lessons,FBEWVWmOj78,"scattered_id(total=47,home=position-seat@36%)",Collection and the Horse's Back — The Basics
qa/dressage-lessons/what-is-a-school-horse-in-dressage-and-how-do-i-find-one/index.html,dressage-lessons,Yt3GL0XrMBo,"scattered_id(total=125,home=driving@36%)",USEF Network — How to Read a Judge's Card and Use the Feedback to Improve Your Next Competition
qa/dressage-lessons/what-is-a-usdf-certified-instructor/index.html,dressage-lessons,Yt3GL0XrMBo,"scattered_id(total=125,home=driving@36%)",USEF Network — How to Read a Judge's Card and Use the Feedback to Improve Your Next Competition
qa/dressage-lessons/what-is-the-difference-between-a-dressage-trainer-and-a-dressage-coach/index.html,dressage-lessons,8i7HxJhM9Ds,"scattered_id(total=106,home=dressage@42%)","Jane Savoie: Dressage Made Simple — The Training Scale: Rhythm, Suppleness, Contact, Impulsion, Straightness, Collection"
qa/dressage-lessons/what-is-the-difference-between-a-group-lesson-and-a-private-lesson-in-dressage/index.html,dressage-lessons,8i7HxJhM9Ds,"scattered_id(total=106,home=dressage@42%)","Jane Savoie: Dressage Made Simple — The Training Scale: Rhythm, Suppleness, Contact, Impulsion, Straightness, Collection"
qa/dressage-lessons/what-is-the-trainers-responsibility-versus-the-riders-responsibility-in-dressage/index.html,dressage-lessons,8i7HxJhM9Ds,"scattered_id(total=106,home=dressage@42%)","Jane Savoie: Dressage Made Simple — The Training Scale: Rhythm, Suppleness, Contact, Impulsion, Straightness, Collection"
qa/dressage-lessons/what-questions-should-i-ask-a-new-dressage-trainer/index.html,dressage-lessons,8i7HxJhM9Ds,"scattered_id(total=106,home=dressage@42%)","Jane Savoie: Dressage Made Simple — The Training Scale: Rhythm, Suppleness, Contact, Impulsion, Straightness, Collection"
qa/dressage-lessons/what-should-i-look-for-in-a-dressage-instructor/index.html,dressage-lessons,8i7HxJhM9Ds,"scattered_id(total=106,home=dressage@42%)","Jane Savoie: Dressage Made Simple — The Training Scale: Rhythm, Suppleness, Contact, Impulsion, Straightness, Collection"
qa/dressage-lessons/what-should-i-tell-my-trainer-about-my-goals/index.html,dressage-lessons,8i7HxJhM9Ds,"scattered_id(total=106,home=dressage@42%)","Jane Savoie: Dressage Made Simple — The Training Scale: Rhythm, Suppleness, Contact, Impulsion, Straightness, Collection"
qa/dressage-lessons/what-should-i-wear-to-a-dressage-lesson/index.html,dressage-lessons,Yt3GL0XrMBo,"scattered_id(total=125,home=driving@36%)",USEF Network — How to Read a Judge's Card and Use the Feedback to Improve Your Next Competition
qa/dressage-lessons/what-should-i-work-on-between-dressage-lessons/index.html,dressage-lessons,8i7HxJhM9Ds,"scattered_id(total=106,home=dressage@42%)","Jane Savoie: Dressage Made Simple — The Training Scale: Rhythm, Suppleness, Contact, Impulsion, Straightness, Collection"
qa/dressage-lessons/what-tack-do-i-need-for-a-dressage-lesson/index.html,dressage-lessons,Yt3GL0XrMBo,"scattered_id(total=125,home=driving@36%)",USEF Network — How to Read a Judge's Card and Use the Feedback to Improve Your Next Competition
qa/dressage/how-do-collective-marks-affect-the-final-dressage-score/index.html,dressage,Yt3GL0XrMBo,"scattered_id(total=125,home=driving@36%)",USEF Network — How to Read a Judge's Card and Use the Feedback to Improve Your Next Competition
qa/dressage/how-do-judges-score-piaffe-and-passage-in-dressage-competition/index.html,dressage,Yt3GL0XrMBo,"scattered_id(total=125,home=driving@36%)",USEF Network — How to Read a Judge's Card and Use the Feedback to Improve Your Next Competition
qa/dressage/how-do-you-develop-a-following-absorbing-lower-back-in-dressage/index.html,dressage,FBEWVWmOj78,"scattered_id(total=47,home=position-seat@36%)",Collection and the Horse's Back — The Basics
qa/dressage/how-do-you-develop-an-independent-seat-in-dressage/index.html,dressage,FBEWVWmOj78,"scattered_id(total=47,home=position-seat@36%)",Collection and the Horse's Back — The Basics
qa/dressage/how-do-you-develop-longitudinal-suppleness-through-the-horses-back/index.html,dressage,FBEWVWmOj78,"scattered_id(total=47,home=position-seat@36%)",Collection and the Horse's Back — The Basics
qa/dressage/how-do-you-read-a-dressage-score-sheet/index.html,dressage,Yt3GL0XrMBo,"scattered_id(total=125,home=driving@36%)",USEF Network — How to Read a Judge's Card and Use the Feedback to Improve Your Next Competition
qa/dressage/how-does-correct-position-make-the-aids-more-effective-in-dressage/index.html,dressage,FBEWVWmOj78,"scattered_id(total=47,home=position-seat@36%)",Collection and the Horse's Back — The Basics
qa/dressage/how-does-counter-canter-prepare-a-horse-for-flying-changes-in-dressage/index.html,dressage,1DhWU4y6wIs,"scattered_id(total=28,home=counter-canter@64%)",Clinton Anderson: Counter Cantering — What Is Counter-Canter and How to Ride It
qa/dressage/how-does-dressage-improve-a-western-performance-horse/index.html,dressage,PAFejggfx6c,"scattered_id(total=48,home=reining@25%)",Andrea Fappani: Master Simple Cues — How to Find a Qualified Trainer for a Specific Discipline
qa/dressage/how-does-dressage-improve-the-horses-long-term-soundness/index.html,dressage,FBEWVWmOj78,"scattered_id(total=47,home=position-seat@36%)",Collection and the Horse's Back — The Basics
qa/dressage/how-does-the-riders-seat-influence-the-horses-back/index.html,dressage,FBEWVWmOj78,"scattered_id(total=47,home=position-seat@36%)",Collection and the Horse's Back — The Basics
qa/dressage/how-is-a-dressage-competition-organized/index.html,dressage,Yt3GL0XrMBo,"scattered_id(total=125,home=driving@36%)",USEF Network — How to Read a Judge's Card and Use the Feedback to Improve Your Next Competition
qa/dressage/how-is-a-dressage-test-scored/index.html,dressage,Yt3GL0XrMBo,"scattered_id(total=125,home=driving@36%)",USEF Network — How to Read a Judge's Card and Use the Feedback to Improve Your Next Competition
qa/dressage/what-are-the-dressage-levels-in-the-united-states/index.html,dressage,Yt3GL0XrMBo,"scattered_id(total=125,home=driving@36%)",USEF Network — How to Read a Judge's Card and Use the Feedback to Improve Your Next Competition
qa/dressage/what-are-the-most-common-position-faults-in-dressage-riders/index.html,dressage,FBEWVWmOj78,"scattered_id(total=47,home=position-seat@36%)",Collection and the Horse's Back — The Basics
qa/dressage/what-do-dressage-judges-look-for-beyond-the-individual-movements/index.html,dressage,Yt3GL0XrMBo,"scattered_id(total=125,home=driving@36%)",USEF Network — How to Read a Judge's Card and Use the Feedback to Improve Your Next Competition
qa/dressage/what-does-a-dressage-judge-look-for/index.html,dressage,Yt3GL0XrMBo,"scattered_id(total=125,home=driving@36%)",USEF Network — How to Read a Judge's Card and Use the Feedback to Improve Your Next Competition
qa/dressage/what-does-a-judge-look-for-when-scoring-impulsion-in-dressage/index.html,dressage,Yt3GL0XrMBo,"scattered_id(total=125,home=driving@36%)",USEF Network — How to Read a Judge's Card and Use the Feedback to Improve Your Next Competition
qa/dressage/what-does-a-supple-horse-feel-like-compared-to-a-stiff-one/index.html,dressage,FBEWVWmOj78,"scattered_id(total=47,home=position-seat@36%)",Collection and the Horse's Back — The Basics
qa/dressage/what-does-correct-contact-feel-like-from-the-saddle-in-dressage/index.html,dressage,FBEWVWmOj78,"scattered_id(total=47,home=position-seat@36%)",Collection and the Horse's Back — The Basics
qa/dressage/what-does-it-mean-to-follow-the-movement-in-dressage/index.html,dressage,FBEWVWmOj78,"scattered_id(total=47,home=position-seat@36%)",Collection and the Horse's Back — The Basics
qa/dressage/what-does-loss-of-rhythm-in-a-movement-tell-the-judge-in-dressage/index.html,dressage,Yt3GL0XrMBo,"scattered_id(total=125,home=driving@36%)",USEF Network — How to Read a Judge's Card and Use the Feedback to Improve Your Next Competition
qa/dressage/what-does-natural-horsemanship-offer-as-solutions-to-common-dressage-problems/index.html,dressage,IInnbVEoSqg,"scattered_id(total=90,home=natural-horsemanship@26%)",Warwick Schiller: Pressure and Release — What Anderson and Parelli Say About Horses That Gape at the Bit
qa/dressage/what-equipment-do-you-need-to-start-dressage/index.html,dressage,Yt3GL0XrMBo,"scattered_id(total=125,home=driving@36%)",USEF Network — How to Read a Judge's Card and Use the Feedback to Improve Your Next Competition
qa/dressage/what-is-a-clean-flying-change-and-how-is-it-judged-in-dressage/index.html,dressage,Yt3GL0XrMBo,"scattered_id(total=125,home=driving@36%)",USEF Network — How to Read a Judge's Card and Use the Feedback to Improve Your Next Competition
qa/dressage/what-is-hyperflexion-and-what-does-the-fei-say-about-it-in-dressage/index.html,dressage,Yt3GL0XrMBo,"scattered_id(total=125,home=driving@36%)",USEF Network — How to Read a Judge's Card and Use the Feedback to Improve Your Next Competition
qa/dressage/what-is-introductory-level-dressage-and-who-is-it-for/index.html,dressage,Yt3GL0XrMBo,"scattered_id(total=125,home=driving@36%)",USEF Network — How to Read a Judge's Card and Use the Feedback to Improve Your Next Competition
qa/dressage/what-is-musical-freestyle-and-how-is-it-judged-in-dressage/index.html,dressage,Yt3GL0XrMBo,"scattered_id(total=125,home=driving@36%)",USEF Network — How to Read a Judge's Card and Use the Feedback to Improve Your Next Competition
qa/dressage/what-is-the-classical-dressage-seat/index.html,dressage,FBEWVWmOj78,"scattered_id(total=47,home=position-seat@36%)",Collection and the Horse's Back — The Basics
qa/dressage/what-is-the-connection-between-the-horses-back-and-the-contact-in-dressage/index.html,dressage,FBEWVWmOj78,"scattered_id(total=47,home=position-seat@36%)",Collection and the Horse's Back — The Basics
qa/dressage/what-is-the-correct-position-of-the-riders-hand-in-dressage/index.html,dressage,Yt3GL0XrMBo,"scattered_id(total=125,home=driving@36%)",USEF Network — How to Read a Judge's Card and Use the Feedback to Improve Your Next Competition
qa/dressage/what-is-the-correct-position-of-the-riders-leg-in-dressage/index.html,dressage,Yt3GL0XrMBo,"scattered_id(total=125,home=driving@36%)",USEF Network — How to Read a Judge's Card and Use the Feedback to Improve Your Next Competition
qa/dressage/what-is-the-difference-between-a-schooling-show-and-a-recognized-show-in-dressag/index.html,dressage,Yt3GL0XrMBo,"scattered_id(total=125,home=driving@36%)",USEF Network — How to Read a Judge's Card and Use the Feedback to Improve Your Next Competition
qa/dressage/what-is-the-difference-between-lateral-and-longitudinal-suppleness-in-dressage/index.html,dressage,FBEWVWmOj78,"scattered_id(total=47,home=position-seat@36%)",Collection and the Horse's Back — The Basics
qa/dressage/what-is-the-difference-between-working-collected-medium-and-extended-gaits-in-dr/index.html,dressage,Yt3GL0XrMBo,"scattered_id(total=125,home=driving@36%)",USEF Network — How to Read a Judge's Card and Use the Feedback to Improve Your Next Competition
qa/dressage/what-is-the-fei-and-what-role-does-it-play-in-dressage/index.html,dressage,Yt3GL0XrMBo,"scattered_id(total=125,home=driving@36%)",USEF Network — How to Read a Judge's Card and Use the Feedback to Improve Your Next Competition
qa/dressage/what-is-the-half-halt-in-dressage-and-how-does-the-seat-deliver-it/index.html,dressage,FBEWVWmOj78,"scattered_id(total=47,home=position-seat@36%)",Collection and the Horse's Back — The Basics
qa/dressage/what-is-the-relationship-between-dressage-and-the-horses-happiness/index.html,dressage,BqiDJqLgvlA,"scattered_id(total=36,home=wild-horse-training@31%)",Warwick Schiller: Emotional Fitness — The Difference Between a Horse That Is Calm and One That Is Shut Down
qa/dressage/what-is-the-role-of-the-riders-leg-in-developing-impulsion-in-dressage/index.html,dressage,FBEWVWmOj78,"scattered_id(total=47,home=position-seat@36%)",Collection and the Horse's Back — The Basics
qa/dressage/what-is-the-rollkur-controversy-in-dressage/index.html,dressage,Yt3GL0XrMBo,"scattered_id(total=125,home=driving@36%)",USEF Network — How to Read a Judge's Card and Use the Feedback to Improve Your Next Competition
qa/dressage/what-is-training-level-dressage-and-what-does-it-test/index.html,dressage,Yt3GL0XrMBo,"scattered_id(total=125,home=driving@36%)",USEF Network — How to Read a Judge's Card and Use the Feedback to Improve Your Next Competition
qa/dressage/what-physical-changes-happen-in-the-horse-as-collection-develops-in-dressage/index.html,dressage,FBEWVWmOj78,"scattered_id(total=47,home=position-seat@36%)",Collection and the Horse's Back — The Basics
qa/dressage/what-separates-a-60-test-from-a-70-test-in-dressage/index.html,dressage,Yt3GL0XrMBo,"scattered_id(total=125,home=driving@36%)",USEF Network — How to Read a Judge's Card and Use the Feedback to Improve Your Next Competition
qa/dressage/what-separates-a-70-test-from-an-80-test-in-dressage/index.html,dressage,Yt3GL0XrMBo,"scattered_id(total=125,home=driving@36%)",USEF Network — How to Read a Judge's Card and Use the Feedback to Improve Your Next Competition
qa/dressage/what-should-a-pre-purchase-exam-include-for-a-dressage-horse/index.html,dressage,vH9NsbtmDsg,"scattered_id(total=51,home=horse-care@31%)",Equine Veterinary — How to Manage Hauling and Travel to Keep a Horse in Good Condition Throughout a Competition Season
qa/dressage/what-was-the-blue-tongue-incident-and-why-did-it-matter-in-dressage/index.html,dressage,Yt3GL0XrMBo,"scattered_id(total=125,home=driving@36%)",USEF Network — How to Read a Judge's Card and Use the Feedback to Improve Your Next Competition
qa/dressage/who-are-the-most-vocal-critics-of-modern-sport-dressage/index.html,dressage,Yt3GL0XrMBo,"scattered_id(total=125,home=driving@36%)",USEF Network — How to Read a Judge's Card and Use the Feedback to Improve Your Next Competition
qa/driving/can-ground-driving-be-used-to-introduce-lateral-movements-to-a-horse/index.html,driving,jahmDTCy5nU,"scattered_id(total=48,home=horsemanship@29%)",Ken McNabb: Teaching Your Horse to Move Off Seat and Legs — Introducing Lateral Work to a Young Horse
qa/driving/explain-why-training-a-horse-to-drive-pays-dividends-later-in-the-training-cycle/index.html,driving,oWU8YgIrNiY,"scattered_id(total=117,home=mounting-dismounting@18%)",Clinton Anderson: Overview of Starting a Colt — What Clinton Anderson Teaches About Bit Fit
qa/driving/explain-why-using-a-surcingle-and-teaching-the-horse-to-drive-is-a-critical-step/index.html,driving,oWU8YgIrNiY,"scattered_id(total=117,home=mounting-dismounting@18%)",Clinton Anderson: Overview of Starting a Colt — What Clinton Anderson Teaches About Bit Fit
qa/driving/how-do-i-develop-consistent-pace-in-pleasure-driving-throughout-a-class/index.html,driving,8i7HxJhM9Ds,"scattered_id(total=106,home=dressage@42%)","Jane Savoie: Dressage Made Simple — The Training Scale: Rhythm, Suppleness, Contact, Impulsion, Straightness, Collection"
qa/driving/how-do-i-develop-the-correct-trot-for-pleasure-driving-competition/index.html,driving,8i7HxJhM9Ds,"scattered_id(total=106,home=dressage@42%)","Jane Savoie: Dressage Made Simple — The Training Scale: Rhythm, Suppleness, Contact, Impulsion, Straightness, Collection"
qa/driving/how-do-i-develop-the-correct-walk-for-pleasure-driving-competition/index.html,driving,8i7HxJhM9Ds,"scattered_id(total=106,home=dressage@42%)","Jane Savoie: Dressage Made Simple — The Training Scale: Rhythm, Suppleness, Contact, Impulsion, Straightness, Collection"
qa/driving/how-do-i-introduce-a-horse-to-harness-and-begin-ground-driving/index.html,driving,oWU8YgIrNiY,"scattered_id(total=117,home=mounting-dismounting@18%)",Clinton Anderson: Overview of Starting a Colt — What Clinton Anderson Teaches About Bit Fit
qa/driving/how-do-i-train-and-develop-correct-head-carriage-for-pleasure-driving/index.html,driving,8i7HxJhM9Ds,"scattered_id(total=106,home=dressage@42%)","Jane Savoie: Dressage Made Simple — The Training Scale: Rhythm, Suppleness, Contact, Impulsion, Straightness, Collection"
qa/driving/how-do-i-train-correct-transitions-for-pleasure-driving/index.html,driving,8i7HxJhM9Ds,"scattered_id(total=106,home=dressage@42%)","Jane Savoie: Dressage Made Simple — The Training Scale: Rhythm, Suppleness, Contact, Impulsion, Straightness, Collection"
qa/driving/how-do-i-train-my-horse-for-the-dressage-phase-of-combined-driving/index.html,driving,8i7HxJhM9Ds,"scattered_id(total=106,home=dressage@42%)","Jane Savoie: Dressage Made Simple — The Training Scale: Rhythm, Suppleness, Contact, Impulsion, Straightness, Collection"
qa/driving/how-do-you-introduce-a-horse-to-the-feel-of-long-lines-for-the-first-time/index.html,driving,oWU8YgIrNiY,"scattered_id(total=117,home=mounting-dismounting@18%)",Clinton Anderson: Overview of Starting a Colt — What Clinton Anderson Teaches About Bit Fit
qa/driving/how-do-you-teach-a-horse-to-drive-in-long-lines-step-by-step/index.html,driving,oWU8YgIrNiY,"scattered_id(total=117,home=mounting-dismounting@18%)",Clinton Anderson: Overview of Starting a Colt — What Clinton Anderson Teaches About Bit Fit
qa/driving/how-do-you-teach-a-horse-to-steer-and-turn-during-ground-driving/index.html,driving,jahmDTCy5nU,"scattered_id(total=48,home=horsemanship@29%)",Ken McNabb: Teaching Your Horse to Move Off Seat and Legs — Introducing Lateral Work to a Young Horse
qa/driving/how-do-you-train-a-horse-to-stand-quietly-at-the-halt-in-harness/index.html,driving,aASS-342kdo,"scattered_id(total=117,home=horsemanship@18%)",Ken McNabb: Ground Work — Preparing Your Horse to Ride
qa/driving/how-do-you-use-ground-driving-to-teach-a-horse-to-halt-and-back-up/index.html,driving,oWU8YgIrNiY,"scattered_id(total=117,home=mounting-dismounting@18%)",Clinton Anderson: Overview of Starting a Colt — What Clinton Anderson Teaches About Bit Fit
qa/driving/how-does-ground-driving-differ-from-longeing-and-when-should-each-be-used/index.html,driving,07IltPi9yz8,"scattered_id(total=53,home=groundwork-longing@25%)",Clinton Anderson: Post 'N Circle — Counter-Canter on the Lunge Line vs. Under Saddle
qa/driving/how-is-impulsion-judged-differently-in-carriage-driving-than-in-ridden-dressage/index.html,driving,8i7HxJhM9Ds,"scattered_id(total=106,home=dressage@42%)","Jane Savoie: Dressage Made Simple — The Training Scale: Rhythm, Suppleness, Contact, Impulsion, Straightness, Collection"
qa/driving/how-is-the-transition-from-longeing-to-ground-driving-best-done-starting-on-a-ci/index.html,driving,07IltPi9yz8,"scattered_id(total=53,home=groundwork-longing@25%)",Clinton Anderson: Post 'N Circle — Counter-Canter on the Lunge Line vs. Under Saddle
qa/driving/how-should-a-pleasure-driving-horse-carry-itself-at-the-trot/index.html,driving,8i7HxJhM9Ds,"scattered_id(total=106,home=dressage@42%)","Jane Savoie: Dressage Made Simple — The Training Scale: Rhythm, Suppleness, Contact, Impulsion, Straightness, Collection"
qa/driving/what-common-mistakes-do-handlers-make-when-ground-driving-and-how-can-they-be-co/index.html,driving,oWU8YgIrNiY,"scattered_id(total=117,home=mounting-dismounting@18%)",Clinton Anderson: Overview of Starting a Colt — What Clinton Anderson Teaches About Bit Fit
qa/driving/what-equipment-do-you-need-to-start-ground-driving-a-horse/index.html,driving,oWU8YgIrNiY,"scattered_id(total=117,home=mounting-dismounting@18%)",Clinton Anderson: Overview of Starting a Colt — What Clinton Anderson Teaches About Bit Fit
qa/driving/what-is-ground-driving-and-why-is-it-an-important-step-in-horse-training/index.html,driving,oWU8YgIrNiY,"scattered_id(total=117,home=mounting-dismounting@18%)",Clinton Anderson: Overview of Starting a Colt — What Clinton Anderson Teaches About Bit Fit
qa/driving/what-is-the-correct-handler-position-when-ground-driving-a-horse/index.html,driving,oWU8YgIrNiY,"scattered_id(total=117,home=mounting-dismounting@18%)",Clinton Anderson: Overview of Starting a Colt — What Clinton Anderson Teaches About Bit Fit
qa/english-competition/how-do-you-address-a-horse-that-rushes-or-becomes-tense-in-hunter-under-saddle-c/index.html,english-competition,Q2m5rJCHFKU,"scattered_id(total=35,home=hunter-jumper@60%)",Peter Doubleday: Hunter Under Saddle — Addressing a Horse That Rushes or Becomes Tense in Hunter Under Saddle
qa/english-competition/how-do-you-build-a-riders-confidence-for-equitation-competition/index.html,english-competition,T-t_fZZnX8A,"scattered_id(total=27,home=hunter-jumper@56%)",Bernie Traurig: Hunter Seat Equitation — Building a Rider's Confidence for Equitation Competition
qa/english-competition/how-do-you-develop-a-correct-balanced-canter-for-hunter-under-saddle/index.html,english-competition,Q2m5rJCHFKU,"scattered_id(total=35,home=hunter-jumper@60%)",Peter Doubleday: Hunter Under Saddle — Addressing a Horse That Rushes or Becomes Tense in Hunter Under Saddle
qa/english-competition/how-do-you-develop-a-correct-hunting-pace-for-working-hunter-competition/index.html,english-competition,Q2m5rJCHFKU,"scattered_id(total=35,home=hunter-jumper@60%)",Peter Doubleday: Hunter Under Saddle — Addressing a Horse That Rushes or Becomes Tense in Hunter Under Saddle
qa/english-competition/how-do-you-develop-a-riders-ability-to-recover-from-a-difficult-fence-in-equitat/index.html,english-competition,T-t_fZZnX8A,"scattered_id(total=27,home=hunter-jumper@56%)",Bernie Traurig: Hunter Seat Equitation — Building a Rider's Confidence for Equitation Competition
qa/english-competition/how-do-you-develop-and-maintain-the-extended-trot-required-in-hunter-under-saddl/index.html,english-competition,Q2m5rJCHFKU,"scattered_id(total=35,home=hunter-jumper@60%)",Peter Doubleday: Hunter Under Saddle — Addressing a Horse That Rushes or Becomes Tense in Hunter Under Saddle
qa/english-competition/how-do-you-develop-the-correct-trot-for-hunter-under-saddle-competition/index.html,english-competition,Q2m5rJCHFKU,"scattered_id(total=35,home=hunter-jumper@60%)",Peter Doubleday: Hunter Under Saddle — Addressing a Horse That Rushes or Becomes Tense in Hunter Under Saddle
qa/english-competition/how-do-you-manage-a-horses-fitness-for-working-hunter-competition/index.html,english-competition,Q2m5rJCHFKU,"scattered_id(total=35,home=hunter-jumper@60%)",Peter Doubleday: Hunter Under Saddle — Addressing a Horse That Rushes or Becomes Tense in Hunter Under Saddle
qa/english-competition/how-do-you-prepare-a-hunter-under-saddle-horse-for-the-show-environment/index.html,english-competition,Q2m5rJCHFKU,"scattered_id(total=35,home=hunter-jumper@60%)",Peter Doubleday: Hunter Under Saddle — Addressing a Horse That Rushes or Becomes Tense in Hunter Under Saddle
qa/english-competition/how-do-you-prepare-a-rider-for-the-individual-work-portion-of-a-hunter-seat-equi/index.html,english-competition,T-t_fZZnX8A,"scattered_id(total=27,home=hunter-jumper@56%)",Bernie Traurig: Hunter Seat Equitation — Building a Rider's Confidence for Equitation Competition
qa/english-competition/how-do-you-select-the-right-horse-for-hunter-under-saddle-competition/index.html,english-competition,Q2m5rJCHFKU,"scattered_id(total=35,home=hunter-jumper@60%)",Peter Doubleday: Hunter Under Saddle — Addressing a Horse That Rushes or Becomes Tense in Hunter Under Saddle
qa/english-competition/how-do-you-teach-a-rider-to-use-their-upper-body-correctly-over-fences-in-equita/index.html,english-competition,T-t_fZZnX8A,"scattered_id(total=27,home=hunter-jumper@56%)",Bernie Traurig: Hunter Seat Equitation — Building a Rider's Confidence for Equitation Competition
qa/english-competition/how-do-you-train-a-horse-to-settle-and-show-correctly-in-the-flat-phase-of-worki/index.html,english-competition,Q2m5rJCHFKU,"scattered_id(total=35,home=hunter-jumper@60%)",Peter Doubleday: Hunter Under Saddle — Addressing a Horse That Rushes or Becomes Tense in Hunter Under Saddle
qa/english-competition/how-do-you-use-a-chambon-and-what-is-it-for/index.html,english-competition,Yt3GL0XrMBo,"scattered_id(total=125,home=driving@36%)",USEF Network — How to Read a Judge's Card and Use the Feedback to Improve Your Next Competition
qa/english-competition/how-does-course-memorization-affect-performance-in-equitation-over-fences/index.html,english-competition,T-t_fZZnX8A,"scattered_id(total=27,home=hunter-jumper@56%)",Bernie Traurig: Hunter Seat Equitation — Building a Rider's Confidence for Equitation Competition
qa/english-competition/how-does-in-gate-and-warm-up-management-affect-equitation-over-fences-performanc/index.html,english-competition,T-t_fZZnX8A,"scattered_id(total=27,home=hunter-jumper@56%)",Bernie Traurig: Hunter Seat Equitation — Building a Rider's Confidence for Equitation Competition
qa/english-competition/how-does-posting-trot-position-affect-scores-in-hunter-seat-equitation/index.html,english-competition,T-t_fZZnX8A,"scattered_id(total=27,home=hunter-jumper@56%)",Bernie Traurig: Hunter Seat Equitation — Building a Rider's Confidence for Equitation Competition
qa/english-competition/how-does-sitting-trot-work-factor-into-hunter-seat-equitation-preparation/index.html,english-competition,T-t_fZZnX8A,"scattered_id(total=27,home=hunter-jumper@56%)",Bernie Traurig: Hunter Seat Equitation — Building a Rider's Confidence for Equitation Competition
qa/english-competition/how-important-are-manners-in-hunter-under-saddle-and-how-do-you-develop-them/index.html,english-competition,Q2m5rJCHFKU,"scattered_id(total=35,home=hunter-jumper@60%)",Peter Doubleday: Hunter Under Saddle — Addressing a Horse That Rushes or Becomes Tense in Hunter Under Saddle
qa/english-competition/my-horse-refuses-to-jump-into-water-and-more-courses-have-a-water-jump-what-can/index.html,english-competition,KJd9paeIu40,"scattered_id(total=130,home=obstacle-training@22%)",Ken McNabb: Gaining Emotional Control — Developing a Horse That Is Calm and Focused in a Busy Ranch Horse Show Environment
qa/english-competition/what-is-equitation-over-fences-and-how-is-it-judged/index.html,english-competition,T-t_fZZnX8A,"scattered_id(total=27,home=hunter-jumper@56%)",Bernie Traurig: Hunter Seat Equitation — Building a Rider's Confidence for Equitation Competition
qa/english-competition/what-is-hunter-seat-equitation-and-how-does-it-differ-from-hunter-under-saddle/index.html,english-competition,T-t_fZZnX8A,"scattered_id(total=27,home=hunter-jumper@56%)",Bernie Traurig: Hunter Seat Equitation — Building a Rider's Confidence for Equitation Competition
qa/english-competition/what-is-hunter-under-saddle-and-how-is-it-judged/index.html,english-competition,Q2m5rJCHFKU,"scattered_id(total=35,home=hunter-jumper@60%)",Peter Doubleday: Hunter Under Saddle — Addressing a Horse That Rushes or Becomes Tense in Hunter Under Saddle
qa/english-competition/what-is-working-hunter-and-how-is-it-judged/index.html,english-competition,Q2m5rJCHFKU,"scattered_id(total=35,home=hunter-jumper@60%)",Peter Doubleday: Hunter Under Saddle — Addressing a Horse That Rushes or Becomes Tense in Hunter Under Saddle
qa/english-competition/what-position-elements-are-most-important-in-equitation-over-fences/index.html,english-competition,T-t_fZZnX8A,"scattered_id(total=27,home=hunter-jumper@56%)",Bernie Traurig: Hunter Seat Equitation — Building a Rider's Confidence for Equitation Competition
qa/english-competition/what-position-fundamentals-are-judged-in-hunter-seat-equitation/index.html,english-competition,T-t_fZZnX8A,"scattered_id(total=27,home=hunter-jumper@56%)",Bernie Traurig: Hunter Seat Equitation — Building a Rider's Confidence for Equitation Competition
qa/english-competition/what-qualities-make-a-horse-a-good-hunter-seat-equitation-mount/index.html,english-competition,Q2m5rJCHFKU,"scattered_id(total=35,home=hunter-jumper@60%)",Peter Doubleday: Hunter Under Saddle — Addressing a Horse That Rushes or Becomes Tense in Hunter Under Saddle
qa/english-competition/what-type-of-movement-does-a-judge-look-for-in-hunter-under-saddle/index.html,english-competition,Q2m5rJCHFKU,"scattered_id(total=35,home=hunter-jumper@60%)",Peter Doubleday: Hunter Under Saddle — Addressing a Horse That Rushes or Becomes Tense in Hunter Under Saddle
qa/equipment/describe-how-the-gag-bit-works-mechanically-and-what-it-is-used-for-in-training/index.html,equipment,Yt3GL0XrMBo,"scattered_id(total=125,home=driving@36%)",USEF Network — How to Read a Judge's Card and Use the Feedback to Improve Your Next Competition
qa/equipment/how-do-i-care-for-and-maintain-leather-tack-to-maximize-its-lifespan/index.html,equipment,aASS-342kdo,"scattered_id(total=117,home=horsemanship@18%)",Ken McNabb: Ground Work — Preparing Your Horse to Ride
qa/equipment/how-do-i-care-for-and-maintain-synthetic-tack/index.html,equipment,aASS-342kdo,"scattered_id(total=117,home=horsemanship@18%)",Ken McNabb: Ground Work — Preparing Your Horse to Ride
qa/equipment/how-do-i-choose-the-right-girth-or-cinch-and-how-should-it-fit/index.html,equipment,f918N1t9mfk,"scattered_id(total=174,home=working-western-rail@13%)",Al Dunning: Speed Control and Horsemanship — Show Trainer vs. Ranch or Horsemanship Trainer
qa/equipment/how-do-i-choose-the-right-saddle-for-both-my-horse-and-myself/index.html,equipment,f918N1t9mfk,"scattered_id(total=174,home=working-western-rail@13%)",Al Dunning: Speed Control and Horsemanship — Show Trainer vs. Ranch or Horsemanship Trainer
qa/equipment/how-do-i-choose-the-right-saddle-pad-and-why-does-it-matter/index.html,equipment,f918N1t9mfk,"scattered_id(total=174,home=working-western-rail@13%)",Al Dunning: Speed Control and Horsemanship — Show Trainer vs. Ranch or Horsemanship Trainer
qa/equipment/how-do-i-evaluate-and-maintain-a-horse-trailer-for-safe-transport/index.html,equipment,aASS-342kdo,"scattered_id(total=117,home=horsemanship@18%)",Ken McNabb: Ground Work — Preparing Your Horse to Ride
qa/equipment/how-do-i-know-when-it-is-time-to-replace-my-saddle-tree/index.html,equipment,f918N1t9mfk,"scattered_id(total=174,home=working-western-rail@13%)",Al Dunning: Speed Control and Horsemanship — Show Trainer vs. Ranch or Horsemanship Trainer
qa/equipment/how-do-i-select-and-fit-a-halter-and-lead-rope-for-everyday-horse-handling/index.html,equipment,aASS-342kdo,"scattered_id(total=117,home=horsemanship@18%)",Ken McNabb: Ground Work — Preparing Your Horse to Ride
qa/equipment/how-do-i-select-and-properly-use-a-lunge-line-and-surcingle/index.html,equipment,aASS-342kdo,"scattered_id(total=117,home=horsemanship@18%)",Ken McNabb: Ground Work — Preparing Your Horse to Ride
qa/equipment/how-do-i-select-spurs-and-use-them-correctly-without-causing-harm/index.html,equipment,PAFejggfx6c,"scattered_id(total=48,home=reining@25%)",Andrea Fappani: Master Simple Cues — How to Find a Qualified Trainer for a Specific Discipline
qa/equipment/how-do-you-check-if-a-saddle-tree-fits-your-horse-correctly/index.html,equipment,f918N1t9mfk,"scattered_id(total=174,home=working-western-rail@13%)",Al Dunning: Speed Control and Horsemanship — Show Trainer vs. Ranch or Horsemanship Trainer
qa/equipment/how-do-you-check-if-a-western-saddle-fits-the-rider-correctly/index.html,equipment,f918N1t9mfk,"scattered_id(total=174,home=working-western-rail@13%)",Al Dunning: Speed Control and Horsemanship — Show Trainer vs. Ranch or Horsemanship Trainer
qa/equipment/how-do-you-correctly-use-two-reins-on-a-pelham-bit-when-riding/index.html,equipment,Yt3GL0XrMBo,"scattered_id(total=125,home=driving@36%)",USEF Network — How to Read a Judge's Card and Use the Feedback to Improve Your Next Competition
qa/equipment/how-do-you-use-a-curb-bit-correctly-when-riding/index.html,equipment,PAFejggfx6c,"scattered_id(total=48,home=reining@25%)",Andrea Fappani: Master Simple Cues — How to Find a Qualified Trainer for a Specific Discipline
qa/equipment/how-do-you-use-a-martingale-and-what-is-it/index.html,equipment,Yt3GL0XrMBo,"scattered_id(total=125,home=driving@36%)",USEF Network — How to Read a Judge's Card and Use the Feedback to Improve Your Next Competition
qa/equipment/how-does-a-horses-changing-body-condition-affect-saddle-fit-over-time/index.html,equipment,f918N1t9mfk,"scattered_id(total=174,home=working-western-rail@13%)",Al Dunning: Speed Control and Horsemanship — Show Trainer vs. Ranch or Horsemanship Trainer
qa/equipment/how-does-a-straight-bar-mouthpiece-pelham-differ-from-a-ported-or-curved-mouthpi/index.html,equipment,Yt3GL0XrMBo,"scattered_id(total=125,home=driving@36%)",USEF Network — How to Read a Judge's Card and Use the Feedback to Improve Your Next Competition
qa/equipment/how-does-an-english-curb-bit-with-straight-shanks-work-and-how-is-it-used-in-tra/index.html,equipment,Yt3GL0XrMBo,"scattered_id(total=125,home=driving@36%)",USEF Network — How to Read a Judge's Card and Use the Feedback to Improve Your Next Competition
qa/equipment/how-does-saddle-pad-selection-affect-saddle-fit-and-what-should-you-look-for/index.html,equipment,f918N1t9mfk,"scattered_id(total=174,home=working-western-rail@13%)",Al Dunning: Speed Control and Horsemanship — Show Trainer vs. Ranch or Horsemanship Trainer
qa/equipment/how-does-the-western-curb-bit-with-curved-shanks-work-and-why-is-it-so-popular-i/index.html,equipment,PAFejggfx6c,"scattered_id(total=48,home=reining@25%)",Andrea Fappani: Master Simple Cues — How to Find a Qualified Trainer for a Specific Discipline
qa/equipment/what-are-draw-reins-and-side-reins-and-what-are-the-risks-of-using-them-incorrec/index.html,equipment,Yt3GL0XrMBo,"scattered_id(total=125,home=driving@36%)",USEF Network — How to Read a Judge's Card and Use the Feedback to Improve Your Next Competition
qa/equipment/what-are-martingales-when-are-they-used-and-how-do-they-work/index.html,equipment,Yt3GL0XrMBo,"scattered_id(total=125,home=driving@36%)",USEF Network — How to Read a Judge's Card and Use the Feedback to Improve Your Next Competition
qa/equipment/what-are-mecate-reins-and-how-are-they-used-in-traditional-horsemanship/index.html,equipment,f918N1t9mfk,"scattered_id(total=174,home=working-western-rail@13%)",Al Dunning: Speed Control and Horsemanship — Show Trainer vs. Ranch or Horsemanship Trainer
qa/equipment/what-are-the-advantages-of-using-a-breast-collar-on-your-horse/index.html,equipment,ComwTOq5A8Q,"scattered_id(total=107,home=versatility-ranch-horse@26%)",Ken McNabb: How to Buy the Right Horse — Can the Horse Carry My Weight
qa/equipment/what-are-the-advantages-of-using-a-surcingle-in-horse-training/index.html,equipment,aASS-342kdo,"scattered_id(total=117,home=horsemanship@18%)",Ken McNabb: Ground Work — Preparing Your Horse to Ride
qa/equipment/what-are-the-most-common-mistakes-riders-make-when-using-a-pelham-bit-and-how-ca/index.html,equipment,Yt3GL0XrMBo,"scattered_id(total=125,home=driving@36%)",USEF Network — How to Read a Judge's Card and Use the Feedback to Improve Your Next Competition
qa/equipment/what-are-the-parts-of-a-traditional-bosal-hackamore-and-what-does-each-one-do/index.html,equipment,f918N1t9mfk,"scattered_id(total=174,home=working-western-rail@13%)",Al Dunning: Speed Control and Horsemanship — Show Trainer vs. Ranch or Horsemanship Trainer
qa/equipment/what-are-the-signs-that-a-saddle-does-not-fit-your-horse-correctly/index.html,equipment,f918N1t9mfk,"scattered_id(total=174,home=working-western-rail@13%)",Al Dunning: Speed Control and Horsemanship — Show Trainer vs. Ranch or Horsemanship Trainer
qa/equipment/what-basic-tack-does-every-horse-owner-need/index.html,equipment,aASS-342kdo,"scattered_id(total=117,home=horsemanship@18%)",Ken McNabb: Ground Work — Preparing Your Horse to Ride
qa/equipment/what-grooming-tools-are-essential-for-horse-care-and-how-should-they-be-used/index.html,equipment,aASS-342kdo,"scattered_id(total=117,home=horsemanship@18%)",Ken McNabb: Ground Work — Preparing Your Horse to Ride
qa/equipment/what-is-a-cavesson-and-how-is-it-used-in-horse-training/index.html,equipment,Yt3GL0XrMBo,"scattered_id(total=125,home=driving@36%)",USEF Network — How to Read a Judge's Card and Use the Feedback to Improve Your Next Competition
qa/equipment/what-is-a-gag-snaffle-and-what-specific-training-problems-does-it-address/index.html,equipment,Yt3GL0XrMBo,"scattered_id(total=125,home=driving@36%)",USEF Network — How to Read a Judge's Card and Use the Feedback to Improve Your Next Competition
qa/equipment/what-is-a-half-breed-bit-and-how-does-it-work-in-horse-training/index.html,equipment,f918N1t9mfk,"scattered_id(total=174,home=working-western-rail@13%)",Al Dunning: Speed Control and Horsemanship — Show Trainer vs. Ranch or Horsemanship Trainer
qa/equipment/what-is-a-pelham-bit-and-how-does-it-work-as-a-training-tool/index.html,equipment,Yt3GL0XrMBo,"scattered_id(total=125,home=driving@36%)",USEF Network — How to Read a Judge's Card and Use the Feedback to Improve Your Next Competition
qa/equipment/what-is-a-side-pull-bitless-bridle-and-how-does-it-work-in-horse-training/index.html,equipment,GGvsSnEVpxA,"scattered_id(total=26,home=desensitization-sacking-out@12%)",Pat Parelli: Natural Horsemanship — What Happened to Pat Parelli
qa/equipment/what-is-a-spade-bit-and-how-is-it-used-in-horse-training/index.html,equipment,f918N1t9mfk,"scattered_id(total=174,home=working-western-rail@13%)",Al Dunning: Speed Control and Horsemanship — Show Trainer vs. Ranch or Horsemanship Trainer
qa/equipment/what-is-a-war-bridle-and-how-is-it-used-in-horse-training/index.html,equipment,aASS-342kdo,"scattered_id(total=117,home=horsemanship@18%)",Ken McNabb: Ground Work — Preparing Your Horse to Ride
qa/equipment/what-is-the-difference-between-a-short-shanked-and-long-shanked-pelham-and-when/index.html,equipment,Yt3GL0XrMBo,"scattered_id(total=125,home=driving@36%)",USEF Network — How to Read a Judge's Card and Use the Feedback to Improve Your Next Competition
qa/equipment/what-is-the-difference-between-a-show-shank-curb-and-a-long-shank-curb-and-how-d/index.html,equipment,PAFejggfx6c,"scattered_id(total=48,home=reining@25%)",Andrea Fappani: Master Simple Cues — How to Find a Qualified Trainer for a Specific Discipline
qa/equipment/what-is-the-purpose-of-a-double-bridle-and-how-is-it-used-correctly-in-training/index.html,equipment,Yt3GL0XrMBo,"scattered_id(total=125,home=driving@36%)",USEF Network — How to Read a Judge's Card and Use the Feedback to Improve Your Next Competition
qa/equipment/what-protective-boots-and-leg-wraps-are-available-for-horses-and-when-should-the/index.html,equipment,aASS-342kdo,"scattered_id(total=117,home=horsemanship@18%)",Ken McNabb: Ground Work — Preparing Your Horse to Ride
qa/equipment/what-should-i-know-about-horse-blankets-and-when-should-they-be-used/index.html,equipment,aASS-342kdo,"scattered_id(total=117,home=horsemanship@18%)",Ken McNabb: Ground Work — Preparing Your Horse to Ride
qa/equipment/what-should-i-look-for-when-buying-a-western-saddle/index.html,equipment,f918N1t9mfk,"scattered_id(total=174,home=working-western-rail@13%)",Al Dunning: Speed Control and Horsemanship — Show Trainer vs. Ranch or Horsemanship Trainer
qa/equipment/what-types-of-horses-and-disciplines-is-a-pelham-bit-best-suited-for/index.html,equipment,Yt3GL0XrMBo,"scattered_id(total=125,home=driving@36%)",USEF Network — How to Read a Judge's Card and Use the Feedback to Improve Your Next Competition
qa/equipment/what-types-of-rope-are-used-in-roping-events-and-what-makes-each-appropriate-for/index.html,equipment,ComwTOq5A8Q,"scattered_id(total=107,home=versatility-ranch-horse@26%)",Ken McNabb: How to Buy the Right Horse — Can the Horse Carry My Weight
qa/equipment/when-is-it-best-to-choose-a-mild-bit-for-your-horse/index.html,equipment,BANshLvc55g,"scattered_id(total=52,home=collection@15%)",Ken McNabb: How to Ride Your Horse With Light Hands — Identifying and Correcting a Horse That Leans on the Bit
qa/equipment/when-should-you-consult-a-professional-saddle-fitter-and-what-can-they-tell-you/index.html,equipment,f918N1t9mfk,"scattered_id(total=174,home=working-western-rail@13%)",Al Dunning: Speed Control and Horsemanship — Show Trainer vs. Ranch or Horsemanship Trainer
qa/equipment/why-are-hackamores-used-in-horse-training-and-what-advantages-do-they-offer/index.html,equipment,GGvsSnEVpxA,"scattered_id(total=26,home=desensitization-sacking-out@12%)",Pat Parelli: Natural Horsemanship — What Happened to Pat Parelli
qa/equipment/why-is-using-a-bitting-harness-in-ground-work-a-good-idea/index.html,equipment,aASS-342kdo,"scattered_id(total=117,home=horsemanship@18%)",Ken McNabb: Ground Work — Preparing Your Horse to Ride
qa/gaits/explain-the-rising-trot-and-how-to-do-it/index.html,gaits,8i7HxJhM9Ds,"scattered_id(total=106,home=dressage@42%)","Jane Savoie: Dressage Made Simple — The Training Scale: Rhythm, Suppleness, Contact, Impulsion, Straightness, Collection"
qa/gaits/explain-the-sitting-trot-and-how-to-do-it/index.html,gaits,FBEWVWmOj78,"scattered_id(total=47,home=position-seat@36%)",Collection and the Horse's Back — The Basics
qa/gaits/how-can-a-rider-tell-what-lead-their-horse-is-on-at-the-canter/index.html,gaits,f918N1t9mfk,"scattered_id(total=174,home=working-western-rail@13%)",Al Dunning: Speed Control and Horsemanship — Show Trainer vs. Ranch or Horsemanship Trainer
qa/gaits/how-can-i-go-from-a-stop-right-to-a-lope/index.html,gaits,f918N1t9mfk,"scattered_id(total=174,home=working-western-rail@13%)",Al Dunning: Speed Control and Horsemanship — Show Trainer vs. Ranch or Horsemanship Trainer
qa/gaits/how-do-i-develop-a-smooth-consistent-jog-in-a-western-horse/index.html,gaits,f918N1t9mfk,"scattered_id(total=174,home=working-western-rail@13%)",Al Dunning: Speed Control and Horsemanship — Show Trainer vs. Ranch or Horsemanship Trainer
qa/gaits/how-do-i-develop-a-true-extended-trot-in-my-horse/index.html,gaits,3Qe-KFT6RRk,"scattered_id(total=42,home=dressage@62%)","Steffen Peters: Collection and Engagement — The Purpose of the Training Order: Leg Yield, Shoulder-In, Haunches-In, Half-Pass"
qa/gaits/how-do-i-get-my-horse-to-lope/index.html,gaits,f918N1t9mfk,"scattered_id(total=174,home=working-western-rail@13%)",Al Dunning: Speed Control and Horsemanship — Show Trainer vs. Ranch or Horsemanship Trainer
qa/gaits/how-do-i-lengthen-at-a-trot-and-canter/index.html,gaits,3Qe-KFT6RRk,"scattered_id(total=42,home=dressage@62%)","Steffen Peters: Collection and Engagement — The Purpose of the Training Order: Leg Yield, Shoulder-In, Haunches-In, Half-Pass"
qa/gaits/how-do-i-teach-canter-leads/index.html,gaits,f918N1t9mfk,"scattered_id(total=174,home=working-western-rail@13%)",Al Dunning: Speed Control and Horsemanship — Show Trainer vs. Ranch or Horsemanship Trainer
qa/gaits/how-do-i-train-a-horse-to-pick-up-the-correct-lead-every-time/index.html,gaits,f918N1t9mfk,"scattered_id(total=174,home=working-western-rail@13%)",Al Dunning: Speed Control and Horsemanship — Show Trainer vs. Ranch or Horsemanship Trainer
qa/gaits/how-do-i-transition-between-trot-and-lope/index.html,gaits,f918N1t9mfk,"scattered_id(total=174,home=working-western-rail@13%)",Al Dunning: Speed Control and Horsemanship — Show Trainer vs. Ranch or Horsemanship Trainer
qa/gaits/how-do-the-inside-rein-and-outside-leg-work-together-to-produce-a-clean-lead-dep/index.html,gaits,8i7HxJhM9Ds,"scattered_id(total=106,home=dressage@42%)","Jane Savoie: Dressage Made Simple — The Training Scale: Rhythm, Suppleness, Contact, Impulsion, Straightness, Collection"
qa/gaits/how-do-you-improve-a-rough-trot/index.html,gaits,FBEWVWmOj78,"scattered_id(total=47,home=position-seat@36%)",Collection and the Horse's Back — The Basics
qa/gaits/how-do-you-make-a-smooth-canter-depart/index.html,gaits,f918N1t9mfk,"scattered_id(total=174,home=working-western-rail@13%)",Al Dunning: Speed Control and Horsemanship — Show Trainer vs. Ranch or Horsemanship Trainer
qa/gaits/how-do-you-pick-up-the-canter-from-the-walk/index.html,gaits,f918N1t9mfk,"scattered_id(total=174,home=working-western-rail@13%)",Al Dunning: Speed Control and Horsemanship — Show Trainer vs. Ranch or Horsemanship Trainer
qa/gaits/how-do-you-prevent-cross-cantering-in-a-horse/index.html,gaits,f918N1t9mfk,"scattered_id(total=174,home=working-western-rail@13%)",Al Dunning: Speed Control and Horsemanship — Show Trainer vs. Ranch or Horsemanship Trainer
qa/gaits/how-do-you-signal-a-horse-for-a-specific-canter-lead/index.html,gaits,jahmDTCy5nU,"scattered_id(total=48,home=horsemanship@29%)",Ken McNabb: Teaching Your Horse to Move Off Seat and Legs — Introducing Lateral Work to a Young Horse
qa/gaits/how-do-you-use-leg-pressure-when-changing-canter-leads/index.html,gaits,jahmDTCy5nU,"scattered_id(total=48,home=horsemanship@29%)",Ken McNabb: Teaching Your Horse to Move Off Seat and Legs — Introducing Lateral Work to a Young Horse
qa/gaits/how-does-a-horses-leading-leg-at-the-canter-and-gallop-affect-their-training/index.html,gaits,f918N1t9mfk,"scattered_id(total=174,home=working-western-rail@13%)",Al Dunning: Speed Control and Horsemanship — Show Trainer vs. Ranch or Horsemanship Trainer
qa/gaits/i-find-it-difficult-to-transition-from-trot-to-canter-what-can-i-do/index.html,gaits,8i7HxJhM9Ds,"scattered_id(total=106,home=dressage@42%)","Jane Savoie: Dressage Made Simple — The Training Scale: Rhythm, Suppleness, Contact, Impulsion, Straightness, Collection"
qa/gaits/im-having-trouble-getting-my-horse-to-transition-from-trot-to-canter/index.html,gaits,8i7HxJhM9Ds,"scattered_id(total=106,home=dressage@42%)","Jane Savoie: Dressage Made Simple — The Training Scale: Rhythm, Suppleness, Contact, Impulsion, Straightness, Collection"
qa/gaits/index.html,gaits,twhB7DnN02Q,"scattered_id(total=10,home=starting-young-horses@30%)",Training a Young Horse — Complete Unedited First Rides
qa/gaits/my-horse-falls-from-canter-into-a-trot-what-can-i-do/index.html,gaits,f918N1t9mfk,"scattered_id(total=174,home=working-western-rail@13%)",Al Dunning: Speed Control and Horsemanship — Show Trainer vs. Ranch or Horsemanship Trainer
qa/gaits/my-horse-keeps-falling-from-a-canter-into-a-trot/index.html,gaits,f918N1t9mfk,"scattered_id(total=174,home=working-western-rail@13%)",Al Dunning: Speed Control and Horsemanship — Show Trainer vs. Ranch or Horsemanship Trainer
qa/gaits/my-horse-walks-slow-what-can-we-do-to-speed-him-up/index.html,gaits,s1Jr8N1B6Xc,"scattered_id(total=18,home=training-principles@28%)",Clinton Anderson: Getting Forward Movement — How to Increase Impulsion and Forward Energy in a Horse
qa/gaits/my-horse-will-anticipate-walk-trot-transitions-what-can-i-do/index.html,gaits,Idbhg34M6Nc,"scattered_id(total=35,home=training-principles@26%)",When to Use the Colt Starting Series vs Fundamentals — Q&A
qa/gaits/my-young-horse-has-a-very-hard-trot-to-ride-what-can-i-do/index.html,gaits,FBEWVWmOj78,"scattered_id(total=47,home=position-seat@36%)",Collection and the Horse's Back — The Basics
qa/gaits/my-young-horse-wont-walk-he-jogs/index.html,gaits,Idbhg34M6Nc,"scattered_id(total=35,home=training-principles@26%)",When to Use the Colt Starting Series vs Fundamentals — Q&A
qa/gaits/what-are-common-mistakes-in-applying-the-inside-rein-and-outside-leg-for-lead-de/index.html,gaits,8i7HxJhM9Ds,"scattered_id(total=106,home=dressage@42%)","Jane Savoie: Dressage Made Simple — The Training Scale: Rhythm, Suppleness, Contact, Impulsion, Straightness, Collection"
qa/gaits/what-are-the-keys-to-a-good-canter-departure/index.html,gaits,f918N1t9mfk,"scattered_id(total=174,home=working-western-rail@13%)",Al Dunning: Speed Control and Horsemanship — Show Trainer vs. Ranch or Horsemanship Trainer
qa/gaits/what-are-the-keys-to-a-smooth-transition-between-lope-and-gallop/index.html,gaits,f918N1t9mfk,"scattered_id(total=174,home=working-western-rail@13%)",Al Dunning: Speed Control and Horsemanship — Show Trainer vs. Ranch or Horsemanship Trainer
qa/gaits/what-are-the-keys-to-a-walk-to-trot-transition/index.html,gaits,8i7HxJhM9Ds,"scattered_id(total=106,home=dressage@42%)","Jane Savoie: Dressage Made Simple — The Training Scale: Rhythm, Suppleness, Contact, Impulsion, Straightness, Collection"
qa/gaits/what-are-the-keys-to-riding-at-a-trot/index.html,gaits,8i7HxJhM9Ds,"scattered_id(total=106,home=dressage@42%)","Jane Savoie: Dressage Made Simple — The Training Scale: Rhythm, Suppleness, Contact, Impulsion, Straightness, Collection"
qa/gaits/what-are-the-tips-for-picking-up-the-canter-from-a-standstill/index.html,gaits,f918N1t9mfk,"scattered_id(total=174,home=working-western-rail@13%)",Al Dunning: Speed Control and Horsemanship — Show Trainer vs. Ranch or Horsemanship Trainer
qa/gaits/what-are-the-tips-for-picking-up-the-canter-from-a-walk/index.html,gaits,f918N1t9mfk,"scattered_id(total=174,home=working-western-rail@13%)",Al Dunning: Speed Control and Horsemanship — Show Trainer vs. Ranch or Horsemanship Trainer
qa/gaits/what-are-the-tips-on-training-a-horse-to-canter/index.html,gaits,f918N1t9mfk,"scattered_id(total=174,home=working-western-rail@13%)",Al Dunning: Speed Control and Horsemanship — Show Trainer vs. Ranch or Horsemanship Trainer
qa/gaits/what-is-a-typical-cue-for-asking-a-horse-to-trot/index.html,gaits,8i7HxJhM9Ds,"scattered_id(total=106,home=dressage@42%)","Jane Savoie: Dressage Made Simple — The Training Scale: Rhythm, Suppleness, Contact, Impulsion, Straightness, Collection"
qa/gaits/what-is-meant-by-diagonals-in-horse-training-and-riding/index.html,gaits,8i7HxJhM9Ds,"scattered_id(total=106,home=dressage@42%)","Jane Savoie: Dressage Made Simple — The Training Scale: Rhythm, Suppleness, Contact, Impulsion, Straightness, Collection"
qa/gaits/what-is-the-difference-between-a-jog-and-a-trot/index.html,gaits,f918N1t9mfk,"scattered_id(total=174,home=working-western-rail@13%)",Al Dunning: Speed Control and Horsemanship — Show Trainer vs. Ranch or Horsemanship Trainer
qa/gaits/what-is-the-role-of-the-inside-rein-when-asking-for-a-canter-lead-departure/index.html,gaits,8i7HxJhM9Ds,"scattered_id(total=106,home=dressage@42%)","Jane Savoie: Dressage Made Simple — The Training Scale: Rhythm, Suppleness, Contact, Impulsion, Straightness, Collection"
qa/gaits/what-is-the-role-of-the-outside-leg-in-asking-for-a-canter-lead-departure/index.html,gaits,8i7HxJhM9Ds,"scattered_id(total=106,home=dressage@42%)","Jane Savoie: Dressage Made Simple — The Training Scale: Rhythm, Suppleness, Contact, Impulsion, Straightness, Collection"
qa/gaits/when-transitioning-my-horse-puts-her-head-up-what-can-i-do/index.html,gaits,oMn35EhR_Zg,"scattered_id(total=55,home=horsemanship@24%)",Warwick Schiller: Benefits of Teaching a Horse to Back Up — What He Says About Horses Behind the Bit
qa/gaits/why-do-horses-pick-up-the-wrong-lead/index.html,gaits,f918N1t9mfk,"scattered_id(total=174,home=working-western-rail@13%)",Al Dunning: Speed Control and Horsemanship — Show Trainer vs. Ranch or Horsemanship Trainer
qa/gaits/why-does-my-horse-break-gait-and-how-do-i-train-him-to-hold-it/index.html,gaits,f918N1t9mfk,"scattered_id(total=174,home=working-western-rail@13%)",Al Dunning: Speed Control and Horsemanship — Show Trainer vs. Ranch or Horsemanship Trainer
qa/gaits/why-does-my-horse-pop-its-head-up-during-transitions/index.html,gaits,oMn35EhR_Zg,"scattered_id(total=55,home=horsemanship@24%)",Warwick Schiller: Benefits of Teaching a Horse to Back Up — What He Says About Horses Behind the Bit
qa/gaits/why-is-my-horse-forging/index.html,gaits,vH9NsbtmDsg,"scattered_id(total=51,home=horse-care@31%)",Equine Veterinary — How to Manage Hauling and Travel to Keep a Horse in Good Condition Throughout a Competition Season
qa/gaits/why-is-my-horse-over-reaching/index.html,gaits,vH9NsbtmDsg,"scattered_id(total=51,home=horse-care@31%)",Equine Veterinary — How to Manage Hauling and Travel to Keep a Horse in Good Condition Throughout a Competition Season
qa/ground-manners-handling/how-can-i-get-my-horse-over-being-head-shy/index.html,ground-manners-handling,KJd9paeIu40,"scattered_id(total=130,home=obstacle-training@22%)",Ken McNabb: Gaining Emotional Control — Developing a Horse That Is Calm and Focused in a Busy Ranch Horse Show Environment
qa/ground-manners-handling/how-can-i-teach-my-horse-to-lower-its-head-on-cue-for-haltering/index.html,ground-manners-handling,aASS-342kdo,"scattered_id(total=117,home=horsemanship@18%)",Ken McNabb: Ground Work — Preparing Your Horse to Ride
qa/ground-manners-handling/how-do-i-catch-a-horse-that-is-hard-to-catch-in-the-pasture/index.html,ground-manners-handling,nGBCQ5M7Hwc,"scattered_id(total=11,home=horsemanship@55%)",Warwick Schiller: Catching a Difficult Horse — How to Catch a Horse That Is Hard to Catch in the Pasture
qa/ground-manners-handling/how-do-i-teach-a-horse-to-ground-tie/index.html,ground-manners-handling,aASS-342kdo,"scattered_id(total=117,home=horsemanship@18%)",Ken McNabb: Ground Work — Preparing Your Horse to Ride
qa/ground-manners-handling/how-do-i-teach-a-horse-to-stand-quietly-for-the-farrier/index.html,ground-manners-handling,KJd9paeIu40,"scattered_id(total=130,home=obstacle-training@22%)",Ken McNabb: Gaining Emotional Control — Developing a Horse That Is Calm and Focused in a Busy Ranch Horse Show Environment
qa/ground-manners-handling/how-do-i-teach-ground-manners/index.html,ground-manners-handling,aASS-342kdo,"scattered_id(total=117,home=horsemanship@18%)",Ken McNabb: Ground Work — Preparing Your Horse to Ride
qa/ground-manners-handling/how-do-i-teach-my-horse-to-stand-tied-without-pulling-back-or-pawing/index.html,ground-manners-handling,aASS-342kdo,"scattered_id(total=117,home=horsemanship@18%)",Ken McNabb: Ground Work — Preparing Your Horse to Ride
qa/ground-manners-handling/how-do-you-catch-a-horse-in-its-stall-safely-and-correctly/index.html,ground-manners-handling,aASS-342kdo,"scattered_id(total=117,home=horsemanship@18%)",Ken McNabb: Ground Work — Preparing Your Horse to Ride
qa/ground-manners-handling/how-do-you-catch-a-horse-that-is-turned-out-with-a-group-of-other-horses/index.html,ground-manners-handling,nGBCQ5M7Hwc,"scattered_id(total=11,home=horsemanship@55%)",Warwick Schiller: Catching a Difficult Horse — How to Catch a Horse That Is Hard to Catch in the Pasture
qa/ground-manners-handling/how-do-you-develop-a-softer-and-more-responsive-backup-from-the-halter-over-time/index.html,ground-manners-handling,oMn35EhR_Zg,"scattered_id(total=55,home=horsemanship@24%)",Warwick Schiller: Benefits of Teaching a Horse to Back Up — What He Says About Horses Behind the Bit
qa/ground-manners-handling/how-do-you-establish-and-maintain-safe-handling-habits-around-horses-heads-and-f/index.html,ground-manners-handling,KJd9paeIu40,"scattered_id(total=130,home=obstacle-training@22%)",Ken McNabb: Gaining Emotional Control — Developing a Horse That Is Calm and Focused in a Busy Ranch Horse Show Environment
qa/ground-manners-handling/how-do-you-move-a-horse-through-a-gate-safely-and-what-are-the-common-mistakes-h/index.html,ground-manners-handling,aASS-342kdo,"scattered_id(total=117,home=horsemanship@18%)",Ken McNabb: Ground Work — Preparing Your Horse to Ride
qa/ground-manners-handling/how-do-you-safely-handle-a-horse-that-kicks-at-other-horses-when-being-led-near/index.html,ground-manners-handling,NREoSIPWQ0E,"scattered_id(total=139,home=natural-horsemanship@16%)",Clinton Anderson: The Method — What He Says About Gadgets and Training Aids That Attach to the Bit
qa/ground-manners-handling/how-do-you-teach-a-horse-to-back-up-from-halter-pressure-for-the-first-time/index.html,ground-manners-handling,oMn35EhR_Zg,"scattered_id(total=55,home=horsemanship@24%)",Warwick Schiller: Benefits of Teaching a Horse to Back Up — What He Says About Horses Behind the Bit
qa/ground-manners-handling/how-do-you-teach-a-horse-to-stand-at-the-mounting-block-and-why-do-anderson-and/index.html,ground-manners-handling,oWU8YgIrNiY,"scattered_id(total=117,home=mounting-dismounting@18%)",Clinton Anderson: Overview of Starting a Colt — What Clinton Anderson Teaches About Bit Fit
qa/ground-manners-handling/how-do-you-teach-a-horse-to-stand-quietly-for-clipping-using-the-methods-of-ande/index.html,ground-manners-handling,KJd9paeIu40,"scattered_id(total=130,home=obstacle-training@22%)",Ken McNabb: Gaining Emotional Control — Developing a Horse That Is Calm and Focused in a Busy Ranch Horse Show Environment
qa/ground-manners-handling/how-do-you-teach-a-horse-to-stand-tied-without-pulling-back/index.html,ground-manners-handling,aASS-342kdo,"scattered_id(total=117,home=horsemanship@18%)",Ken McNabb: Ground Work — Preparing Your Horse to Ride
qa/ground-manners-handling/how-do-you-teach-a-young-horse-to-whoa-and-stand-quietly-on-a-lead-and-halter/index.html,ground-manners-handling,oWU8YgIrNiY,"scattered_id(total=117,home=mounting-dismounting@18%)",Clinton Anderson: Overview of Starting a Colt — What Clinton Anderson Teaches About Bit Fit
qa/ground-manners-handling/how-do-you-use-a-lead-rope-and-halter-effectively-in-ground-training/index.html,ground-manners-handling,aASS-342kdo,"scattered_id(total=117,home=horsemanship@18%)",Ken McNabb: Ground Work — Preparing Your Horse to Ride
qa/ground-manners-handling/how-does-clinton-anderson-teach-a-horse-to-lower-its-head-on-command-and-why-is/index.html,ground-manners-handling,NREoSIPWQ0E,"scattered_id(total=139,home=natural-horsemanship@16%)",Clinton Anderson: The Method — What He Says About Gadgets and Training Aids That Attach to the Bit
qa/ground-manners-handling/how-does-parellis-concept-of-ask-tell-promise-apply-to-enforcing-ground-manners/index.html,ground-manners-handling,GGvsSnEVpxA,"scattered_id(total=26,home=desensitization-sacking-out@12%)",Pat Parelli: Natural Horsemanship — What Happened to Pat Parelli
qa/ground-manners-handling/how-does-pat-parelli-teach-a-horse-to-respect-personal-space-and-why-is-this-the/index.html,ground-manners-handling,GGvsSnEVpxA,"scattered_id(total=26,home=desensitization-sacking-out@12%)",Pat Parelli: Natural Horsemanship — What Happened to Pat Parelli
qa/ground-manners-handling/how-does-warwick-schiller-approach-a-horse-that-is-genuinely-fearful-of-being-to/index.html,ground-manners-handling,BqiDJqLgvlA,"scattered_id(total=36,home=wild-horse-training@31%)",Warwick Schiller: Emotional Fitness — The Difference Between a Horse That Is Calm and One That Is Shut Down
qa/ground-manners-handling/how-does-warwick-schiller-approach-a-horse-that-pulls-back-when-tied-and-how-doe/index.html,ground-manners-handling,BqiDJqLgvlA,"scattered_id(total=36,home=wild-horse-training@31%)",Warwick Schiller: Emotional Fitness — The Difference Between a Horse That Is Calm and One That Is Shut Down
qa/ground-manners-handling/how-should-you-remove-a-halter-from-a-horse-correctly-and-safely/index.html,ground-manners-handling,aASS-342kdo,"scattered_id(total=117,home=horsemanship@18%)",Ken McNabb: Ground Work — Preparing Your Horse to Ride
qa/ground-manners-handling/my-horse-bites-when-i-saddle-it-why-does-it-do-this-and-how-do-i-stop-it/index.html,ground-manners-handling,NREoSIPWQ0E,"scattered_id(total=139,home=natural-horsemanship@16%)",Clinton Anderson: The Method — What He Says About Gadgets and Training Aids That Attach to the Bit
qa/ground-manners-handling/my-horse-doesnt-want-me-to-pick-up-its-front-hoof-it-leans-on-me-what-can-i-do/index.html,ground-manners-handling,KJd9paeIu40,"scattered_id(total=130,home=obstacle-training@22%)",Ken McNabb: Gaining Emotional Control — Developing a Horse That Is Calm and Focused in a Busy Ranch Horse Show Environment
qa/ground-manners-handling/my-horse-is-cinchy-and-tense-when-saddled-what-causes-it-and-how-do-i-help/index.html,ground-manners-handling,NREoSIPWQ0E,"scattered_id(total=139,home=natural-horsemanship@16%)",Clinton Anderson: The Method — What He Says About Gadgets and Training Aids That Attach to the Bit
qa/ground-manners-handling/my-horse-keeps-crowding-me-what-should-i-do/index.html,ground-manners-handling,aASS-342kdo,"scattered_id(total=117,home=horsemanship@18%)",Ken McNabb: Ground Work — Preparing Your Horse to Ride
qa/ground-manners-handling/my-horse-kicks-at-other-horses-how-do-i-manage-and-correct-this/index.html,ground-manners-handling,NREoSIPWQ0E,"scattered_id(total=139,home=natural-horsemanship@16%)",Clinton Anderson: The Method — What He Says About Gadgets and Training Aids That Attach to the Bit
qa/ground-manners-handling/my-horse-leans-on-me-when-i-pick-up-his-front-hoofs-what-can-i-do/index.html,ground-manners-handling,KJd9paeIu40,"scattered_id(total=130,home=obstacle-training@22%)",Ken McNabb: Gaining Emotional Control — Developing a Horse That Is Calm and Focused in a Busy Ranch Horse Show Environment
qa/ground-manners-handling/my-horse-started-rearing-a-little-in-the-tie-rack-acting-up-around-other-horses/index.html,ground-manners-handling,NREoSIPWQ0E,"scattered_id(total=139,home=natural-horsemanship@16%)",Clinton Anderson: The Method — What He Says About Gadgets and Training Aids That Attach to the Bit
qa/ground-manners-handling/what-are-some-tips-for-catching-my-horse-in-a-paddock/index.html,ground-manners-handling,nGBCQ5M7Hwc,"scattered_id(total=11,home=horsemanship@55%)",Warwick Schiller: Catching a Difficult Horse — How to Catch a Horse That Is Hard to Catch in the Pasture
qa/ground-manners-handling/what-are-the-key-points-to-teaching-a-horse-to-tie-and-what-should-you-tie-them/index.html,ground-manners-handling,aASS-342kdo,"scattered_id(total=117,home=horsemanship@18%)",Ken McNabb: Ground Work — Preparing Your Horse to Ride
qa/ground-manners-handling/what-are-the-keys-to-halter-breaking-a-young-horse/index.html,ground-manners-handling,oWU8YgIrNiY,"scattered_id(total=117,home=mounting-dismounting@18%)",Clinton Anderson: Overview of Starting a Colt — What Clinton Anderson Teaches About Bit Fit
qa/ground-manners-handling/what-are-the-keys-to-using-cross-ties-with-your-horse-safely-and-correctly/index.html,ground-manners-handling,aASS-342kdo,"scattered_id(total=117,home=horsemanship@18%)",Ken McNabb: Ground Work — Preparing Your Horse to Ride
qa/ground-manners-handling/what-are-the-signs-that-a-horse-is-about-to-kick-on-the-ground-and-how-do-you-re/index.html,ground-manners-handling,KJd9paeIu40,"scattered_id(total=130,home=obstacle-training@22%)",Ken McNabb: Gaining Emotional Control — Developing a Horse That Is Calm and Focused in a Busy Ranch Horse Show Environment
qa/ground-manners-handling/what-does-clinton-anderson-say-about-horses-that-are-hard-to-deworm-and-how-do-y/index.html,ground-manners-handling,KJd9paeIu40,"scattered_id(total=130,home=obstacle-training@22%)",Ken McNabb: Gaining Emotional Control — Developing a Horse That Is Calm and Focused in a Busy Ranch Horse Show Environment
qa/ground-manners-handling/what-does-clinton-anderson-say-about-horses-that-wont-stand-still-for-tacking-up/index.html,ground-manners-handling,NREoSIPWQ0E,"scattered_id(total=139,home=natural-horsemanship@16%)",Clinton Anderson: The Method — What He Says About Gadgets and Training Aids That Attach to the Bit
qa/ground-manners-handling/what-does-clinton-anderson-say-is-the-correct-way-to-lead-a-horse-and-why-does-i/index.html,ground-manners-handling,NREoSIPWQ0E,"scattered_id(total=139,home=natural-horsemanship@16%)",Clinton Anderson: The Method — What He Says About Gadgets and Training Aids That Attach to the Bit
qa/ground-manners-handling/what-does-clinton-anderson-teach-about-tying-a-horse-to-a-trailer-and-what-are-t/index.html,ground-manners-handling,NREoSIPWQ0E,"scattered_id(total=139,home=natural-horsemanship@16%)",Clinton Anderson: The Method — What He Says About Gadgets and Training Aids That Attach to the Bit
qa/ground-manners-handling/what-does-pat-parelli-teach-about-grooming-as-a-relationship-building-tool-rathe/index.html,ground-manners-handling,GGvsSnEVpxA,"scattered_id(total=26,home=desensitization-sacking-out@12%)",Pat Parelli: Natural Horsemanship — What Happened to Pat Parelli
qa/ground-manners-handling/what-does-warwick-schiller-say-about-horses-that-are-pushy-or-muggy-around-feed/index.html,ground-manners-handling,Hj5Ew8qkjMk,"scattered_id(total=77,home=natural-horsemanship@49%)",Warwick Schiller: Feel and Connection — How to Ride With a Bosal and How It Works
qa/ground-manners-handling/what-does-warwick-schiller-say-about-horses-that-nip-or-bite-and-what-is-the-cor/index.html,ground-manners-handling,Hj5Ew8qkjMk,"scattered_id(total=77,home=natural-horsemanship@49%)",Warwick Schiller: Feel and Connection — How to Ride With a Bosal and How It Works
qa/ground-manners-handling/what-is-clinton-andersons-method-for-teaching-a-horse-to-pick-up-all-four-feet-w/index.html,ground-manners-handling,NREoSIPWQ0E,"scattered_id(total=139,home=natural-horsemanship@16%)",Clinton Anderson: The Method — What He Says About Gadgets and Training Aids That Attach to the Bit
qa/ground-manners-handling/what-is-the-patience-pole-method-for-tying-training-and-when-does-clinton-anders/index.html,ground-manners-handling,NREoSIPWQ0E,"scattered_id(total=139,home=natural-horsemanship@16%)",Clinton Anderson: The Method — What He Says About Gadgets and Training Aids That Attach to the Bit
qa/ground-manners-handling/what-is-the-proper-way-to-put-on-a-halter/index.html,ground-manners-handling,aASS-342kdo,"scattered_id(total=117,home=horsemanship@18%)",Ken McNabb: Ground Work — Preparing Your Horse to Ride
qa/ground-manners-handling/what-should-i-do-if-my-horse-nips-at-me-or-other-people/index.html,ground-manners-handling,NREoSIPWQ0E,"scattered_id(total=139,home=natural-horsemanship@16%)",Clinton Anderson: The Method — What He Says About Gadgets and Training Aids That Attach to the Bit
qa/ground-manners-handling/when-backing-a-horse-how-do-you-control-the-speed/index.html,ground-manners-handling,oMn35EhR_Zg,"scattered_id(total=55,home=horsemanship@24%)",Warwick Schiller: Benefits of Teaching a Horse to Back Up — What He Says About Horses Behind the Bit
qa/ground-manners-handling/why-does-my-horse-bite-when-i-cinch-the-saddle-and-how-do-i-stop-it/index.html,ground-manners-handling,NREoSIPWQ0E,"scattered_id(total=139,home=natural-horsemanship@16%)",Clinton Anderson: The Method — What He Says About Gadgets and Training Aids That Attach to the Bit
qa/ground-manners-handling/why-is-teaching-a-horse-to-back-up-at-halter-important-and-what-does-it-accompli/index.html,ground-manners-handling,oMn35EhR_Zg,"scattered_id(total=55,home=horsemanship@24%)",Warwick Schiller: Benefits of Teaching a Horse to Back Up — What He Says About Horses Behind the Bit
qa/groundwork-longing/explain-how-to-get-a-young-horse-started-longing-in-the-round-pen/index.html,groundwork-longing,oWU8YgIrNiY,"scattered_id(total=117,home=mounting-dismounting@18%)",Clinton Anderson: Overview of Starting a Colt — What Clinton Anderson Teaches About Bit Fit
qa/groundwork-longing/explain-the-keys-to-round-pen-sizing-from-40-to-70-feet/index.html,groundwork-longing,oWU8YgIrNiY,"scattered_id(total=117,home=mounting-dismounting@18%)",Clinton Anderson: Overview of Starting a Colt — What Clinton Anderson Teaches About Bit Fit
qa/groundwork-longing/how-do-i-get-a-horse-to-respect-my-space-on-the-ground/index.html,groundwork-longing,aASS-342kdo,"scattered_id(total=117,home=horsemanship@18%)",Ken McNabb: Ground Work — Preparing Your Horse to Ride
qa/groundwork-longing/how-do-i-teach-a-horse-to-lead-correctly-on-a-lead-rope/index.html,groundwork-longing,aASS-342kdo,"scattered_id(total=117,home=horsemanship@18%)",Ken McNabb: Ground Work — Preparing Your Horse to Ride
qa/groundwork-longing/how-do-i-teach-a-horse-to-respect-personal-space-and-stop-crowding-the-handler/index.html,groundwork-longing,aASS-342kdo,"scattered_id(total=117,home=horsemanship@18%)",Ken McNabb: Ground Work — Preparing Your Horse to Ride
qa/groundwork-longing/how-do-i-teach-a-horse-to-stop-back-up-and-yield-to-pressure-on-the-ground/index.html,groundwork-longing,aASS-342kdo,"scattered_id(total=117,home=horsemanship@18%)",Ken McNabb: Ground Work — Preparing Your Horse to Ride
qa/groundwork-longing/how-do-i-use-groundwork-to-help-a-spooky-or-anxious-horse-become-calmer/index.html,groundwork-longing,KJd9paeIu40,"scattered_id(total=130,home=obstacle-training@22%)",Ken McNabb: Gaining Emotional Control — Developing a Horse That Is Calm and Focused in a Busy Ranch Horse Show Environment
qa/groundwork-longing/how-do-i-use-groundwork-to-prepare-a-spooky-horse-for-riding/index.html,groundwork-longing,KJd9paeIu40,"scattered_id(total=130,home=obstacle-training@22%)",Ken McNabb: Gaining Emotional Control — Developing a Horse That Is Calm and Focused in a Busy Ranch Horse Show Environment
qa/groundwork-longing/how-do-you-use-groundwork-to-fix-a-horse-that-is-disrespectful-or-pushy-on-the-g/index.html,groundwork-longing,aASS-342kdo,"scattered_id(total=117,home=horsemanship@18%)",Ken McNabb: Ground Work — Preparing Your Horse to Ride
qa/groundwork-longing/how-does-clinton-andersons-sending-exercise-work-and-why-is-it-important/index.html,groundwork-longing,NREoSIPWQ0E,"scattered_id(total=139,home=natural-horsemanship@16%)",Clinton Anderson: The Method — What He Says About Gadgets and Training Aids That Attach to the Bit
qa/groundwork-longing/how-does-in-hand-work-prepare-a-horse-for-collection-under-saddle/index.html,groundwork-longing,FBEWVWmOj78,"scattered_id(total=47,home=position-seat@36%)",Collection and the Horse's Back — The Basics
qa/groundwork-longing/how-often-should-i-do-groundwork-with-my-horse/index.html,groundwork-longing,aASS-342kdo,"scattered_id(total=117,home=horsemanship@18%)",Ken McNabb: Ground Work — Preparing Your Horse to Ride
qa/groundwork-longing/index.html,groundwork-longing,aASS-342kdo,"scattered_id(total=117,home=horsemanship@18%)",Ken McNabb: Ground Work — Preparing Your Horse to Ride
qa/groundwork-longing/index.html,groundwork-longing,edVHadHZ264,"scattered_id(total=65,home=timed-events@23%)",60-Day Colt Starting — Low Stress Before & After
qa/groundwork-longing/index.html,groundwork-longing,oWU8YgIrNiY,"scattered_id(total=117,home=mounting-dismounting@18%)",Clinton Anderson: Overview of Starting a Colt — What Clinton Anderson Teaches About Bit Fit
qa/groundwork-longing/is-lunging-bad-for-young-horses/index.html,groundwork-longing,edVHadHZ264,"scattered_id(total=65,home=timed-events@23%)",60-Day Colt Starting — Low Stress Before & After
qa/groundwork-longing/warwick-schiller-emphasizes-doing-less-in-groundwork-what-does-he-mean-and-why-d/index.html,groundwork-longing,Hj5Ew8qkjMk,"scattered_id(total=77,home=natural-horsemanship@49%)",Warwick Schiller: Feel and Connection — How to Ride With a Bosal and How It Works
qa/groundwork-longing/what-are-pat-parellis-seven-games-and-how-do-they-function-as-a-groundwork-syste/index.html,groundwork-longing,GGvsSnEVpxA,"scattered_id(total=26,home=desensitization-sacking-out@12%)",Pat Parelli: Natural Horsemanship — What Happened to Pat Parelli
qa/groundwork-longing/what-are-the-best-groundwork-exercises-for-beginners/index.html,groundwork-longing,aASS-342kdo,"scattered_id(total=117,home=horsemanship@18%)",Ken McNabb: Ground Work — Preparing Your Horse to Ride
qa/groundwork-longing/what-are-the-keys-to-flatwork/index.html,groundwork-longing,5pVAIJMNV9A,"scattered_id(total=39,home=obstacle-training@67%)",Julie Goodnight: Trail and Riding Tips — The Keys to Flatwork for Any Discipline
qa/groundwork-longing/what-are-the-most-important-things-to-watch-for-in-a-horses-body-language-during/index.html,groundwork-longing,Hj5Ew8qkjMk,"scattered_id(total=77,home=natural-horsemanship@49%)",Warwick Schiller: Feel and Connection — How to Ride With a Bosal and How It Works
qa/groundwork-longing/what-does-parelli-mean-by-feel-timing-and-balance-and-how-do-you-develop-these-q/index.html,groundwork-longing,GGvsSnEVpxA,"scattered_id(total=26,home=desensitization-sacking-out@12%)",Pat Parelli: Natural Horsemanship — What Happened to Pat Parelli
qa/groundwork-longing/what-ground-exercises-develop-a-horses-responsiveness-to-leg-and-seat-aids-befor/index.html,groundwork-longing,jahmDTCy5nU,"scattered_id(total=48,home=horsemanship@29%)",Ken McNabb: Teaching Your Horse to Move Off Seat and Legs — Introducing Lateral Work to a Young Horse
qa/groundwork-longing/what-groundwork-exercises-are-best-for-a-beginner-horse-handler-just-starting-ou/index.html,groundwork-longing,aASS-342kdo,"scattered_id(total=117,home=horsemanship@18%)",Ken McNabb: Ground Work — Preparing Your Horse to Ride
qa/groundwork-longing/what-is-a-rump-rope-and-how-do-you-use-it-in-horse-training/index.html,groundwork-longing,aASS-342kdo,"scattered_id(total=117,home=horsemanship@18%)",Ken McNabb: Ground Work — Preparing Your Horse to Ride
qa/groundwork-longing/what-is-the-benefit-of-a-five-stride-line-exercise/index.html,groundwork-longing,5pVAIJMNV9A,"scattered_id(total=39,home=obstacle-training@67%)",Julie Goodnight: Trail and Riding Tips — The Keys to Flatwork for Any Discipline
qa/groundwork-longing/why-does-clinton-anderson-say-groundwork-is-the-foundation-of-everything-else-in/index.html,groundwork-longing,aASS-342kdo,"scattered_id(total=117,home=horsemanship@18%)",Ken McNabb: Ground Work — Preparing Your Horse to Ride
qa/groundwork-longing/why-is-it-best-to-keep-longeing-lessons-short/index.html,groundwork-longing,Idbhg34M6Nc,"scattered_id(total=35,home=training-principles@26%)",When to Use the Colt Starting Series vs Fundamentals — Q&A
qa/horse-care/explain-how-to-handle-a-foal-gently-kindly-and-persistently/index.html,horse-care,BANshLvc55g,"scattered_id(total=52,home=collection@15%)",Ken McNabb: How to Ride Your Horse With Light Hands — Identifying and Correcting a Horse That Leans on the Bit
qa/horse-care/how-do-i-safely-introduce-a-new-horse-to-an-existing-herd/index.html,horse-care,BANshLvc55g,"scattered_id(total=52,home=collection@15%)",Ken McNabb: How to Ride Your Horse With Light Hands — Identifying and Correcting a Horse That Leans on the Bit
qa/horse-care/how-do-i-teach-a-foal-to-lead/index.html,horse-care,BANshLvc55g,"scattered_id(total=52,home=collection@15%)",Ken McNabb: How to Ride Your Horse With Light Hands — Identifying and Correcting a Horse That Leans on the Bit
qa/horse-care/how-do-i-teach-a-foal-to-respect-my-space/index.html,horse-care,jahmDTCy5nU,"scattered_id(total=48,home=horsemanship@29%)",Ken McNabb: Teaching Your Horse to Move Off Seat and Legs — Introducing Lateral Work to a Young Horse
qa/horse-care/how-do-you-introduce-a-horse-to-blanketing-for-the-first-time/index.html,horse-care,07IltPi9yz8,"scattered_id(total=53,home=groundwork-longing@25%)",Clinton Anderson: Post 'N Circle — Counter-Canter on the Lunge Line vs. Under Saddle
qa/horse-care/my-horse-started-weaving-its-pretty-bad-so-quickly-what-is-the-cause-stress/index.html,horse-care,oWU8YgIrNiY,"scattered_id(total=117,home=mounting-dismounting@18%)",Clinton Anderson: Overview of Starting a Colt — What Clinton Anderson Teaches About Bit Fit
qa/horse-care/my-young-horse-has-started-chewing-things-is-this-temporary-or-a-problem/index.html,horse-care,oWU8YgIrNiY,"scattered_id(total=117,home=mounting-dismounting@18%)",Clinton Anderson: Overview of Starting a Colt — What Clinton Anderson Teaches About Bit Fit
qa/horse-care/now-my-cribber-is-starting-to-suck-wind-and-the-leather-choker-isnt-working-what/index.html,horse-care,oWU8YgIrNiY,"scattered_id(total=117,home=mounting-dismounting@18%)",Clinton Anderson: Overview of Starting a Colt — What Clinton Anderson Teaches About Bit Fit
qa/horse-care/what-can-i-do-to-build-up-the-topline-on-my-horse/index.html,horse-care,3Qe-KFT6RRk,"scattered_id(total=42,home=dressage@62%)","Steffen Peters: Collection and Engagement — The Purpose of the Training Order: Leg Yield, Shoulder-In, Haunches-In, Half-Pass"
qa/horse-care/what-do-you-think-about-using-kicking-chains-for-stall-kickers/index.html,horse-care,oWU8YgIrNiY,"scattered_id(total=117,home=mounting-dismounting@18%)",Clinton Anderson: Overview of Starting a Colt — What Clinton Anderson Teaches About Bit Fit
qa/horse-care/what-health-care-routines-should-a-young-horse-learn-and-how-do-you-train-them/index.html,horse-care,BANshLvc55g,"scattered_id(total=52,home=collection@15%)",Ken McNabb: How to Ride Your Horse With Light Hands — Identifying and Correcting a Horse That Leans on the Bit
qa/horse-care/what-is-the-correct-way-to-hand-graze-a-horse-safely-without-encouraging-bad-man/index.html,horse-care,jahmDTCy5nU,"scattered_id(total=48,home=horsemanship@29%)",Ken McNabb: Teaching Your Horse to Move Off Seat and Legs — Introducing Lateral Work to a Young Horse
qa/horse-care/why-is-it-safer-to-hold-a-horse-rather-than-tie-it-when-blanketing-especially-fo/index.html,horse-care,BANshLvc55g,"scattered_id(total=52,home=collection@15%)",Ken McNabb: How to Ride Your Horse With Light Hands — Identifying and Correcting a Horse That Leans on the Bit
qa/horsemanship/can-a-horse-be-retrained/index.html,horsemanship,NREoSIPWQ0E,"scattered_id(total=139,home=natural-horsemanship@16%)",Clinton Anderson: The Method — What He Says About Gadgets and Training Aids That Attach to the Bit
qa/horsemanship/can-the-horse-carry-my-weight-how-do-i-figure-that-out/index.html,horsemanship,MoAzyvJVqGY,"scattered_id(total=43,home=working-cow-horse@42%)",A Life of Studying Horses — The Ken McNabb Story
qa/horsemanship/can-you-start-over-with-an-advanced-horse/index.html,horsemanship,NREoSIPWQ0E,"scattered_id(total=139,home=natural-horsemanship@16%)",Clinton Anderson: The Method — What He Says About Gadgets and Training Aids That Attach to the Bit
qa/horsemanship/do-you-think-slow-feed-nets-are-good-for-horses-in-stalls/index.html,horsemanship,vH9NsbtmDsg,"scattered_id(total=51,home=horse-care@31%)",Equine Veterinary — How to Manage Hauling and Travel to Keep a Horse in Good Condition Throughout a Competition Season
qa/horsemanship/does-time-off-hurt-a-horses-training/index.html,horsemanship,Idbhg34M6Nc,"scattered_id(total=35,home=training-principles@26%)",When to Use the Colt Starting Series vs Fundamentals — Q&A
qa/horsemanship/explain-how-to-get-a-young-horse-started-longing-in-the-round-pen/index.html,horsemanship,oWU8YgIrNiY,"scattered_id(total=117,home=mounting-dismounting@18%)",Clinton Anderson: Overview of Starting a Colt — What Clinton Anderson Teaches About Bit Fit
qa/horsemanship/explain-how-to-handle-a-foal-gently-kindly-and-persistently/index.html,horsemanship,oWU8YgIrNiY,"scattered_id(total=117,home=mounting-dismounting@18%)",Clinton Anderson: Overview of Starting a Colt — What Clinton Anderson Teaches About Bit Fit
qa/horsemanship/explain-how-to-ride-western-two-handed-with-a-snaffle-bit/index.html,horsemanship,gFRPuR4VVSA,"scattered_id(total=44,home=equipment@50%)",Al Dunning: How to Use the Snaffle Bit — The Complexity of How Western Curb Bits Work
qa/horsemanship/explain-how-to-turn-on-the-haunches-and-where-should-i-begin/index.html,horsemanship,WM5RLXyPibI,"scattered_id(total=32,home=lateral-work-suppling@38%)",Matt Mills: How to Teach Your Horse to Spin — How to Get a Horse to Turn on the Haunches
qa/horsemanship/explain-the-benefits-of-using-figure-eight-patterns-in-training/index.html,horsemanship,07IltPi9yz8,"scattered_id(total=53,home=groundwork-longing@25%)",Clinton Anderson: Post 'N Circle — Counter-Canter on the Lunge Line vs. Under Saddle
qa/horsemanship/explain-the-importance-of-longeing-and-teaching-voice-commands/index.html,horsemanship,07IltPi9yz8,"scattered_id(total=53,home=groundwork-longing@25%)",Clinton Anderson: Post 'N Circle — Counter-Canter on the Lunge Line vs. Under Saddle
qa/horsemanship/explain-the-keys-to-round-pen-sizing-from-40-to-70-feet/index.html,horsemanship,oWU8YgIrNiY,"scattered_id(total=117,home=mounting-dismounting@18%)",Clinton Anderson: Overview of Starting a Colt — What Clinton Anderson Teaches About Bit Fit
qa/horsemanship/explain-the-process-of-teaching-a-horse-to-stand-on-a-high-stump-with-its-front/index.html,horsemanship,KJd9paeIu40,"scattered_id(total=130,home=obstacle-training@22%)",Ken McNabb: Gaining Emotional Control — Developing a Horse That Is Calm and Focused in a Busy Ranch Horse Show Environment
qa/horsemanship/explain-the-process-of-teaching-voice-commands-when-longing/index.html,horsemanship,07IltPi9yz8,"scattered_id(total=53,home=groundwork-longing@25%)",Clinton Anderson: Post 'N Circle — Counter-Canter on the Lunge Line vs. Under Saddle
qa/horsemanship/explain-the-tips-to-shoulder-in-and-how-does-it-work/index.html,horsemanship,WM5RLXyPibI,"scattered_id(total=32,home=lateral-work-suppling@38%)",Matt Mills: How to Teach Your Horse to Spin — How to Get a Horse to Turn on the Haunches
qa/horsemanship/explain-what-centered-riding-is-and-what-are-the-keys-to-execution/index.html,horsemanship,9cc779oOQyU,"scattered_id(total=13,home=reining@31%)",Reining Training — Centered Riding: What It Is and the Keys to Execution
qa/horsemanship/explain-what-is-required-to-pick-up-your-horses-face-when-riding-western/index.html,horsemanship,hCniW-BKZpo,"scattered_id(total=37,home=neck-reining@41%)",Matt Mills: Stop Fighting the Reins — Loose Rein vs. Contact Rein in Western Performance
qa/horsemanship/explain-what-lateral-work-is/index.html,horsemanship,WM5RLXyPibI,"scattered_id(total=32,home=lateral-work-suppling@38%)",Matt Mills: How to Teach Your Horse to Spin — How to Get a Horse to Turn on the Haunches
qa/horsemanship/explain-what-spiral-in-and-spiral-out-is/index.html,horsemanship,07IltPi9yz8,"scattered_id(total=53,home=groundwork-longing@25%)",Clinton Anderson: Post 'N Circle — Counter-Canter on the Lunge Line vs. Under Saddle
qa/horsemanship/explain-what-spiraling-is-in-the-form-of-an-exercise/index.html,horsemanship,07IltPi9yz8,"scattered_id(total=53,home=groundwork-longing@25%)",Clinton Anderson: Post 'N Circle — Counter-Canter on the Lunge Line vs. Under Saddle
qa/horsemanship/explain-why-in-english-riding-there-is-constant-contact-with-the-bit-but-not-hea/index.html,horsemanship,BANshLvc55g,"scattered_id(total=52,home=collection@15%)",Ken McNabb: How to Ride Your Horse With Light Hands — Identifying and Correcting a Horse That Leans on the Bit
qa/horsemanship/explain-why-training-a-horse-to-drive-pays-dividends-later-in-the-training-cycle/index.html,horsemanship,edVHadHZ264,"scattered_id(total=65,home=timed-events@23%)",60-Day Colt Starting — Low Stress Before & After
qa/horsemanship/explain-why-using-a-surcingle-and-teaching-the-horse-to-drive-is-a-critical-step/index.html,horsemanship,edVHadHZ264,"scattered_id(total=65,home=timed-events@23%)",60-Day Colt Starting — Low Stress Before & After
qa/horsemanship/how-can-i-get-my-horse-over-being-head-shy/index.html,horsemanship,KJd9paeIu40,"scattered_id(total=130,home=obstacle-training@22%)",Ken McNabb: Gaining Emotional Control — Developing a Horse That Is Calm and Focused in a Busy Ranch Horse Show Environment
qa/horsemanship/how-can-i-keep-my-horse-from-stepping-forward-when-i-go-to-mount/index.html,horsemanship,oWU8YgIrNiY,"scattered_id(total=117,home=mounting-dismounting@18%)",Clinton Anderson: Overview of Starting a Colt — What Clinton Anderson Teaches About Bit Fit
qa/horsemanship/how-do-horses-learn/index.html,horsemanship,DaA3wVpFoSM,"scattered_id(total=73,home=natural-horsemanship@19%)",Warwick Schiller: How to Choose a Horse Trainer
qa/horsemanship/how-do-i-correctly-lunge-a-horse-and-what-should-i-be-accomplishing-during-a-lun/index.html,horsemanship,07IltPi9yz8,"scattered_id(total=53,home=groundwork-longing@25%)",Clinton Anderson: Post 'N Circle — Counter-Canter on the Lunge Line vs. Under Saddle
qa/horsemanship/how-do-i-desensitize-a-spooky-horse-to-frightening-objects-and-situations/index.html,horsemanship,KJd9paeIu40,"scattered_id(total=130,home=obstacle-training@22%)",Ken McNabb: Gaining Emotional Control — Developing a Horse That Is Calm and Focused in a Busy Ranch Horse Show Environment
qa/horsemanship/how-do-i-develop-correct-transitions-for-working-western-rail/index.html,horsemanship,f918N1t9mfk,"scattered_id(total=174,home=working-western-rail@13%)",Al Dunning: Speed Control and Horsemanship — Show Trainer vs. Ranch or Horsemanship Trainer
qa/horsemanship/how-do-i-develop-invisible-aids-for-western-horsemanship-that-judges-reward/index.html,horsemanship,PAFejggfx6c,"scattered_id(total=48,home=reining@25%)",Andrea Fappani: Master Simple Cues — How to Find a Qualified Trainer for a Specific Discipline
qa/horsemanship/how-do-i-develop-the-correct-body-position-for-western-horsemanship-competition/index.html,horsemanship,oTQQwFzXduo,"scattered_id(total=48,home=western-pleasure@35%)",Al Dunning: Western Horsemanship — Developing the Correct Body Position for Competition
qa/horsemanship/how-do-i-develop-the-correct-lope-for-working-western-rail/index.html,horsemanship,f918N1t9mfk,"scattered_id(total=174,home=working-western-rail@13%)",Al Dunning: Speed Control and Horsemanship — Show Trainer vs. Ranch or Horsemanship Trainer
qa/horsemanship/how-do-i-develop-the-correct-natural-jog-for-working-western-rail/index.html,horsemanship,f918N1t9mfk,"scattered_id(total=174,home=working-western-rail@13%)",Al Dunning: Speed Control and Horsemanship — Show Trainer vs. Ranch or Horsemanship Trainer
qa/horsemanship/how-do-i-handle-a-horse-that-rears-and-what-causes-rearing-in-the-first-place/index.html,horsemanship,NREoSIPWQ0E,"scattered_id(total=139,home=natural-horsemanship@16%)",Clinton Anderson: The Method — What He Says About Gadgets and Training Aids That Attach to the Bit
qa/horsemanship/how-do-i-prepare-my-horse-and-myself-for-a-first-western-horsemanship-class-at-a/index.html,horsemanship,oTQQwFzXduo,"scattered_id(total=48,home=western-pleasure@35%)",Al Dunning: Western Horsemanship — Developing the Correct Body Position for Competition
qa/horsemanship/how-do-i-read-my-horses-body-language-to-know-if-training-is-going-well/index.html,horsemanship,Hj5Ew8qkjMk,"scattered_id(total=77,home=natural-horsemanship@49%)",Warwick Schiller: Feel and Connection — How to Ride With a Bosal and How It Works
qa/horsemanship/how-do-i-ride-transitions-in-a-western-horsemanship-pattern-to-maximize-my-score/index.html,horsemanship,f918N1t9mfk,"scattered_id(total=174,home=working-western-rail@13%)",Al Dunning: Speed Control and Horsemanship — Show Trainer vs. Ranch or Horsemanship Trainer
qa/horsemanship/how-do-i-select-the-right-horse-for-working-western-rail-competition/index.html,horsemanship,f918N1t9mfk,"scattered_id(total=174,home=working-western-rail@13%)",Al Dunning: Speed Control and Horsemanship — Show Trainer vs. Ranch or Horsemanship Trainer
qa/horsemanship/how-do-i-teach-a-horse-to-move-off-my-leg-without-becoming-dull-to-the-spur/index.html,horsemanship,07IltPi9yz8,"scattered_id(total=53,home=groundwork-longing@25%)",Clinton Anderson: Post 'N Circle — Counter-Canter on the Lunge Line vs. Under Saddle
qa/horsemanship/how-do-i-teach-a-horse-to-side-pass/index.html,horsemanship,WM5RLXyPibI,"scattered_id(total=32,home=lateral-work-suppling@38%)",Matt Mills: How to Teach Your Horse to Spin — How to Get a Horse to Turn on the Haunches
qa/horsemanship/how-do-i-teach-a-horse-to-stand-quietly-while-being-mounted/index.html,horsemanship,oWU8YgIrNiY,"scattered_id(total=117,home=mounting-dismounting@18%)",Clinton Anderson: Overview of Starting a Colt — What Clinton Anderson Teaches About Bit Fit
qa/horsemanship/how-do-i-train-a-horse-that-rushes-back-to-the-barn-or-gate/index.html,horsemanship,NREoSIPWQ0E,"scattered_id(total=139,home=natural-horsemanship@16%)",Clinton Anderson: The Method — What He Says About Gadgets and Training Aids That Attach to the Bit
qa/horsemanship/how-do-i-train-a-horse-to-load-in-a-trailer-calmly-and-reliably/index.html,horsemanship,ComwTOq5A8Q,"scattered_id(total=107,home=versatility-ranch-horse@26%)",Ken McNabb: How to Buy the Right Horse — Can the Horse Carry My Weight
qa/horsemanship/how-do-judges-differentiate-between-horses-in-a-close-working-western-rail-class/index.html,horsemanship,f918N1t9mfk,"scattered_id(total=174,home=working-western-rail@13%)",Al Dunning: Speed Control and Horsemanship — Show Trainer vs. Ranch or Horsemanship Trainer
qa/horsemanship/how-do-judges-differentiate-between-riders-in-a-close-western-horsemanship-class/index.html,horsemanship,oTQQwFzXduo,"scattered_id(total=48,home=western-pleasure@35%)",Al Dunning: Western Horsemanship — Developing the Correct Body Position for Competition
qa/horsemanship/how-do-judges-evaluate-overall-impression-in-a-western-horsemanship-class/index.html,horsemanship,oTQQwFzXduo,"scattered_id(total=48,home=western-pleasure@35%)",Al Dunning: Western Horsemanship — Developing the Correct Body Position for Competition
qa/horsemanship/how-do-judges-evaluate-pattern-execution-in-western-horsemanship/index.html,horsemanship,oTQQwFzXduo,"scattered_id(total=48,home=western-pleasure@35%)",Al Dunning: Western Horsemanship — Developing the Correct Body Position for Competition
qa/horsemanship/how-do-judges-evaluate-rail-work-in-western-horsemanship-and-how-much-does-it-af/index.html,horsemanship,oTQQwFzXduo,"scattered_id(total=48,home=western-pleasure@35%)",Al Dunning: Western Horsemanship — Developing the Correct Body Position for Competition
qa/horsemanship/how-do-judges-evaluate-the-use-of-aids-in-western-horsemanship/index.html,horsemanship,oTQQwFzXduo,"scattered_id(total=48,home=western-pleasure@35%)",Al Dunning: Western Horsemanship — Developing the Correct Body Position for Competition
qa/horsemanship/how-do-you-develop-a-correct-slow-jog-for-walk-trot-western-competition/index.html,horsemanship,f918N1t9mfk,"scattered_id(total=174,home=working-western-rail@13%)",Al Dunning: Speed Control and Horsemanship — Show Trainer vs. Ranch or Horsemanship Trainer
qa/horsemanship/how-do-you-develop-a-novice-riders-position-for-walk-trot-western-classes/index.html,horsemanship,oTQQwFzXduo,"scattered_id(total=48,home=western-pleasure@35%)",Al Dunning: Western Horsemanship — Developing the Correct Body Position for Competition
qa/horsemanship/how-do-you-develop-correct-western-headset-and-frame-for-walk-trot-classes/index.html,horsemanship,f918N1t9mfk,"scattered_id(total=174,home=working-western-rail@13%)",Al Dunning: Speed Control and Horsemanship — Show Trainer vs. Ranch or Horsemanship Trainer
qa/horsemanship/how-do-you-maintain-leadership-with-a-horse-that-tests-boundaries-or-challenges/index.html,horsemanship,Y1Mndc7oZJ8,"scattered_id(total=38,home=trailer-loading@32%)",Clinton Anderson: Working With Hot and Busy-Minded Horses — Maintaining Leadership
qa/horsemanship/how-do-you-manage-show-day-preparation-for-a-horse-and-rider-in-walk-trot-wester/index.html,horsemanship,KJd9paeIu40,"scattered_id(total=130,home=obstacle-training@22%)",Ken McNabb: Gaining Emotional Control — Developing a Horse That Is Calm and Focused in a Busy Ranch Horse Show Environment
qa/horsemanship/how-do-you-prepare-a-horse-to-behave-correctly-in-a-group-walk-trot-class/index.html,horsemanship,KJd9paeIu40,"scattered_id(total=130,home=obstacle-training@22%)",Ken McNabb: Gaining Emotional Control — Developing a Horse That Is Calm and Focused in a Busy Ranch Horse Show Environment
qa/horsemanship/how-do-you-restart-an-older-horse/index.html,horsemanship,NREoSIPWQ0E,"scattered_id(total=139,home=natural-horsemanship@16%)",Clinton Anderson: The Method — What He Says About Gadgets and Training Aids That Attach to the Bit
qa/horsemanship/how-do-you-select-the-right-horse-for-a-novice-rider-entering-walk-trot-western/index.html,horsemanship,MoAzyvJVqGY,"scattered_id(total=43,home=working-cow-horse@42%)",A Life of Studying Horses — The Ken McNabb Story
qa/horsemanship/how-do-you-teach-your-horse-to-side-pass/index.html,horsemanship,WM5RLXyPibI,"scattered_id(total=32,home=lateral-work-suppling@38%)",Matt Mills: How to Teach Your Horse to Spin — How to Get a Horse to Turn on the Haunches
qa/horsemanship/how-do-you-train-a-horse-to-neck-rein/index.html,horsemanship,hCniW-BKZpo,"scattered_id(total=37,home=neck-reining@41%)",Matt Mills: Stop Fighting the Reins — Loose Rein vs. Contact Rein in Western Performance
qa/horsemanship/how-do-you-use-pressure-and-release-correctly-to-establish-leadership-without-cr/index.html,horsemanship,IInnbVEoSqg,"scattered_id(total=90,home=natural-horsemanship@26%)",Warwick Schiller: Pressure and Release — What Anderson and Parelli Say About Horses That Gape at the Bit
qa/horsemanship/how-do-you-use-the-snaffle-bit-for-western-performance-horse-training/index.html,horsemanship,gFRPuR4VVSA,"scattered_id(total=44,home=equipment@50%)",Al Dunning: How to Use the Snaffle Bit — The Complexity of How Western Curb Bits Work
qa/horsemanship/how-does-patience-and-emotional-consistency-from-the-handler-shape-the-bond-over/index.html,horsemanship,Hj5Ew8qkjMk,"scattered_id(total=77,home=natural-horsemanship@49%)",Warwick Schiller: Feel and Connection — How to Ride With a Bosal and How It Works
qa/horsemanship/how-does-rail-work-in-a-western-horsemanship-class-differ-from-a-western-pleasur/index.html,horsemanship,f918N1t9mfk,"scattered_id(total=174,home=working-western-rail@13%)",Al Dunning: Speed Control and Horsemanship — Show Trainer vs. Ranch or Horsemanship Trainer
qa/horsemanship/how-does-reading-and-responding-to-your-horses-body-language-strengthen-the-bond/index.html,horsemanship,Hj5Ew8qkjMk,"scattered_id(total=77,home=natural-horsemanship@49%)",Warwick Schiller: Feel and Connection — How to Ride With a Bosal and How It Works
qa/horsemanship/how-does-rider-position-and-presentation-differ-in-working-western-rail-from-wes/index.html,horsemanship,oTQQwFzXduo,"scattered_id(total=48,home=western-pleasure@35%)",Al Dunning: Western Horsemanship — Developing the Correct Body Position for Competition
qa/horsemanship/how-does-working-western-rail-differ-from-western-pleasure-and-ranch-rail/index.html,horsemanship,f918N1t9mfk,"scattered_id(total=174,home=working-western-rail@13%)",Al Dunning: Speed Control and Horsemanship — Show Trainer vs. Ranch or Horsemanship Trainer
qa/horsemanship/how-heavy-is-too-heavy-to-ride/index.html,horsemanship,MoAzyvJVqGY,"scattered_id(total=43,home=working-cow-horse@42%)",A Life of Studying Horses — The Ken McNabb Story
qa/horsemanship/how-important-are-transitions-in-walk-trot-western-class-preparation/index.html,horsemanship,f918N1t9mfk,"scattered_id(total=174,home=working-western-rail@13%)",Al Dunning: Speed Control and Horsemanship — Show Trainer vs. Ranch or Horsemanship Trainer
qa/horsemanship/how-long-should-a-training-session-be-and-how-do-i-know-when-to-quit-for-the-day/index.html,horsemanship,Idbhg34M6Nc,"scattered_id(total=35,home=training-principles@26%)",When to Use the Colt Starting Series vs Fundamentals — Q&A
qa/horsemanship/how-should-you-introduce-a-young-horse-to-a-saddle-and-bridle-on-the-ground/index.html,horsemanship,oWU8YgIrNiY,"scattered_id(total=117,home=mounting-dismounting@18%)",Clinton Anderson: Overview of Starting a Colt — What Clinton Anderson Teaches About Bit Fit
qa/horsemanship/how-soon-should-a-foal-be-taught-to-get-in-a-horse-trailer/index.html,horsemanship,edVHadHZ264,"scattered_id(total=65,home=timed-events@23%)",60-Day Colt Starting — Low Stress Before & After
qa/horsemanship/i-am-uncomfortable-mounting-from-the-ground/index.html,horsemanship,oWU8YgIrNiY,"scattered_id(total=117,home=mounting-dismounting@18%)",Clinton Anderson: Overview of Starting a Colt — What Clinton Anderson Teaches About Bit Fit
qa/horsemanship/i-heard-of-trainers-putting-meat-tenderizer-on-the-horses-spur-pressure-areas-wh/index.html,horsemanship,f918N1t9mfk,"scattered_id(total=174,home=working-western-rail@13%)",Al Dunning: Speed Control and Horsemanship — Show Trainer vs. Ranch or Horsemanship Trainer
qa/horsemanship/i-noticed-a-trainer-had-punched-a-hole-in-the-horses-side-and-it-was-bleeding-a/index.html,horsemanship,vH9NsbtmDsg,"scattered_id(total=51,home=horse-care@31%)",Equine Veterinary — How to Manage Hauling and Travel to Keep a Horse in Good Condition Throughout a Competition Season
qa/horsemanship/index.html,horsemanship,NREoSIPWQ0E,"scattered_id(total=139,home=natural-horsemanship@16%)",Clinton Anderson: The Method — What He Says About Gadgets and Training Aids That Attach to the Bit
qa/horsemanship/index.html,horsemanship,Y1Mndc7oZJ8,"scattered_id(total=38,home=trailer-loading@32%)",Clinton Anderson: Working With Hot and Busy-Minded Horses — Maintaining Leadership
qa/horsemanship/is-feeding-treats-spoiling-my-horse/index.html,horsemanship,DaA3wVpFoSM,"scattered_id(total=73,home=natural-horsemanship@19%)",Warwick Schiller: How to Choose a Horse Trainer
qa/horsemanship/is-it-good-to-use-a-mounting-block-as-a-tool-for-training-horses/index.html,horsemanship,oWU8YgIrNiY,"scattered_id(total=117,home=mounting-dismounting@18%)",Clinton Anderson: Overview of Starting a Colt — What Clinton Anderson Teaches About Bit Fit
qa/horsemanship/is-it-true-that-western-horses-work-without-any-pressure-from-the-bit/index.html,horsemanship,hCniW-BKZpo,"scattered_id(total=37,home=neck-reining@41%)",Matt Mills: Stop Fighting the Reins — Loose Rein vs. Contact Rein in Western Performance
qa/horsemanship/is-longeing-good-for-a-stiff-horse/index.html,horsemanship,07IltPi9yz8,"scattered_id(total=53,home=groundwork-longing@25%)",Clinton Anderson: Post 'N Circle — Counter-Canter on the Lunge Line vs. Under Saddle
qa/horsemanship/is-this-why-arabian-horses-from-brazil-did-so-well-in-the-show-ring-twenty-years/index.html,horsemanship,MoAzyvJVqGY,"scattered_id(total=43,home=working-cow-horse@42%)",A Life of Studying Horses — The Ken McNabb Story
qa/horsemanship/my-horse-does-not-like-his-back-feet-messed-with-how-can-i-desensitize-him-so-we/index.html,horsemanship,KJd9paeIu40,"scattered_id(total=130,home=obstacle-training@22%)",Ken McNabb: Gaining Emotional Control — Developing a Horse That Is Calm and Focused in a Busy Ranch Horse Show Environment
qa/horsemanship/my-horse-does-not-want-to-do-haunches-in-what-can-i-do/index.html,horsemanship,WM5RLXyPibI,"scattered_id(total=32,home=lateral-work-suppling@38%)",Matt Mills: How to Teach Your Horse to Spin — How to Get a Horse to Turn on the Haunches
qa/horsemanship/my-horse-does-not-want-to-ride-away-from-the-property-with-the-barn-what-should/index.html,horsemanship,NREoSIPWQ0E,"scattered_id(total=139,home=natural-horsemanship@16%)",Clinton Anderson: The Method — What He Says About Gadgets and Training Aids That Attach to the Bit
qa/horsemanship/my-horse-is-arena-sour-what-can-be-done/index.html,horsemanship,NREoSIPWQ0E,"scattered_id(total=139,home=natural-horsemanship@16%)",Clinton Anderson: The Method — What He Says About Gadgets and Training Aids That Attach to the Bit
qa/horsemanship/my-horse-keeps-turning-in-when-longing-what-should-i-do/index.html,horsemanship,07IltPi9yz8,"scattered_id(total=53,home=groundwork-longing@25%)",Clinton Anderson: Post 'N Circle — Counter-Canter on the Lunge Line vs. Under Saddle
qa/horsemanship/my-horse-refuses-to-jump-into-water-and-more-courses-have-a-water-jump-what-can/index.html,horsemanship,KJd9paeIu40,"scattered_id(total=130,home=obstacle-training@22%)",Ken McNabb: Gaining Emotional Control — Developing a Horse That Is Calm and Focused in a Busy Ranch Horse Show Environment
qa/horsemanship/my-horse-started-rearing-a-little-in-the-tie-rack-acting-up-around-other-horses/index.html,horsemanship,NREoSIPWQ0E,"scattered_id(total=139,home=natural-horsemanship@16%)",Clinton Anderson: The Method — What He Says About Gadgets and Training Aids That Attach to the Bit
qa/horsemanship/my-horse-started-running-out-at-the-fences-once-in-a-while-what-am-i-doing-wrong/index.html,horsemanship,NREoSIPWQ0E,"scattered_id(total=139,home=natural-horsemanship@16%)",Clinton Anderson: The Method — What He Says About Gadgets and Training Aids That Attach to the Bit
qa/horsemanship/my-horse-wants-to-graze-under-saddle-what-should-i-do/index.html,horsemanship,NREoSIPWQ0E,"scattered_id(total=139,home=natural-horsemanship@16%)",Clinton Anderson: The Method — What He Says About Gadgets and Training Aids That Attach to the Bit
qa/horsemanship/my-horse-wants-to-rush-the-fences-how-can-i-collect-and-control-that-behavior/index.html,horsemanship,NREoSIPWQ0E,"scattered_id(total=139,home=natural-horsemanship@16%)",Clinton Anderson: The Method — What He Says About Gadgets and Training Aids That Attach to the Bit
qa/horsemanship/my-horse-was-gelded-last-year-and-acts-a-little-studdy-around-a-mare-in-season-i/index.html,horsemanship,Y1Mndc7oZJ8,"scattered_id(total=38,home=trailer-loading@32%)",Clinton Anderson: Working With Hot and Busy-Minded Horses — Maintaining Leadership
qa/horsemanship/my-horse-will-refuse-and-pitch-in-toward-the-fence-on-occasion-particularly-towa/index.html,horsemanship,NREoSIPWQ0E,"scattered_id(total=139,home=natural-horsemanship@16%)",Clinton Anderson: The Method — What He Says About Gadgets and Training Aids That Attach to the Bit
qa/horsemanship/my-horse-wont-stand-still-for-mounting/index.html,horsemanship,oWU8YgIrNiY,"scattered_id(total=117,home=mounting-dismounting@18%)",Clinton Anderson: Overview of Starting a Colt — What Clinton Anderson Teaches About Bit Fit
qa/horsemanship/should-i-hold-the-reins-and-saddle-when-mounting/index.html,horsemanship,oWU8YgIrNiY,"scattered_id(total=117,home=mounting-dismounting@18%)",Clinton Anderson: Overview of Starting a Colt — What Clinton Anderson Teaches About Bit Fit
qa/horsemanship/should-i-practice-getting-on-my-horse-from-both-sides/index.html,horsemanship,oWU8YgIrNiY,"scattered_id(total=117,home=mounting-dismounting@18%)",Clinton Anderson: Overview of Starting a Colt — What Clinton Anderson Teaches About Bit Fit
qa/horsemanship/should-i-start-my-horse-under-saddle-in-large-circles-at-least-60-feet-in-diamet/index.html,horsemanship,oWU8YgIrNiY,"scattered_id(total=117,home=mounting-dismounting@18%)",Clinton Anderson: Overview of Starting a Colt — What Clinton Anderson Teaches About Bit Fit
qa/horsemanship/the-horse-cuts-toward-the-arena-gate-what-can-be-done-to-fix-it/index.html,horsemanship,NREoSIPWQ0E,"scattered_id(total=139,home=natural-horsemanship@16%)",Clinton Anderson: The Method — What He Says About Gadgets and Training Aids That Attach to the Bit
qa/horsemanship/the-rush-of-natural-horsemanship-has-subsided-why-did-that-happen/index.html,horsemanship,NREoSIPWQ0E,"scattered_id(total=139,home=natural-horsemanship@16%)",Clinton Anderson: The Method — What He Says About Gadgets and Training Aids That Attach to the Bit
qa/horsemanship/tips-for-restoring-rider-confidence/index.html,horsemanship,KJd9paeIu40,"scattered_id(total=130,home=obstacle-training@22%)",Ken McNabb: Gaining Emotional Control — Developing a Horse That Is Calm and Focused in a Busy Ranch Horse Show Environment
qa/horsemanship/to-dismount-should-i-jump-off-or-slide-off/index.html,horsemanship,oWU8YgIrNiY,"scattered_id(total=117,home=mounting-dismounting@18%)",Clinton Anderson: Overview of Starting a Colt — What Clinton Anderson Teaches About Bit Fit
qa/horsemanship/what-about-mounting-with-a-helper-is-that-a-good-idea/index.html,horsemanship,oWU8YgIrNiY,"scattered_id(total=117,home=mounting-dismounting@18%)",Clinton Anderson: Overview of Starting a Colt — What Clinton Anderson Teaches About Bit Fit
qa/horsemanship/what-are-signs-you-have-outgrown-a-horse/index.html,horsemanship,MoAzyvJVqGY,"scattered_id(total=43,home=working-cow-horse@42%)",A Life of Studying Horses — The Ken McNabb Story
qa/horsemanship/what-are-some-tips-for-finding-the-right-horse/index.html,horsemanship,MoAzyvJVqGY,"scattered_id(total=43,home=working-cow-horse@42%)",A Life of Studying Horses — The Ken McNabb Story
qa/horsemanship/what-are-some-tips-for-mounting-a-horse-the-first-time/index.html,horsemanship,oWU8YgIrNiY,"scattered_id(total=117,home=mounting-dismounting@18%)",Clinton Anderson: Overview of Starting a Colt — What Clinton Anderson Teaches About Bit Fit
qa/horsemanship/what-are-some-tips-to-finding-the-right-size-horse/index.html,horsemanship,MoAzyvJVqGY,"scattered_id(total=43,home=working-cow-horse@42%)",A Life of Studying Horses — The Ken McNabb Story
qa/horsemanship/what-are-the-advantages-of-leasing-a-horse/index.html,horsemanship,MoAzyvJVqGY,"scattered_id(total=43,home=working-cow-horse@42%)",A Life of Studying Horses — The Ken McNabb Story
qa/horsemanship/what-are-the-best-tips-for-accustoming-your-horse-to-the-saddle/index.html,horsemanship,oWU8YgIrNiY,"scattered_id(total=117,home=mounting-dismounting@18%)",Clinton Anderson: Overview of Starting a Colt — What Clinton Anderson Teaches About Bit Fit
qa/horsemanship/what-are-the-key-points-to-using-spurs-correctly-for-western-horses/index.html,horsemanship,f918N1t9mfk,"scattered_id(total=174,home=working-western-rail@13%)",Al Dunning: Speed Control and Horsemanship — Show Trainer vs. Ranch or Horsemanship Trainer
qa/horsemanship/what-are-the-keys-for-mounting-the-first-time/index.html,horsemanship,oWU8YgIrNiY,"scattered_id(total=117,home=mounting-dismounting@18%)",Clinton Anderson: Overview of Starting a Colt — What Clinton Anderson Teaches About Bit Fit
qa/horsemanship/what-are-the-keys-to-flatwork/index.html,horsemanship,f918N1t9mfk,"scattered_id(total=174,home=working-western-rail@13%)",Al Dunning: Speed Control and Horsemanship — Show Trainer vs. Ranch or Horsemanship Trainer
qa/horsemanship/what-are-the-keys-to-halter-breaking-a-young-horse/index.html,horsemanship,oWU8YgIrNiY,"scattered_id(total=117,home=mounting-dismounting@18%)",Clinton Anderson: Overview of Starting a Colt — What Clinton Anderson Teaches About Bit Fit
qa/horsemanship/what-are-the-keys-to-teaching-a-horse-how-to-neck-rein/index.html,horsemanship,hCniW-BKZpo,"scattered_id(total=37,home=neck-reining@41%)",Matt Mills: Stop Fighting the Reins — Loose Rein vs. Contact Rein in Western Performance
qa/horsemanship/what-are-the-keys-to-using-draw-reins/index.html,horsemanship,BANshLvc55g,"scattered_id(total=52,home=collection@15%)",Ken McNabb: How to Ride Your Horse With Light Hands — Identifying and Correcting a Horse That Leans on the Bit
qa/horsemanship/what-are-the-keys-to-working-with-a-problem-horse-loading-in-a-trailer/index.html,horsemanship,ComwTOq5A8Q,"scattered_id(total=107,home=versatility-ranch-horse@26%)",Ken McNabb: How to Buy the Right Horse — Can the Horse Carry My Weight
qa/horsemanship/what-are-the-most-common-faults-judges-penalize-in-western-horsemanship-patterns/index.html,horsemanship,oTQQwFzXduo,"scattered_id(total=48,home=western-pleasure@35%)",Al Dunning: Western Horsemanship — Developing the Correct Body Position for Competition
qa/horsemanship/what-are-the-most-common-training-mistakes-people-make-when-preparing-for-workin/index.html,horsemanship,f918N1t9mfk,"scattered_id(total=174,home=working-western-rail@13%)",Al Dunning: Speed Control and Horsemanship — Show Trainer vs. Ranch or Horsemanship Trainer
qa/horsemanship/what-are-the-principles-of-pressure-and-release-training/index.html,horsemanship,IInnbVEoSqg,"scattered_id(total=90,home=natural-horsemanship@26%)",Warwick Schiller: Pressure and Release — What Anderson and Parelli Say About Horses That Gape at the Bit
qa/horsemanship/what-are-the-tips-for-trailer-loading-a-young-horse/index.html,horsemanship,edVHadHZ264,"scattered_id(total=65,home=timed-events@23%)",60-Day Colt Starting — Low Stress Before & After
qa/horsemanship/what-are-walk-trot-western-classes-and-who-are-they-designed-for/index.html,horsemanship,oTQQwFzXduo,"scattered_id(total=48,home=western-pleasure@35%)",Al Dunning: Western Horsemanship — Developing the Correct Body Position for Competition
qa/horsemanship/what-can-you-do-with-a-dead-mouthed-horse/index.html,horsemanship,hCniW-BKZpo,"scattered_id(total=37,home=neck-reining@41%)",Matt Mills: Stop Fighting the Reins — Loose Rein vs. Contact Rein in Western Performance
qa/horsemanship/what-can-you-tell-me-about-clicker-training-what-is-it-and-how-does-it-work/index.html,horsemanship,DaA3wVpFoSM,"scattered_id(total=73,home=natural-horsemanship@19%)",Warwick Schiller: How to Choose a Horse Trainer
qa/horsemanship/what-do-you-do-when-a-horse-resists-the-bit-by-trying-to-spit-it-out-or-refusing/index.html,horsemanship,BANshLvc55g,"scattered_id(total=52,home=collection@15%)",Ken McNabb: How to Ride Your Horse With Light Hands — Identifying and Correcting a Horse That Leans on the Bit
qa/horsemanship/what-is-a-good-horse-to-rider-ratio/index.html,horsemanship,MoAzyvJVqGY,"scattered_id(total=43,home=working-cow-horse@42%)",A Life of Studying Horses — The Ken McNabb Story
qa/horsemanship/what-is-impulsion-and-why-is-it-important/index.html,horsemanship,s1Jr8N1B6Xc,"scattered_id(total=18,home=training-principles@28%)",Clinton Anderson: Getting Forward Movement — How to Increase Impulsion and Forward Energy in a Horse
qa/horsemanship/what-is-natural-horsemanship/index.html,horsemanship,NREoSIPWQ0E,"scattered_id(total=139,home=natural-horsemanship@16%)",Clinton Anderson: The Method — What He Says About Gadgets and Training Aids That Attach to the Bit
qa/horsemanship/what-is-the-concept-of-pressure-and-release-when-training/index.html,horsemanship,IInnbVEoSqg,"scattered_id(total=90,home=natural-horsemanship@26%)",Warwick Schiller: Pressure and Release — What Anderson and Parelli Say About Horses That Gape at the Bit
qa/horsemanship/what-is-the-correct-way-to-introduce-a-young-horse-to-its-first-rides/index.html,horsemanship,twhB7DnN02Q,"scattered_id(total=10,home=starting-young-horses@30%)",Training a Young Horse — Complete Unedited First Rides
qa/horsemanship/what-is-the-importance-of-feel-and-timing-in-riding/index.html,horsemanship,PAFejggfx6c,"scattered_id(total=48,home=reining@25%)",Andrea Fappani: Master Simple Cues — How to Find a Qualified Trainer for a Specific Discipline
qa/horsemanship/what-is-western-horsemanship-and-how-is-it-judged-at-a-quarter-horse-show/index.html,horsemanship,oTQQwFzXduo,"scattered_id(total=48,home=western-pleasure@35%)",Al Dunning: Western Horsemanship — Developing the Correct Body Position for Competition
qa/horsemanship/what-is-working-western-rail-and-how-does-it-fit-within-the-western-horse-show-w/index.html,horsemanship,oTQQwFzXduo,"scattered_id(total=48,home=western-pleasure@35%)",Al Dunning: Western Horsemanship — Developing the Correct Body Position for Competition
qa/horsemanship/what-maneuvers-appear-most-commonly-in-western-horsemanship-patterns-and-how-sho/index.html,horsemanship,oTQQwFzXduo,"scattered_id(total=48,home=western-pleasure@35%)",Al Dunning: Western Horsemanship — Developing the Correct Body Position for Competition
qa/horsemanship/what-movement-qualities-does-working-western-rail-reward-and-how-should-each-gai/index.html,horsemanship,f918N1t9mfk,"scattered_id(total=174,home=working-western-rail@13%)",Al Dunning: Speed Control and Horsemanship — Show Trainer vs. Ranch or Horsemanship Trainer
qa/horsemanship/what-qualities-of-the-jog-are-judged-in-walk-trot-western-classes/index.html,horsemanship,f918N1t9mfk,"scattered_id(total=174,home=working-western-rail@13%)",Al Dunning: Speed Control and Horsemanship — Show Trainer vs. Ranch or Horsemanship Trainer
qa/horsemanship/what-qualities-of-the-walk-are-judged-in-walk-trot-western-classes/index.html,horsemanship,f918N1t9mfk,"scattered_id(total=174,home=working-western-rail@13%)",Al Dunning: Speed Control and Horsemanship — Show Trainer vs. Ranch or Horsemanship Trainer
qa/horsemanship/what-specific-position-qualities-do-judges-reward-most-highly-in-western-horsema/index.html,horsemanship,oTQQwFzXduo,"scattered_id(total=48,home=western-pleasure@35%)",Al Dunning: Western Horsemanship — Developing the Correct Body Position for Competition
qa/horsemanship/when-is-a-good-time-to-teach-leg-yield/index.html,horsemanship,edVHadHZ264,"scattered_id(total=65,home=timed-events@23%)",60-Day Colt Starting — Low Stress Before & After
qa/horsemanship/when-longeing-how-do-i-deal-with-rebellion/index.html,horsemanship,07IltPi9yz8,"scattered_id(total=53,home=groundwork-longing@25%)",Clinton Anderson: Post 'N Circle — Counter-Canter on the Lunge Line vs. Under Saddle
qa/horsemanship/when-should-you-ride-with-a-slack-rein/index.html,horsemanship,hCniW-BKZpo,"scattered_id(total=37,home=neck-reining@41%)",Matt Mills: Stop Fighting the Reins — Loose Rein vs. Contact Rein in Western Performance
qa/horsemanship/when-should-you-start-wearing-spurs-on-a-young-horse-in-training/index.html,horsemanship,edVHadHZ264,"scattered_id(total=65,home=timed-events@23%)",60-Day Colt Starting — Low Stress Before & After
qa/horsemanship/why-are-less-people-turning-their-good-horses-out-to-pasture-anymore/index.html,horsemanship,vH9NsbtmDsg,"scattered_id(total=51,home=horse-care@31%)",Equine Veterinary — How to Manage Hauling and Travel to Keep a Horse in Good Condition Throughout a Competition Season
qa/horsemanship/why-are-western-horses-so-often-trained-to-be-behind-the-bit/index.html,horsemanship,hCniW-BKZpo,"scattered_id(total=37,home=neck-reining@41%)",Matt Mills: Stop Fighting the Reins — Loose Rein vs. Contact Rein in Western Performance
qa/horsemanship/why-can-circles-be-stressful/index.html,horsemanship,Hj5Ew8qkjMk,"scattered_id(total=77,home=natural-horsemanship@49%)",Warwick Schiller: Feel and Connection — How to Ride With a Bosal and How It Works
qa/horsemanship/why-do-horse-trainers-have-a-tendency-to-tell-new-students-they-are-a-natural/index.html,horsemanship,MoAzyvJVqGY,"scattered_id(total=43,home=working-cow-horse@42%)",A Life of Studying Horses — The Ken McNabb Story
qa/horsemanship/why-has-it-become-popular-to-roll-the-toes-on-front-feet-when-shoeing/index.html,horsemanship,vH9NsbtmDsg,"scattered_id(total=51,home=horse-care@31%)",Equine Veterinary — How to Manage Hauling and Travel to Keep a Horse in Good Condition Throughout a Competition Season
qa/horsemanship/why-is-consistency-important-in-horse-training/index.html,horsemanship,IInnbVEoSqg,"scattered_id(total=90,home=natural-horsemanship@26%)",Warwick Schiller: Pressure and Release — What Anderson and Parelli Say About Horses That Gape at the Bit
qa/horsemanship/why-is-establishing-leadership-with-your-horse-essential-to-safe-and-effective-h/index.html,horsemanship,IInnbVEoSqg,"scattered_id(total=90,home=natural-horsemanship@26%)",Warwick Schiller: Pressure and Release — What Anderson and Parelli Say About Horses That Gape at the Bit
qa/horsemanship/why-is-repetition-important-in-horse-training/index.html,horsemanship,DaA3wVpFoSM,"scattered_id(total=73,home=natural-horsemanship@19%)",Warwick Schiller: How to Choose a Horse Trainer
qa/horsemanship/why-is-the-snaffle-bit-so-popular-for-training-horses/index.html,horsemanship,gFRPuR4VVSA,"scattered_id(total=44,home=equipment@50%)",Al Dunning: How to Use the Snaffle Bit — The Complexity of How Western Curb Bits Work
qa/hunter-jumper/how-do-adult-amateur-hunters-differ-from-junior-hunters-in-judging/index.html,hunter-jumper,Yt3GL0XrMBo,"scattered_id(total=125,home=driving@36%)",USEF Network — How to Read a Judge's Card and Use the Feedback to Improve Your Next Competition
qa/hunter-jumper/how-do-adult-amateur-jumper-divisions-work/index.html,hunter-jumper,Yt3GL0XrMBo,"scattered_id(total=125,home=driving@36%)",USEF Network — How to Read a Judge's Card and Use the Feedback to Improve Your Next Competition
qa/hunter-jumper/how-do-hunter-divisions-work-at-a-horse-show/index.html,hunter-jumper,Yt3GL0XrMBo,"scattered_id(total=125,home=driving@36%)",USEF Network — How to Read a Judge's Card and Use the Feedback to Improve Your Next Competition
qa/hunter-jumper/how-do-hunter-points-and-year-end-awards-work/index.html,hunter-jumper,Yt3GL0XrMBo,"scattered_id(total=125,home=driving@36%)",USEF Network — How to Read a Judge's Card and Use the Feedback to Improve Your Next Competition
qa/hunter-jumper/how-do-jumper-points-and-rankings-work/index.html,hunter-jumper,Yt3GL0XrMBo,"scattered_id(total=125,home=driving@36%)",USEF Network — How to Read a Judge's Card and Use the Feedback to Improve Your Next Competition
qa/hunter-jumper/how-do-you-build-confidence-in-a-horse-that-is-nervous-about-jumping/index.html,hunter-jumper,KJd9paeIu40,"scattered_id(total=130,home=obstacle-training@22%)",Ken McNabb: Gaining Emotional Control — Developing a Horse That Is Calm and Focused in a Busy Ranch Horse Show Environment
qa/hunter-jumper/how-do-you-find-a-good-pony-hunter/index.html,hunter-jumper,Yt3GL0XrMBo,"scattered_id(total=125,home=driving@36%)",USEF Network — How to Read a Judge's Card and Use the Feedback to Improve Your Next Competition
qa/hunter-jumper/how-do-you-find-the-right-division-level-as-an-adult-amateur-hunter/index.html,hunter-jumper,Yt3GL0XrMBo,"scattered_id(total=125,home=driving@36%)",USEF Network — How to Read a Judge's Card and Use the Feedback to Improve Your Next Competition
qa/hunter-jumper/how-do-you-fix-a-horse-that-bucks-after-fences/index.html,hunter-jumper,NREoSIPWQ0E,"scattered_id(total=139,home=natural-horsemanship@16%)",Clinton Anderson: The Method — What He Says About Gadgets and Training Aids That Attach to the Bit
qa/hunter-jumper/how-do-you-fix-a-horse-that-spooks-at-fences/index.html,hunter-jumper,KJd9paeIu40,"scattered_id(total=130,home=obstacle-training@22%)",Ken McNabb: Gaining Emotional Control — Developing a Horse That Is Calm and Focused in a Busy Ranch Horse Show Environment
qa/hunter-jumper/how-do-you-keep-a-horse-fresh-and-motivated-in-a-long-show-season/index.html,hunter-jumper,Idbhg34M6Nc,"scattered_id(total=35,home=training-principles@26%)",When to Use the Colt Starting Series vs Fundamentals — Q&A
qa/hunter-jumper/how-do-you-manage-a-hot-or-difficult-horse-in-jumper-competition/index.html,hunter-jumper,Y1Mndc7oZJ8,"scattered_id(total=38,home=trailer-loading@32%)",Clinton Anderson: Working With Hot and Busy-Minded Horses — Maintaining Leadership
qa/hunter-jumper/how-is-pony-hunter-judging-different-from-horse-hunter-judging/index.html,hunter-jumper,Yt3GL0XrMBo,"scattered_id(total=125,home=driving@36%)",USEF Network — How to Read a Judge's Card and Use the Feedback to Improve Your Next Competition
qa/hunter-jumper/how-much-do-hunter-jumper-training-and-lessons-cost/index.html,hunter-jumper,Yt3GL0XrMBo,"scattered_id(total=125,home=driving@36%)",USEF Network — How to Read a Judge's Card and Use the Feedback to Improve Your Next Competition
qa/hunter-jumper/what-are-pony-hunter-divisions-and-how-are-they-organized/index.html,hunter-jumper,Yt3GL0XrMBo,"scattered_id(total=125,home=driving@36%)",USEF Network — How to Read a Judge's Card and Use the Feedback to Improve Your Next Competition
qa/hunter-jumper/what-are-the-adult-amateur-hunter-divisions/index.html,hunter-jumper,Yt3GL0XrMBo,"scattered_id(total=125,home=driving@36%)",USEF Network — How to Read a Judge's Card and Use the Feedback to Improve Your Next Competition
qa/hunter-jumper/what-are-the-main-divisions-in-hunter-jumper-competition/index.html,hunter-jumper,Yt3GL0XrMBo,"scattered_id(total=125,home=driving@36%)",USEF Network — How to Read a Judge's Card and Use the Feedback to Improve Your Next Competition
qa/hunter-jumper/what-are-the-most-prestigious-hunter-jumper-shows-in-america/index.html,hunter-jumper,Yt3GL0XrMBo,"scattered_id(total=125,home=driving@36%)",USEF Network — How to Read a Judge's Card and Use the Feedback to Improve Your Next Competition
qa/hunter-jumper/what-are-the-most-prestigious-pony-hunter-championships/index.html,hunter-jumper,Yt3GL0XrMBo,"scattered_id(total=125,home=driving@36%)",USEF Network — How to Read a Judge's Card and Use the Feedback to Improve Your Next Competition
qa/hunter-jumper/what-are-the-three-pony-size-divisions-and-how-are-they-measured/index.html,hunter-jumper,Yt3GL0XrMBo,"scattered_id(total=125,home=driving@36%)",USEF Network — How to Read a Judge's Card and Use the Feedback to Improve Your Next Competition
qa/hunter-jumper/what-are-the-usef-medal-and-maclay-classes/index.html,hunter-jumper,Yt3GL0XrMBo,"scattered_id(total=125,home=driving@36%)",USEF Network — How to Read a Judge's Card and Use the Feedback to Improve Your Next Competition
qa/hunter-jumper/what-breeds-make-the-best-pony-hunters/index.html,hunter-jumper,Yt3GL0XrMBo,"scattered_id(total=125,home=driving@36%)",USEF Network — How to Read a Judge's Card and Use the Feedback to Improve Your Next Competition
qa/hunter-jumper/what-does-natural-horsemanship-contribute-to-hunter-jumper-training/index.html,hunter-jumper,IInnbVEoSqg,"scattered_id(total=90,home=natural-horsemanship@26%)",Warwick Schiller: Pressure and Release — What Anderson and Parelli Say About Horses That Gape at the Bit
qa/hunter-jumper/what-does-natural-horsemanship-offer-as-solutions-to-jumping-problems/index.html,hunter-jumper,NREoSIPWQ0E,"scattered_id(total=139,home=natural-horsemanship@16%)",Clinton Anderson: The Method — What He Says About Gadgets and Training Aids That Attach to the Bit
qa/hunter-jumper/what-equipment-do-you-need-to-ride-hunter-jumper/index.html,hunter-jumper,Yt3GL0XrMBo,"scattered_id(total=125,home=driving@36%)",USEF Network — How to Read a Judge's Card and Use the Feedback to Improve Your Next Competition
qa/hunter-jumper/what-fence-heights-are-typical-in-adult-amateur-hunter-divisions/index.html,hunter-jumper,Yt3GL0XrMBo,"scattered_id(total=125,home=driving@36%)",USEF Network — How to Read a Judge's Card and Use the Feedback to Improve Your Next Competition
qa/hunter-jumper/what-is-a-champion-and-reserve-champion-in-hunters/index.html,hunter-jumper,Yt3GL0XrMBo,"scattered_id(total=125,home=driving@36%)",USEF Network — How to Read a Judge's Card and Use the Feedback to Improve Your Next Competition
qa/hunter-jumper/what-is-a-flying-lead-change-and-how-is-it-developed-for-jumpers/index.html,hunter-jumper,0tu1M4abZMU,"scattered_id(total=34,home=lead-changes@68%)",Larry Trocha: Flying Lead Changes — Do Flying Changes Require Collection Similar to Shoulder-In
qa/hunter-jumper/what-is-a-simple-lead-change-and-when-do-you-use-it/index.html,hunter-jumper,0tu1M4abZMU,"scattered_id(total=34,home=lead-changes@68%)",Larry Trocha: Flying Lead Changes — Do Flying Changes Require Collection Similar to Shoulder-In
qa/hunter-jumper/what-is-counter-canter-and-why-does-it-matter-for-jumpers/index.html,hunter-jumper,1DhWU4y6wIs,"scattered_id(total=28,home=counter-canter@64%)",Clinton Anderson: Counter Cantering — What Is Counter-Canter and How to Ride It
qa/hunter-jumper/what-is-the-difference-between-amateur-owner-and-adult-amateur-in-hunters/index.html,hunter-jumper,Yt3GL0XrMBo,"scattered_id(total=125,home=driving@36%)",USEF Network — How to Read a Judge's Card and Use the Feedback to Improve Your Next Competition
qa/hunter-jumper/what-is-the-difference-between-schooling-and-showing-in-hunter-jumper/index.html,hunter-jumper,Yt3GL0XrMBo,"scattered_id(total=125,home=driving@36%)",USEF Network — How to Read a Judge's Card and Use the Feedback to Improve Your Next Competition
qa/hunter-jumper/what-is-the-order-of-go-in-hunter-classes/index.html,hunter-jumper,Yt3GL0XrMBo,"scattered_id(total=125,home=driving@36%)",USEF Network — How to Read a Judge's Card and Use the Feedback to Improve Your Next Competition
qa/hunter-jumper/what-is-the-pessoausef-hunter-seat-medal/index.html,hunter-jumper,Yt3GL0XrMBo,"scattered_id(total=125,home=driving@36%)",USEF Network — How to Read a Judge's Card and Use the Feedback to Improve Your Next Competition
qa/hunter-jumper/what-is-the-usef-jumper-rating-system/index.html,hunter-jumper,Yt3GL0XrMBo,"scattered_id(total=125,home=driving@36%)",USEF Network — How to Read a Judge's Card and Use the Feedback to Improve Your Next Competition
qa/hunter-jumper/what-is-the-uset-and-what-role-does-it-play-in-american-jumping/index.html,hunter-jumper,Yt3GL0XrMBo,"scattered_id(total=125,home=driving@36%)",USEF Network — How to Read a Judge's Card and Use the Feedback to Improve Your Next Competition
qa/hunter-jumper/what-is-the-ushja-adult-amateur-hunter-program/index.html,hunter-jumper,Yt3GL0XrMBo,"scattered_id(total=125,home=driving@36%)",USEF Network — How to Read a Judge's Card and Use the Feedback to Improve Your Next Competition
qa/hunter-jumper/what-is-the-ushja-and-what-role-does-it-play-in-hunter-jumper/index.html,hunter-jumper,Yt3GL0XrMBo,"scattered_id(total=125,home=driving@36%)",USEF Network — How to Read a Judge's Card and Use the Feedback to Improve Your Next Competition
qa/hunter-jumper/what-is-the-ushja-hunter-derby-and-how-is-it-different-from-regular-hunters/index.html,hunter-jumper,Yt3GL0XrMBo,"scattered_id(total=125,home=driving@36%)",USEF Network — How to Read a Judge's Card and Use the Feedback to Improve Your Next Competition
qa/hunter-jumper/what-makes-a-good-pony-hunter/index.html,hunter-jumper,Yt3GL0XrMBo,"scattered_id(total=125,home=driving@36%)",USEF Network — How to Read a Judge's Card and Use the Feedback to Improve Your Next Competition
qa/hunter-jumper/what-makes-the-pony-hunter-division-special-in-american-hunter-jumper/index.html,hunter-jumper,Yt3GL0XrMBo,"scattered_id(total=125,home=driving@36%)",USEF Network — How to Read a Judge's Card and Use the Feedback to Improve Your Next Competition
qa/hunter-jumper/what-should-a-pre-purchase-exam-include-for-a-hunter-jumper-horse/index.html,hunter-jumper,vH9NsbtmDsg,"scattered_id(total=51,home=horse-care@31%)",Equine Veterinary — How to Manage Hauling and Travel to Keep a Horse in Good Condition Throughout a Competition Season
qa/imprinting/how-do-you-correct-a-foal-that-is-already-showing-spoiled-behavior-without-traum/index.html,imprinting,Hj5Ew8qkjMk,"scattered_id(total=77,home=natural-horsemanship@49%)",Warwick Schiller: Feel and Connection — How to Ride With a Bosal and How It Works
qa/imprinting/how-do-you-prevent-a-foal-from-becoming-pushy-or-nippy-during-handling/index.html,imprinting,s1Jr8N1B6Xc,"scattered_id(total=18,home=training-principles@28%)",Clinton Anderson: Getting Forward Movement — How to Increase Impulsion and Forward Energy in a Horse
qa/imprinting/how-do-you-prevent-a-foal-from-developing-disrespect-for-personal-space/index.html,imprinting,s1Jr8N1B6Xc,"scattered_id(total=18,home=training-principles@28%)",Clinton Anderson: Getting Forward Movement — How to Increase Impulsion and Forward Energy in a Horse
qa/imprinting/how-does-over-handling-or-too-much-freedom-create-a-spoiled-foal/index.html,imprinting,NREoSIPWQ0E,"scattered_id(total=139,home=natural-horsemanship@16%)",Clinton Anderson: The Method — What He Says About Gadgets and Training Aids That Attach to the Bit
qa/imprinting/how-should-you-handle-a-foal-in-the-first-weeks-after-birth/index.html,imprinting,BANshLvc55g,"scattered_id(total=52,home=collection@15%)",Ken McNabb: How to Ride Your Horse With Light Hands — Identifying and Correcting a Horse That Leans on the Bit
qa/imprinting/is-talking-to-a-foal-a-good-idea-and-what-effect-does-it-have/index.html,imprinting,BANshLvc55g,"scattered_id(total=52,home=collection@15%)",Ken McNabb: How to Ride Your Horse With Light Hands — Identifying and Correcting a Horse That Leans on the Bit
qa/imprinting/what-is-a-spoiled-foal-and-how-does-improper-handling-create-one/index.html,imprinting,NREoSIPWQ0E,"scattered_id(total=139,home=natural-horsemanship@16%)",Clinton Anderson: The Method — What He Says About Gadgets and Training Aids That Attach to the Bit
qa/imprinting/what-is-the-difference-between-a-confident-foal-and-a-spoiled-one-and-how-do-you/index.html,imprinting,NREoSIPWQ0E,"scattered_id(total=139,home=natural-horsemanship@16%)",Clinton Anderson: The Method — What He Says About Gadgets and Training Aids That Attach to the Bit
qa/imprinting/why-is-a-low-stress-weaning-method-better-for-a-foals-future-training/index.html,imprinting,IInnbVEoSqg,"scattered_id(total=90,home=natural-horsemanship@26%)",Warwick Schiller: Pressure and Release — What Anderson and Parelli Say About Horses That Gape at the Bit
qa/imprinting/why-should-you-loop-the-lead-around-the-post-and-hold-it-by-hand-when-first-teac/index.html,imprinting,BANshLvc55g,"scattered_id(total=52,home=collection@15%)",Ken McNabb: How to Ride Your Horse With Light Hands — Identifying and Correcting a Horse That Leans on the Bit
qa/lateral-work-suppling/explain-what-spiral-in-and-spiral-out-is/index.html,lateral-work-suppling,07IltPi9yz8,"scattered_id(total=53,home=groundwork-longing@25%)",Clinton Anderson: Post 'N Circle — Counter-Canter on the Lunge Line vs. Under Saddle
qa/lateral-work-suppling/explain-what-spiraling-is-in-the-form-of-an-exercise/index.html,lateral-work-suppling,07IltPi9yz8,"scattered_id(total=53,home=groundwork-longing@25%)",Clinton Anderson: Post 'N Circle — Counter-Canter on the Lunge Line vs. Under Saddle
qa/lateral-work-suppling/how-do-i-introduce-lateral-work-in-my-young-horse/index.html,lateral-work-suppling,jahmDTCy5nU,"scattered_id(total=48,home=horsemanship@29%)",Ken McNabb: Teaching Your Horse to Move Off Seat and Legs — Introducing Lateral Work to a Young Horse
qa/lateral-work-suppling/how-do-i-master-the-turn-on-the-forehand-with-leg-yields/index.html,lateral-work-suppling,jahmDTCy5nU,"scattered_id(total=48,home=horsemanship@29%)",Ken McNabb: Teaching Your Horse to Move Off Seat and Legs — Introducing Lateral Work to a Young Horse
qa/lateral-work-suppling/how-do-i-soften-a-stiff-horse/index.html,lateral-work-suppling,oMn35EhR_Zg,"scattered_id(total=55,home=horsemanship@24%)",Warwick Schiller: Benefits of Teaching a Horse to Back Up — What He Says About Horses Behind the Bit
qa/lateral-work-suppling/how-do-i-teach-a-horse-to-move-its-hindquarters-over-from-leg-pressure/index.html,lateral-work-suppling,jahmDTCy5nU,"scattered_id(total=48,home=horsemanship@29%)",Ken McNabb: Teaching Your Horse to Move Off Seat and Legs — Introducing Lateral Work to a Young Horse
qa/lateral-work-suppling/how-do-i-teach-a-horse-to-move-off-my-leg-without-becoming-dull-to-the-spur/index.html,lateral-work-suppling,jahmDTCy5nU,"scattered_id(total=48,home=horsemanship@29%)",Ken McNabb: Teaching Your Horse to Move Off Seat and Legs — Introducing Lateral Work to a Young Horse
qa/lateral-work-suppling/how-do-i-teach-my-horse-to-move-off-my-leg/index.html,lateral-work-suppling,jahmDTCy5nU,"scattered_id(total=48,home=horsemanship@29%)",Ken McNabb: Teaching Your Horse to Move Off Seat and Legs — Introducing Lateral Work to a Young Horse
qa/lateral-work-suppling/how-do-you-begin-teaching-the-turn-on-the-center-from-the-ground/index.html,lateral-work-suppling,aASS-342kdo,"scattered_id(total=117,home=horsemanship@18%)",Ken McNabb: Ground Work — Preparing Your Horse to Ride
qa/lateral-work-suppling/how-do-you-teach-a-horse-lateral-flexion/index.html,lateral-work-suppling,oMn35EhR_Zg,"scattered_id(total=55,home=horsemanship@24%)",Warwick Schiller: Benefits of Teaching a Horse to Back Up — What He Says About Horses Behind the Bit
qa/lateral-work-suppling/how-do-you-use-leg-aids-to-control-both-ends-during-the-turn-on-the-center/index.html,lateral-work-suppling,jahmDTCy5nU,"scattered_id(total=48,home=horsemanship@29%)",Ken McNabb: Teaching Your Horse to Move Off Seat and Legs — Introducing Lateral Work to a Young Horse
qa/lateral-work-suppling/how-to-teach-a-horse-to-yield-to-leg-pressure/index.html,lateral-work-suppling,jahmDTCy5nU,"scattered_id(total=48,home=horsemanship@29%)",Ken McNabb: Teaching Your Horse to Move Off Seat and Legs — Introducing Lateral Work to a Young Horse
qa/lateral-work-suppling/i-have-a-young-horse-i-need-to-teach-leg-yield-what-can-i-do/index.html,lateral-work-suppling,jahmDTCy5nU,"scattered_id(total=48,home=horsemanship@29%)",Ken McNabb: Teaching Your Horse to Move Off Seat and Legs — Introducing Lateral Work to a Young Horse
qa/lateral-work-suppling/index.html,lateral-work-suppling,KJd9paeIu40,"scattered_id(total=130,home=obstacle-training@22%)",Ken McNabb: Gaining Emotional Control — Developing a Horse That Is Calm and Focused in a Busy Ranch Horse Show Environment
qa/lateral-work-suppling/is-longeing-good-for-a-stiff-horse/index.html,lateral-work-suppling,07IltPi9yz8,"scattered_id(total=53,home=groundwork-longing@25%)",Clinton Anderson: Post 'N Circle — Counter-Canter on the Lunge Line vs. Under Saddle
qa/lateral-work-suppling/my-horse-doesnt-yield-to-leg-pressure-what-can-i-do/index.html,lateral-work-suppling,jahmDTCy5nU,"scattered_id(total=48,home=horsemanship@29%)",Ken McNabb: Teaching Your Horse to Move Off Seat and Legs — Introducing Lateral Work to a Young Horse
qa/lateral-work-suppling/my-horse-has-too-much-turn-on-the-forehand-what-can-i-do/index.html,lateral-work-suppling,jahmDTCy5nU,"scattered_id(total=48,home=horsemanship@29%)",Ken McNabb: Teaching Your Horse to Move Off Seat and Legs — Introducing Lateral Work to a Young Horse
qa/lateral-work-suppling/my-horse-is-stiff-to-the-right-what-can-i-do-about-that/index.html,lateral-work-suppling,oMn35EhR_Zg,"scattered_id(total=55,home=horsemanship@24%)",Warwick Schiller: Benefits of Teaching a Horse to Back Up — What He Says About Horses Behind the Bit
qa/lateral-work-suppling/tips-to-teach-a-horse-to-yield-to-leg-pressure/index.html,lateral-work-suppling,jahmDTCy5nU,"scattered_id(total=48,home=horsemanship@29%)",Ken McNabb: Teaching Your Horse to Move Off Seat and Legs — Introducing Lateral Work to a Young Horse
qa/lateral-work-suppling/what-are-good-exercises-to-make-the-horse-more-supple/index.html,lateral-work-suppling,oMn35EhR_Zg,"scattered_id(total=55,home=horsemanship@24%)",Warwick Schiller: Benefits of Teaching a Horse to Back Up — What He Says About Horses Behind the Bit
qa/lateral-work-suppling/what-are-some-tips-to-improving-the-horses-yielding-to-leg-pressure/index.html,lateral-work-suppling,jahmDTCy5nU,"scattered_id(total=48,home=horsemanship@29%)",Ken McNabb: Teaching Your Horse to Move Off Seat and Legs — Introducing Lateral Work to a Young Horse
qa/lateral-work-suppling/what-training-foundations-are-required-before-teaching-the-turn-on-the-center/index.html,lateral-work-suppling,jahmDTCy5nU,"scattered_id(total=48,home=horsemanship@29%)",Ken McNabb: Teaching Your Horse to Move Off Seat and Legs — Introducing Lateral Work to a Young Horse
qa/lateral-work-suppling/when-is-a-good-time-to-teach-leg-yield/index.html,lateral-work-suppling,edVHadHZ264,"scattered_id(total=65,home=timed-events@23%)",60-Day Colt Starting — Low Stress Before & After
qa/lateral-work-suppling/why-are-most-horses-one-sided/index.html,lateral-work-suppling,oMn35EhR_Zg,"scattered_id(total=55,home=horsemanship@24%)",Warwick Schiller: Benefits of Teaching a Horse to Back Up — What He Says About Horses Behind the Bit
qa/lead-changes/how-are-flying-lead-changes-judged-in-western-riding-and-what-do-judges-look-for/index.html,lead-changes,f918N1t9mfk,"scattered_id(total=174,home=working-western-rail@13%)",Al Dunning: Speed Control and Horsemanship — Show Trainer vs. Ranch or Horsemanship Trainer
qa/lead-changes/how-do-i-develop-a-smooth-flying-lead-change-for-a-ranch-riding-pattern/index.html,lead-changes,f918N1t9mfk,"scattered_id(total=174,home=working-western-rail@13%)",Al Dunning: Speed Control and Horsemanship — Show Trainer vs. Ranch or Horsemanship Trainer
qa/lead-changes/how-do-lead-changes-differ-between-a-horse-ridden-in-a-snaffle-and-one-ridden-in/index.html,lead-changes,gFRPuR4VVSA,"scattered_id(total=44,home=equipment@50%)",Al Dunning: How to Use the Snaffle Bit — The Complexity of How Western Curb Bits Work
qa/lead-changes/how-do-lead-changes-work-in-trail-class-and-what-standard-is-required/index.html,lead-changes,f918N1t9mfk,"scattered_id(total=174,home=working-western-rail@13%)",Al Dunning: Speed Control and Horsemanship — Show Trainer vs. Ranch or Horsemanship Trainer
qa/lead-changes/how-do-you-develop-lead-changes-in-a-horse-being-prepared-for-ranch-riding-compe/index.html,lead-changes,f918N1t9mfk,"scattered_id(total=174,home=working-western-rail@13%)",Al Dunning: Speed Control and Horsemanship — Show Trainer vs. Ranch or Horsemanship Trainer
qa/lead-changes/how-does-clinton-anderson-approach-teaching-the-first-flying-lead-change/index.html,lead-changes,1DhWU4y6wIs,"scattered_id(total=28,home=counter-canter@64%)",Clinton Anderson: Counter Cantering — What Is Counter-Canter and How to Ride It
qa/lead-changes/how-does-collection-affect-the-quality-of-flying-lead-changes-and-why-do-more-co/index.html,lead-changes,PAFejggfx6c,"scattered_id(total=48,home=reining@25%)",Andrea Fappani: Master Simple Cues — How to Find a Qualified Trainer for a Specific Discipline
qa/lead-changes/how-does-pat-parelli-approach-teaching-lead-changes-within-his-natural-horsemans/index.html,lead-changes,eFJBZn_VVLU,"scattered_id(total=15,home=natural-horsemanship@53%)",Pat Parelli: Natural Horsemanship — Bitless Bridles: How They Work
qa/lead-changes/index.html,lead-changes,1DhWU4y6wIs,"scattered_id(total=28,home=counter-canter@64%)",Clinton Anderson: Counter Cantering — What Is Counter-Canter and How to Ride It
qa/lead-changes/what-does-warwick-schiller-say-about-horses-that-swap-leads-due-to-fear-or-stres/index.html,lead-changes,Hj5Ew8qkjMk,"scattered_id(total=77,home=natural-horsemanship@49%)",Warwick Schiller: Feel and Connection — How to Ride With a Bosal and How It Works
qa/lead-changes/what-is-counter-canter-and-why-is-it-trained-as-a-lead-change-prerequisite/index.html,lead-changes,1DhWU4y6wIs,"scattered_id(total=28,home=counter-canter@64%)",Clinton Anderson: Counter Cantering — What Is Counter-Canter and How to Ride It
qa/lead-changes/what-is-the-difference-between-a-lead-change-in-reining-and-in-western-riding/index.html,lead-changes,f918N1t9mfk,"scattered_id(total=174,home=working-western-rail@13%)",Al Dunning: Speed Control and Horsemanship — Show Trainer vs. Ranch or Horsemanship Trainer
qa/lead-changes/what-is-the-riders-position-and-body-aid-for-asking-a-flying-lead-change/index.html,lead-changes,9cc779oOQyU,"scattered_id(total=13,home=reining@31%)",Reining Training — Centered Riding: What It Is and the Keys to Execution
qa/leadership-bonding/can-you-bond-with-a-horse-you-did-not-raise-from-a-foal/index.html,leadership-bonding,IInnbVEoSqg,"scattered_id(total=90,home=natural-horsemanship@26%)",Warwick Schiller: Pressure and Release — What Anderson and Parelli Say About Horses That Gape at the Bit
qa/leadership-bonding/does-a-horse-actually-love-its-owner-and-what-does-the-science-and-trainer-exper/index.html,leadership-bonding,IInnbVEoSqg,"scattered_id(total=90,home=natural-horsemanship@26%)",Warwick Schiller: Pressure and Release — What Anderson and Parelli Say About Horses That Gape at the Bit
qa/leadership-bonding/how-do-you-establish-control-of-your-horses-personal-space-as-the-foundation-of/index.html,leadership-bonding,s1Jr8N1B6Xc,"scattered_id(total=18,home=training-principles@28%)",Clinton Anderson: Getting Forward Movement — How to Increase Impulsion and Forward Energy in a Horse
qa/leadership-bonding/how-do-you-know-if-your-horse-genuinely-trusts-you-versus-simply-tolerating-you/index.html,leadership-bonding,DaA3wVpFoSM,"scattered_id(total=73,home=natural-horsemanship@19%)",Warwick Schiller: How to Choose a Horse Trainer
qa/leadership-bonding/how-do-you-maintain-leadership-with-a-horse-that-tests-boundaries-or-challenges/index.html,leadership-bonding,NREoSIPWQ0E,"scattered_id(total=139,home=natural-horsemanship@16%)",Clinton Anderson: The Method — What He Says About Gadgets and Training Aids That Attach to the Bit
qa/leadership-bonding/how-do-you-rebuild-trust-with-a-horse-that-has-been-handled-incorrectly-or-abusi/index.html,leadership-bonding,IInnbVEoSqg,"scattered_id(total=90,home=natural-horsemanship@26%)",Warwick Schiller: Pressure and Release — What Anderson and Parelli Say About Horses That Gape at the Bit
qa/leadership-bonding/how-do-you-use-pressure-and-release-correctly-to-establish-leadership-without-cr/index.html,leadership-bonding,Hj5Ew8qkjMk,"scattered_id(total=77,home=natural-horsemanship@49%)",Warwick Schiller: Feel and Connection — How to Ride With a Bosal and How It Works
qa/leadership-bonding/how-does-clinton-andersons-philosophy-of-earning-respect-differ-from-demanding-i/index.html,leadership-bonding,NREoSIPWQ0E,"scattered_id(total=139,home=natural-horsemanship@16%)",Clinton Anderson: The Method — What He Says About Gadgets and Training Aids That Attach to the Bit
qa/leadership-bonding/how-does-consistent-handling-establish-your-horses-trust-in-your-leadership/index.html,leadership-bonding,BANshLvc55g,"scattered_id(total=52,home=collection@15%)",Ken McNabb: How to Ride Your Horse With Light Hands — Identifying and Correcting a Horse That Leans on the Bit
qa/leadership-bonding/how-does-controlling-your-horses-feet-establish-leadership-on-the-ground/index.html,leadership-bonding,s1Jr8N1B6Xc,"scattered_id(total=18,home=training-principles@28%)",Clinton Anderson: Getting Forward Movement — How to Increase Impulsion and Forward Energy in a Horse
qa/leadership-bonding/how-does-daily-handling-and-routine-build-trust-and-connection-with-a-horse/index.html,leadership-bonding,BANshLvc55g,"scattered_id(total=52,home=collection@15%)",Ken McNabb: How to Ride Your Horse With Light Hands — Identifying and Correcting a Horse That Leans on the Bit
qa/leadership-bonding/how-does-emotional-regulation-in-the-handler-affect-the-horse-and-what-do-schill/index.html,leadership-bonding,IInnbVEoSqg,"scattered_id(total=90,home=natural-horsemanship@26%)",Warwick Schiller: Pressure and Release — What Anderson and Parelli Say About Horses That Gape at the Bit
qa/leadership-bonding/how-does-groundwork-contribute-to-bonding-beyond-its-role-in-training/index.html,leadership-bonding,oMn35EhR_Zg,"scattered_id(total=55,home=horsemanship@24%)",Warwick Schiller: Benefits of Teaching a Horse to Back Up — What He Says About Horses Behind the Bit
qa/leadership-bonding/how-does-parellis-concept-of-the-human-becoming-the-horses-herd-work-in-practice/index.html,leadership-bonding,GGvsSnEVpxA,"scattered_id(total=26,home=desensitization-sacking-out@12%)",Pat Parelli: Natural Horsemanship — What Happened to Pat Parelli
qa/leadership-bonding/how-does-patience-and-emotional-consistency-from-the-handler-shape-the-bond-over/index.html,leadership-bonding,IInnbVEoSqg,"scattered_id(total=90,home=natural-horsemanship@26%)",Warwick Schiller: Pressure and Release — What Anderson and Parelli Say About Horses That Gape at the Bit
qa/leadership-bonding/how-does-reading-and-responding-to-your-horses-body-language-strengthen-the-bond/index.html,leadership-bonding,oMn35EhR_Zg,"scattered_id(total=55,home=horsemanship@24%)",Warwick Schiller: Benefits of Teaching a Horse to Back Up — What He Says About Horses Behind the Bit
qa/leadership-bonding/how-does-schillers-idea-of-doing-less-and-being-more-apply-to-building-the-bond/index.html,leadership-bonding,IInnbVEoSqg,"scattered_id(total=90,home=natural-horsemanship@26%)",Warwick Schiller: Pressure and Release — What Anderson and Parelli Say About Horses That Gape at the Bit
qa/leadership-bonding/how-does-warwick-schiller-build-secure-attachment-with-a-horse-and-what-does-the/index.html,leadership-bonding,IInnbVEoSqg,"scattered_id(total=90,home=natural-horsemanship@26%)",Warwick Schiller: Pressure and Release — What Anderson and Parelli Say About Horses That Gape at the Bit
qa/leadership-bonding/how-does-warwick-schiller-use-the-concept-of-being-a-safe-base-and-how-is-it-dif/index.html,leadership-bonding,IInnbVEoSqg,"scattered_id(total=90,home=natural-horsemanship@26%)",Warwick Schiller: Pressure and Release — What Anderson and Parelli Say About Horses That Gape at the Bit
qa/leadership-bonding/how-important-is-it-to-spend-time-with-your-horse-outside-of-riding-and-training/index.html,leadership-bonding,IInnbVEoSqg,"scattered_id(total=90,home=natural-horsemanship@26%)",Warwick Schiller: Pressure and Release — What Anderson and Parelli Say About Horses That Gape at the Bit
qa/leadership-bonding/what-are-the-signs-that-a-horse-has-genuinely-bonded-with-its-handler-versus-sim/index.html,leadership-bonding,DaA3wVpFoSM,"scattered_id(total=73,home=natural-horsemanship@19%)",Warwick Schiller: How to Choose a Horse Trainer
qa/leadership-bonding/what-does-clinton-anderson-say-about-consistency-and-how-it-builds-trust-over-ti/index.html,leadership-bonding,NREoSIPWQ0E,"scattered_id(total=139,home=natural-horsemanship@16%)",Clinton Anderson: The Method — What He Says About Gadgets and Training Aids That Attach to the Bit
qa/leadership-bonding/what-does-parelli-say-about-horses-that-seem-aloof-or-uninterested-in-humans-and/index.html,leadership-bonding,GGvsSnEVpxA,"scattered_id(total=26,home=desensitization-sacking-out@12%)",Pat Parelli: Natural Horsemanship — What Happened to Pat Parelli
qa/leadership-bonding/what-does-pat-parelli-mean-when-he-says-horses-need-a-leader-not-a-friend-and-ho/index.html,leadership-bonding,GGvsSnEVpxA,"scattered_id(total=26,home=desensitization-sacking-out@12%)",Pat Parelli: Natural Horsemanship — What Happened to Pat Parelli
qa/leadership-bonding/what-does-warwick-schiller-mean-by-attachment-theory-in-horse-training-and-where/index.html,leadership-bonding,IInnbVEoSqg,"scattered_id(total=90,home=natural-horsemanship@26%)",Warwick Schiller: Pressure and Release — What Anderson and Parelli Say About Horses That Gape at the Bit
qa/leadership-bonding/what-does-warwick-schiller-say-about-the-difference-between-a-horse-that-is-with/index.html,leadership-bonding,IInnbVEoSqg,"scattered_id(total=90,home=natural-horsemanship@26%)",Warwick Schiller: Pressure and Release — What Anderson and Parelli Say About Horses That Gape at the Bit
qa/leadership-bonding/what-is-the-connection-between-a-horses-behavior-problems-and-the-quality-of-the/index.html,leadership-bonding,oMn35EhR_Zg,"scattered_id(total=55,home=horsemanship@24%)",Warwick Schiller: Benefits of Teaching a Horse to Back Up — What He Says About Horses Behind the Bit
qa/leadership-bonding/what-role-does-play-have-in-building-a-bond-with-a-horse-according-to-parelli/index.html,leadership-bonding,eFJBZn_VVLU,"scattered_id(total=15,home=natural-horsemanship@53%)",Pat Parelli: Natural Horsemanship — Bitless Bridles: How They Work
qa/leadership-bonding/why-is-developing-a-bond-with-your-horse-important-and-what-does-it-look-like-in/index.html,leadership-bonding,IInnbVEoSqg,"scattered_id(total=90,home=natural-horsemanship@26%)",Warwick Schiller: Pressure and Release — What Anderson and Parelli Say About Horses That Gape at the Bit
qa/leadership-bonding/why-is-establishing-leadership-with-your-horse-essential-to-safe-and-effective-h/index.html,leadership-bonding,NREoSIPWQ0E,"scattered_id(total=139,home=natural-horsemanship@16%)",Clinton Anderson: The Method — What He Says About Gadgets and Training Aids That Attach to the Bit
qa/mounted-shooting/how-do-i-build-my-horses-speed-and-rate-between-balloons-without-sacrificing-con/index.html,mounted-shooting,f918N1t9mfk,"scattered_id(total=174,home=working-western-rail@13%)",Al Dunning: Speed Control and Horsemanship — Show Trainer vs. Ranch or Horsemanship Trainer
qa/mounted-shooting/how-do-i-condition-a-mounted-shooting-horse-for-the-athletic-demands-of-competit/index.html,mounted-shooting,f918N1t9mfk,"scattered_id(total=174,home=working-western-rail@13%)",Al Dunning: Speed Control and Horsemanship — Show Trainer vs. Ranch or Horsemanship Trainer
qa/mounted-shooting/how-do-i-deal-with-balloon-misses-during-a-run-without-losing-composure/index.html,mounted-shooting,nzrQT3GGJWA,"scattered_id(total=21,home=timed-events@52%)",Fallon Taylor: Barrel Racing Fundamentals — Dealing With Balloon Misses During a Run Without Losing Composure
qa/mounted-shooting/how-do-i-desensitize-a-horse-to-gunfire-for-mounted-shooting/index.html,mounted-shooting,07IltPi9yz8,"scattered_id(total=53,home=groundwork-longing@25%)",Clinton Anderson: Post 'N Circle — Counter-Canter on the Lunge Line vs. Under Saddle
qa/mounted-shooting/how-do-i-develop-a-consistent-pre-run-routine-for-mounted-shooting-competition/index.html,mounted-shooting,DaA3wVpFoSM,"scattered_id(total=73,home=natural-horsemanship@19%)",Warwick Schiller: How to Choose a Horse Trainer
qa/mounted-shooting/how-do-i-develop-accurate-shooting-while-riding-at-speed/index.html,mounted-shooting,nzrQT3GGJWA,"scattered_id(total=21,home=timed-events@52%)",Fallon Taylor: Barrel Racing Fundamentals — Dealing With Balloon Misses During a Run Without Losing Composure
qa/mounted-shooting/how-do-i-develop-efficient-course-geometry-for-faster-competitive-times/index.html,mounted-shooting,nzrQT3GGJWA,"scattered_id(total=21,home=timed-events@52%)",Fallon Taylor: Barrel Racing Fundamentals — Dealing With Balloon Misses During a Run Without Losing Composure
qa/mounted-shooting/how-do-i-develop-focus-and-mental-toughness-for-mounted-shooting-runs/index.html,mounted-shooting,DaA3wVpFoSM,"scattered_id(total=73,home=natural-horsemanship@19%)",Warwick Schiller: How to Choose a Horse Trainer
qa/mounted-shooting/how-do-i-get-started-in-mounted-shooting-competition/index.html,mounted-shooting,NREoSIPWQ0E,"scattered_id(total=139,home=natural-horsemanship@16%)",Clinton Anderson: The Method — What He Says About Gadgets and Training Aids That Attach to the Bit
qa/mounted-shooting/how-do-i-handle-a-horse-that-becomes-increasingly-difficult-as-a-competition-day/index.html,mounted-shooting,oWU8YgIrNiY,"scattered_id(total=117,home=mounting-dismounting@18%)",Clinton Anderson: Overview of Starting a Colt — What Clinton Anderson Teaches About Bit Fit
qa/mounted-shooting/how-do-i-improve-my-shooting-accuracy-in-mounted-shooting-competition/index.html,mounted-shooting,nzrQT3GGJWA,"scattered_id(total=21,home=timed-events@52%)",Fallon Taylor: Barrel Racing Fundamentals — Dealing With Balloon Misses During a Run Without Losing Composure
qa/mounted-shooting/how-do-i-introduce-a-child-or-young-rider-to-mounted-shooting-safely/index.html,mounted-shooting,BANshLvc55g,"scattered_id(total=52,home=collection@15%)",Ken McNabb: How to Ride Your Horse With Light Hands — Identifying and Correcting a Horse That Leans on the Bit
qa/mounted-shooting/how-do-i-introduce-my-horse-to-gunfire-safely-and-at-what-pace/index.html,mounted-shooting,07IltPi9yz8,"scattered_id(total=53,home=groundwork-longing@25%)",Clinton Anderson: Post 'N Circle — Counter-Canter on the Lunge Line vs. Under Saddle
qa/mounted-shooting/how-do-i-manage-my-horses-energy-and-excitement-during-a-mounted-shooting-compet/index.html,mounted-shooting,oWU8YgIrNiY,"scattered_id(total=117,home=mounting-dismounting@18%)",Clinton Anderson: Overview of Starting a Colt — What Clinton Anderson Teaches About Bit Fit
qa/mounted-shooting/how-do-i-practice-mounted-shooting-at-home-between-competitions/index.html,mounted-shooting,nzrQT3GGJWA,"scattered_id(total=21,home=timed-events@52%)",Fallon Taylor: Barrel Racing Fundamentals — Dealing With Balloon Misses During a Run Without Losing Composure
qa/mounted-shooting/how-do-i-select-a-course-pattern-practice-strategy-at-home/index.html,mounted-shooting,nzrQT3GGJWA,"scattered_id(total=21,home=timed-events@52%)",Fallon Taylor: Barrel Racing Fundamentals — Dealing With Balloon Misses During a Run Without Losing Composure
qa/mounted-shooting/how-do-i-train-the-revolver-transition-between-the-first-and-second-gun/index.html,mounted-shooting,nzrQT3GGJWA,"scattered_id(total=21,home=timed-events@52%)",Fallon Taylor: Barrel Racing Fundamentals — Dealing With Balloon Misses During a Run Without Losing Composure
qa/mounted-shooting/how-do-i-transition-from-single-stage-practice-to-competitive-mounted-shooting-e/index.html,mounted-shooting,nzrQT3GGJWA,"scattered_id(total=21,home=timed-events@52%)",Fallon Taylor: Barrel Racing Fundamentals — Dealing With Balloon Misses During a Run Without Losing Composure
qa/mounted-shooting/how-does-a-mounted-shooting-course-pattern-work-and-how-is-it-scored/index.html,mounted-shooting,nzrQT3GGJWA,"scattered_id(total=21,home=timed-events@52%)",Fallon Taylor: Barrel Racing Fundamentals — Dealing With Balloon Misses During a Run Without Losing Composure
qa/mounted-shooting/what-are-the-different-class-levels-in-mounted-shooting-and-how-do-i-know-which/index.html,mounted-shooting,NREoSIPWQ0E,"scattered_id(total=139,home=natural-horsemanship@16%)",Clinton Anderson: The Method — What He Says About Gadgets and Training Aids That Attach to the Bit
qa/mounted-shooting/what-equipment-is-required-for-mounted-shooting-competition/index.html,mounted-shooting,NREoSIPWQ0E,"scattered_id(total=139,home=natural-horsemanship@16%)",Clinton Anderson: The Method — What He Says About Gadgets and Training Aids That Attach to the Bit
qa/mounted-shooting/what-gun-handling-safety-rules-are-essential-in-mounted-shooting-competition/index.html,mounted-shooting,NREoSIPWQ0E,"scattered_id(total=139,home=natural-horsemanship@16%)",Clinton Anderson: The Method — What He Says About Gadgets and Training Aids That Attach to the Bit
qa/mounted-shooting/what-is-cowboy-mounted-shooting/index.html,mounted-shooting,NREoSIPWQ0E,"scattered_id(total=139,home=natural-horsemanship@16%)",Clinton Anderson: The Method — What He Says About Gadgets and Training Aids That Attach to the Bit
qa/mounted-shooting/what-is-mounted-shooting-and-how-did-it-develop-as-a-competitive-sport/index.html,mounted-shooting,NREoSIPWQ0E,"scattered_id(total=139,home=natural-horsemanship@16%)",Clinton Anderson: The Method — What He Says About Gadgets and Training Aids That Attach to the Bit
qa/mounted-shooting/what-is-mounted-shooting-and-how-do-you-get-started/index.html,mounted-shooting,NREoSIPWQ0E,"scattered_id(total=139,home=natural-horsemanship@16%)",Clinton Anderson: The Method — What He Says About Gadgets and Training Aids That Attach to the Bit
qa/mounted-shooting/what-makes-a-good-mounted-shooting-horse-and-how-do-i-train-one-from-scratch/index.html,mounted-shooting,Idbhg34M6Nc,"scattered_id(total=35,home=training-principles@26%)",When to Use the Colt Starting Series vs Fundamentals — Q&A
qa/mounted-shooting/what-pattern-skills-should-i-focus-on-to-improve-my-stage-times/index.html,mounted-shooting,nzrQT3GGJWA,"scattered_id(total=21,home=timed-events@52%)",Fallon Taylor: Barrel Racing Fundamentals — Dealing With Balloon Misses During a Run Without Losing Composure
qa/mounted-shooting/what-safety-protocols-are-essential-in-mounted-shooting-and-how-are-they-enforce/index.html,mounted-shooting,NREoSIPWQ0E,"scattered_id(total=139,home=natural-horsemanship@16%)",Clinton Anderson: The Method — What He Says About Gadgets and Training Aids That Attach to the Bit
qa/mounting-dismounting/how-do-you-mount-a-very-tall-horse-safely-and-what-adaptations-are-needed/index.html,mounting-dismounting,aASS-342kdo,"scattered_id(total=117,home=horsemanship@18%)",Ken McNabb: Ground Work — Preparing Your Horse to Ride
qa/mounting-dismounting/how-does-pat-parellis-pre-ride-preparation-differ-from-simply-getting-on-and-goi/index.html,mounting-dismounting,GGvsSnEVpxA,"scattered_id(total=26,home=desensitization-sacking-out@12%)",Pat Parelli: Natural Horsemanship — What Happened to Pat Parelli
qa/mounting-dismounting/how-should-a-rider-position-their-body-correctly-when-mounting-to-avoid-pulling/index.html,mounting-dismounting,aASS-342kdo,"scattered_id(total=117,home=horsemanship@18%)",Ken McNabb: Ground Work — Preparing Your Horse to Ride
qa/mounting-dismounting/what-are-the-key-things-pat-parelli-checks-before-he-considers-a-young-horse-rea/index.html,mounting-dismounting,GGvsSnEVpxA,"scattered_id(total=26,home=desensitization-sacking-out@12%)",Pat Parelli: Natural Horsemanship — What Happened to Pat Parelli
qa/mounting-dismounting/what-does-warwick-schiller-say-about-a-horse-that-is-barn-or-gate-sour-specifica/index.html,mounting-dismounting,Hj5Ew8qkjMk,"scattered_id(total=77,home=natural-horsemanship@49%)",Warwick Schiller: Feel and Connection — How to Ride With a Bosal and How It Works
qa/mounting-dismounting/what-does-warwick-schiller-say-about-a-horse-that-rushes-off-the-moment-the-ride/index.html,mounting-dismounting,Hj5Ew8qkjMk,"scattered_id(total=77,home=natural-horsemanship@49%)",Warwick Schiller: Feel and Connection — How to Ride With a Bosal and How It Works
qa/mounting-dismounting/what-is-the-correct-emergency-dismount-and-when-should-you-use-it/index.html,mounting-dismounting,KJd9paeIu40,"scattered_id(total=130,home=obstacle-training@22%)",Ken McNabb: Gaining Emotional Control — Developing a Horse That Is Calm and Focused in a Busy Ranch Horse Show Environment
qa/natural-horsemanship/how-are-feel-timing-and-balance-connected-to-each-other/index.html,natural-horsemanship,PAFejggfx6c,"scattered_id(total=48,home=reining@25%)",Andrea Fappani: Master Simple Cues — How to Find a Qualified Trainer for a Specific Discipline
qa/natural-horsemanship/how-did-monty-robertss-demonstrations-before-queen-elizabeth-ii-change-his-caree/index.html,natural-horsemanship,2Wf65OKRqvo,"scattered_id(total=38,home=imprinting@45%)",Monty Roberts: Foal Imprinting — How to Desensitize a Newborn Foal's Face and Head During Imprinting
qa/natural-horsemanship/how-do-attachment-theory-and-polyvagal-theory-apply-to-horse-training/index.html,natural-horsemanship,BqiDJqLgvlA,"scattered_id(total=36,home=wild-horse-training@31%)",Warwick Schiller: Emotional Fitness — The Difference Between a Horse That Is Calm and One That Is Shut Down
qa/natural-horsemanship/how-do-you-develop-a-horses-yield-to-pressure-on-the-ground/index.html,natural-horsemanship,aASS-342kdo,"scattered_id(total=117,home=horsemanship@18%)",Ken McNabb: Ground Work — Preparing Your Horse to Ride
qa/natural-horsemanship/how-do-you-develop-the-first-steering-on-a-colt/index.html,natural-horsemanship,oWU8YgIrNiY,"scattered_id(total=117,home=mounting-dismounting@18%)",Clinton Anderson: Overview of Starting a Colt — What Clinton Anderson Teaches About Bit Fit
qa/natural-horsemanship/how-do-you-handle-a-buck-or-explosive-response-in-the-first-rides-on-a-colt/index.html,natural-horsemanship,oWU8YgIrNiY,"scattered_id(total=117,home=mounting-dismounting@18%)",Clinton Anderson: Overview of Starting a Colt — What Clinton Anderson Teaches About Bit Fit
qa/natural-horsemanship/how-do-you-know-when-a-colt-is-genuinely-ready-for-its-first-ride/index.html,natural-horsemanship,oWU8YgIrNiY,"scattered_id(total=117,home=mounting-dismounting@18%)",Clinton Anderson: Overview of Starting a Colt — What Clinton Anderson Teaches About Bit Fit
qa/natural-horsemanship/how-do-you-prepare-a-colt-mentally-before-the-first-ride/index.html,natural-horsemanship,oWU8YgIrNiY,"scattered_id(total=117,home=mounting-dismounting@18%)",Clinton Anderson: Overview of Starting a Colt — What Clinton Anderson Teaches About Bit Fit
qa/natural-horsemanship/how-does-feel-differ-from-technique-in-horse-training/index.html,natural-horsemanship,PAFejggfx6c,"scattered_id(total=48,home=reining@25%)",Andrea Fappani: Master Simple Cues — How to Find a Qualified Trainer for a Specific Discipline
qa/natural-horsemanship/how-does-groundwork-prepare-a-horse-for-under-saddle-work/index.html,natural-horsemanship,aASS-342kdo,"scattered_id(total=117,home=horsemanship@18%)",Ken McNabb: Ground Work — Preparing Your Horse to Ride
qa/natural-horsemanship/how-does-john-lyons-approach-desensitization/index.html,natural-horsemanship,KJd9paeIu40,"scattered_id(total=130,home=obstacle-training@22%)",Ken McNabb: Gaining Emotional Control — Developing a Horse That Is Calm and Focused in a Busy Ranch Horse Show Environment
qa/natural-horsemanship/how-does-martin-black-think-about-cattle-work-and-horsemanship-together/index.html,natural-horsemanship,ComwTOq5A8Q,"scattered_id(total=107,home=versatility-ranch-horse@26%)",Ken McNabb: How to Buy the Right Horse — Can the Horse Carry My Weight
qa/natural-horsemanship/how-does-monty-roberts-approach-starting-a-horse-without-force/index.html,natural-horsemanship,2Wf65OKRqvo,"scattered_id(total=38,home=imprinting@45%)",Monty Roberts: Foal Imprinting — How to Desensitize a Newborn Foal's Face and Head During Imprinting
qa/natural-horsemanship/how-does-monty-robertss-approach-compare-to-the-dorrance-hunt-tradition/index.html,natural-horsemanship,2Wf65OKRqvo,"scattered_id(total=38,home=imprinting@45%)",Monty Roberts: Foal Imprinting — How to Desensitize a Newborn Foal's Face and Head During Imprinting
qa/natural-horsemanship/how-does-natural-horsemanship-address-a-horse-that-is-difficult-to-catch/index.html,natural-horsemanship,nGBCQ5M7Hwc,"scattered_id(total=11,home=horsemanship@55%)",Warwick Schiller: Catching a Difficult Horse — How to Catch a Horse That Is Hard to Catch in the Pasture
qa/natural-horsemanship/how-does-natural-horsemanship-address-a-horse-that-pulls-on-the-bit/index.html,natural-horsemanship,oMn35EhR_Zg,"scattered_id(total=55,home=horsemanship@24%)",Warwick Schiller: Benefits of Teaching a Horse to Back Up — What He Says About Horses Behind the Bit
qa/natural-horsemanship/how-does-natural-horsemanship-address-a-horse-that-wont-go-forward/index.html,natural-horsemanship,s1Jr8N1B6Xc,"scattered_id(total=18,home=training-principles@28%)",Clinton Anderson: Getting Forward Movement — How to Increase Impulsion and Forward Energy in a Horse
qa/natural-horsemanship/how-does-natural-horsemanship-address-a-horse-that-wont-stand-still-for-mounting/index.html,natural-horsemanship,oWU8YgIrNiY,"scattered_id(total=117,home=mounting-dismounting@18%)",Clinton Anderson: Overview of Starting a Colt — What Clinton Anderson Teaches About Bit Fit
qa/natural-horsemanship/how-does-natural-horsemanship-address-a-spooky-horse/index.html,natural-horsemanship,KJd9paeIu40,"scattered_id(total=130,home=obstacle-training@22%)",Ken McNabb: Gaining Emotional Control — Developing a Horse That Is Calm and Focused in a Busy Ranch Horse Show Environment
qa/natural-horsemanship/how-does-warwick-schiller-think-about-trauma-in-horses/index.html,natural-horsemanship,BqiDJqLgvlA,"scattered_id(total=36,home=wild-horse-training@31%)",Warwick Schiller: Emotional Fitness — The Difference Between a Horse That Is Calm and One That Is Shut Down
qa/natural-horsemanship/how-has-warwick-schillers-approach-evolved-away-from-traditional-natural-horsema/index.html,natural-horsemanship,BqiDJqLgvlA,"scattered_id(total=36,home=wild-horse-training@31%)",Warwick Schiller: Emotional Fitness — The Difference Between a Horse That Is Calm and One That Is Shut Down
qa/natural-horsemanship/how-much-groundwork-is-enough-before-getting-on-a-horse/index.html,natural-horsemanship,oWU8YgIrNiY,"scattered_id(total=117,home=mounting-dismounting@18%)",Clinton Anderson: Overview of Starting a Colt — What Clinton Anderson Teaches About Bit Fit
qa/natural-horsemanship/what-are-the-foundational-groundwork-exercises-every-horse-should-know/index.html,natural-horsemanship,aASS-342kdo,"scattered_id(total=117,home=horsemanship@18%)",Ken McNabb: Ground Work — Preparing Your Horse to Ride
qa/natural-horsemanship/what-are-the-most-common-mistakes-in-starting-colts/index.html,natural-horsemanship,oWU8YgIrNiY,"scattered_id(total=117,home=mounting-dismounting@18%)",Clinton Anderson: Overview of Starting a Colt — What Clinton Anderson Teaches About Bit Fit
qa/natural-horsemanship/what-are-the-seven-games-and-what-do-they-develop-in-the-horse/index.html,natural-horsemanship,GGvsSnEVpxA,"scattered_id(total=26,home=desensitization-sacking-out@12%)",Pat Parelli: Natural Horsemanship — What Happened to Pat Parelli
qa/natural-horsemanship/what-did-traditional-horse-breaking-look-like-before-natural-horsemanship/index.html,natural-horsemanship,oWU8YgIrNiY,"scattered_id(total=117,home=mounting-dismounting@18%)",Clinton Anderson: Overview of Starting a Colt — What Clinton Anderson Teaches About Bit Fit
qa/natural-horsemanship/what-does-a-good-first-ride-look-like-in-natural-horsemanship/index.html,natural-horsemanship,twhB7DnN02Q,"scattered_id(total=10,home=starting-young-horses@30%)",Training a Young Horse — Complete Unedited First Rides
qa/natural-horsemanship/what-does-it-feel-like-when-you-have-good-timing-versus-poor-timing-in-horse-tra/index.html,natural-horsemanship,PAFejggfx6c,"scattered_id(total=48,home=reining@25%)",Andrea Fappani: Master Simple Cues — How to Find a Qualified Trainer for a Specific Discipline
qa/natural-horsemanship/what-does-it-look-like-when-a-rider-has-exceptional-feel/index.html,natural-horsemanship,PAFejggfx6c,"scattered_id(total=48,home=reining@25%)",Andrea Fappani: Master Simple Cues — How to Find a Qualified Trainer for a Specific Discipline
qa/natural-horsemanship/what-does-poor-groundwork-look-like-and-what-does-it-produce/index.html,natural-horsemanship,aASS-342kdo,"scattered_id(total=117,home=horsemanship@18%)",Ken McNabb: Ground Work — Preparing Your Horse to Ride
qa/natural-horsemanship/what-does-the-natural-horsemanship-tradition-say-about-the-timeline-for-starting/index.html,natural-horsemanship,edVHadHZ264,"scattered_id(total=65,home=timed-events@23%)",60-Day Colt Starting — Low Stress Before & After
qa/natural-horsemanship/what-does-timing-mean-in-natural-horsemanship/index.html,natural-horsemanship,PAFejggfx6c,"scattered_id(total=48,home=reining@25%)",Andrea Fappani: Master Simple Cues — How to Find a Qualified Trainer for a Specific Discipline
qa/natural-horsemanship/what-does-warwick-schiller-mean-by-emotional-fitness-in-horses/index.html,natural-horsemanship,BqiDJqLgvlA,"scattered_id(total=36,home=wild-horse-training@31%)",Warwick Schiller: Emotional Fitness — The Difference Between a Horse That Is Calm and One That Is Shut Down
qa/natural-horsemanship/what-is-a-parelli-savvy-string-and-how-is-it-used/index.html,natural-horsemanship,GGvsSnEVpxA,"scattered_id(total=26,home=desensitization-sacking-out@12%)",Pat Parelli: Natural Horsemanship — What Happened to Pat Parelli
qa/natural-horsemanship/what-is-clinton-andersons-approach-to-desensitization-and-sensitization/index.html,natural-horsemanship,KJd9paeIu40,"scattered_id(total=130,home=obstacle-training@22%)",Ken McNabb: Gaining Emotional Control — Developing a Horse That Is Calm and Focused in a Busy Ranch Horse Show Environment
qa/natural-horsemanship/what-is-equus-and-how-does-monty-roberts-use-it/index.html,natural-horsemanship,2Wf65OKRqvo,"scattered_id(total=38,home=imprinting@45%)",Monty Roberts: Foal Imprinting — How to Desensitize a Newborn Foal's Face and Head During Imprinting
qa/natural-horsemanship/what-is-join-up-and-how-did-monty-roberts-develop-it/index.html,natural-horsemanship,2Wf65OKRqvo,"scattered_id(total=38,home=imprinting@45%)",Monty Roberts: Foal Imprinting — How to Desensitize a Newborn Foal's Face and Head During Imprinting
qa/natural-horsemanship/what-is-martin-blacks-approach-to-starting-colts/index.html,natural-horsemanship,edVHadHZ264,"scattered_id(total=65,home=timed-events@23%)",60-Day Colt Starting — Low Stress Before & After
qa/natural-horsemanship/what-is-monty-robertss-lasting-contribution-to-horsemanship/index.html,natural-horsemanship,2Wf65OKRqvo,"scattered_id(total=38,home=imprinting@45%)",Monty Roberts: Foal Imprinting — How to Desensitize a Newborn Foal's Face and Head During Imprinting
qa/natural-horsemanship/what-is-monty-robertss-view-on-violence-in-horse-training/index.html,natural-horsemanship,2Wf65OKRqvo,"scattered_id(total=38,home=imprinting@45%)",Monty Roberts: Foal Imprinting — How to Desensitize a Newborn Foal's Face and Head During Imprinting
qa/natural-horsemanship/what-is-stockmanship-and-why-does-martin-black-emphasize-it/index.html,natural-horsemanship,ComwTOq5A8Q,"scattered_id(total=107,home=versatility-ranch-horse@26%)",Ken McNabb: How to Buy the Right Horse — Can the Horse Carry My Weight
qa/natural-horsemanship/what-is-the-book-the-man-who-listens-to-horses-and-why-did-it-matter/index.html,natural-horsemanship,2Wf65OKRqvo,"scattered_id(total=38,home=imprinting@45%)",Monty Roberts: Foal Imprinting — How to Desensitize a Newborn Foal's Face and Head During Imprinting
qa/natural-horsemanship/what-is-the-difference-between-groundwork-in-the-dorrance-tradition-and-parellis/index.html,natural-horsemanship,GGvsSnEVpxA,"scattered_id(total=26,home=desensitization-sacking-out@12%)",Pat Parelli: Natural Horsemanship — What Happened to Pat Parelli
qa/natural-horsemanship/what-is-the-flight-threshold-and-how-do-you-recognize-when-a-horse-is-approachin/index.html,natural-horsemanship,KJd9paeIu40,"scattered_id(total=130,home=obstacle-training@22%)",Ken McNabb: Gaining Emotional Control — Developing a Horse That Is Calm and Focused in a Busy Ranch Horse Show Environment
qa/natural-horsemanship/what-is-the-join-up-international-organization/index.html,natural-horsemanship,2Wf65OKRqvo,"scattered_id(total=38,home=imprinting@45%)",Monty Roberts: Foal Imprinting — How to Desensitize a Newborn Foal's Face and Head During Imprinting
qa/natural-horsemanship/what-is-the-natural-horsemanship-approach-to-starting-a-colt/index.html,natural-horsemanship,oWU8YgIrNiY,"scattered_id(total=117,home=mounting-dismounting@18%)",Clinton Anderson: Overview of Starting a Colt — What Clinton Anderson Teaches About Bit Fit
qa/natural-horsemanship/what-is-the-purpose-of-groundwork-in-natural-horsemanship/index.html,natural-horsemanship,aASS-342kdo,"scattered_id(total=117,home=horsemanship@18%)",Ken McNabb: Ground Work — Preparing Your Horse to Ride
qa/natural-horsemanship/what-is-the-relationship-between-groundwork-and-the-quality-of-the-riding-horse/index.html,natural-horsemanship,aASS-342kdo,"scattered_id(total=117,home=horsemanship@18%)",Ken McNabb: Ground Work — Preparing Your Horse to Ride
qa/natural-horsemanship/what-is-timing-in-natural-horsemanship-and-why-is-it-the-most-important-skill/index.html,natural-horsemanship,PAFejggfx6c,"scattered_id(total=48,home=reining@25%)",Andrea Fappani: Master Simple Cues — How to Find a Qualified Trainer for a Specific Discipline
qa/natural-horsemanship/what-is-warwick-schillers-view-on-the-present-moment-in-horse-training/index.html,natural-horsemanship,BqiDJqLgvlA,"scattered_id(total=36,home=wild-horse-training@31%)",Warwick Schiller: Emotional Fitness — The Difference Between a Horse That Is Calm and One That Is Shut Down
qa/natural-horsemanship/who-is-monty-roberts/index.html,natural-horsemanship,2Wf65OKRqvo,"scattered_id(total=38,home=imprinting@45%)",Monty Roberts: Foal Imprinting — How to Desensitize a Newborn Foal's Face and Head During Imprinting
qa/neck-reining/how-do-leg-aids-work-alongside-the-neck-rein-and-why-do-many-western-riders-negl/index.html,neck-reining,jahmDTCy5nU,"scattered_id(total=48,home=horsemanship@29%)",Ken McNabb: Teaching Your Horse to Move Off Seat and Legs — Introducing Lateral Work to a Young Horse
qa/neck-reining/how-do-you-develop-a-neck-reining-horse-for-western-performance-competition/index.html,neck-reining,f918N1t9mfk,"scattered_id(total=174,home=working-western-rail@13%)",Al Dunning: Speed Control and Horsemanship — Show Trainer vs. Ranch or Horsemanship Trainer
qa/neck-reining/how-do-you-develop-a-soft-feel-through-the-neck-rein-rather-than-a-mechanical-on/index.html,neck-reining,PAFejggfx6c,"scattered_id(total=48,home=reining@25%)",Andrea Fappani: Master Simple Cues — How to Find a Qualified Trainer for a Specific Discipline
qa/neck-reining/how-do-you-neck-rein-correctly-around-cattle-and-what-adjustments-are-needed-for/index.html,neck-reining,ComwTOq5A8Q,"scattered_id(total=107,home=versatility-ranch-horse@26%)",Ken McNabb: How to Buy the Right Horse — Can the Horse Carry My Weight
qa/neck-reining/how-do-you-teach-the-neck-rein-turn-on-the-forehand-and-turn-on-the-haunches/index.html,neck-reining,WM5RLXyPibI,"scattered_id(total=32,home=lateral-work-suppling@38%)",Matt Mills: How to Teach Your Horse to Spin — How to Get a Horse to Turn on the Haunches
qa/neck-reining/how-does-body-position-and-weight-aid-the-neck-reining-horse/index.html,neck-reining,9cc779oOQyU,"scattered_id(total=13,home=reining@31%)",Reining Training — Centered Riding: What It Is and the Keys to Execution
qa/neck-reining/how-does-collection-relate-to-neck-reining-and-why-do-more-collected-horses-typi/index.html,neck-reining,PAFejggfx6c,"scattered_id(total=48,home=reining@25%)",Andrea Fappani: Master Simple Cues — How to Find a Qualified Trainer for a Specific Discipline
qa/neck-reining/how-does-pat-parelli-teach-the-transition-from-two-hands-to-one-in-neck-rein-dev/index.html,neck-reining,eFJBZn_VVLU,"scattered_id(total=15,home=natural-horsemanship@53%)",Pat Parelli: Natural Horsemanship — Bitless Bridles: How They Work
qa/neck-reining/index.html,neck-reining,BANshLvc55g,"scattered_id(total=52,home=collection@15%)",Ken McNabb: How to Ride Your Horse With Light Hands — Identifying and Correcting a Horse That Leans on the Bit
qa/neck-reining/what-are-the-most-common-faults-judges-penalize-in-neck-reining-horses-at-a-west/index.html,neck-reining,f918N1t9mfk,"scattered_id(total=174,home=working-western-rail@13%)",Al Dunning: Speed Control and Horsemanship — Show Trainer vs. Ranch or Horsemanship Trainer
qa/neck-reining/what-does-anderson-say-about-using-the-fence-or-wall-to-help-teach-neck-reining/index.html,neck-reining,oWU8YgIrNiY,"scattered_id(total=117,home=mounting-dismounting@18%)",Clinton Anderson: Overview of Starting a Colt — What Clinton Anderson Teaches About Bit Fit
qa/neck-reining/what-does-clinton-anderson-say-about-the-foundation-required-before-neck-rein-tr/index.html,neck-reining,oWU8YgIrNiY,"scattered_id(total=117,home=mounting-dismounting@18%)",Clinton Anderson: Overview of Starting a Colt — What Clinton Anderson Teaches About Bit Fit
qa/neck-reining/what-does-warwick-schiller-say-about-horses-that-neck-rein-in-the-arena-but-fall/index.html,neck-reining,Hj5Ew8qkjMk,"scattered_id(total=77,home=natural-horsemanship@49%)",Warwick Schiller: Feel and Connection — How to Ride With a Bosal and How It Works
qa/neck-reining/what-foundation-must-a-horse-have-before-neck-rein-training-begins/index.html,neck-reining,jahmDTCy5nU,"scattered_id(total=48,home=horsemanship@29%)",Ken McNabb: Teaching Your Horse to Move Off Seat and Legs — Introducing Lateral Work to a Young Horse
qa/neck-reining/what-is-the-difference-between-a-horse-that-neck-reins-from-the-rein-contact-and/index.html,neck-reining,PAFejggfx6c,"scattered_id(total=48,home=reining@25%)",Andrea Fappani: Master Simple Cues — How to Find a Qualified Trainer for a Specific Discipline
qa/neck-reining/where-does-neck-reining-come-from-and-what-is-the-vaquero-tradition-behind-it/index.html,neck-reining,Hj5Ew8qkjMk,"scattered_id(total=77,home=natural-horsemanship@49%)",Warwick Schiller: Feel and Connection — How to Ride With a Bosal and How It Works
qa/obstacle-training/can-obstacle-training-help-ranch-horses/index.html,obstacle-training,ComwTOq5A8Q,"scattered_id(total=107,home=versatility-ranch-horse@26%)",Ken McNabb: How to Buy the Right Horse — Can the Horse Carry My Weight
qa/obstacle-training/can-obstacle-training-help-young-horses/index.html,obstacle-training,edVHadHZ264,"scattered_id(total=65,home=timed-events@23%)",60-Day Colt Starting — Low Stress Before & After
qa/obstacle-training/can-obstacle-training-make-a-horse-more-reactive/index.html,obstacle-training,DaA3wVpFoSM,"scattered_id(total=73,home=natural-horsemanship@19%)",Warwick Schiller: How to Choose a Horse Trainer
qa/obstacle-training/can-too-much-groundwork-make-a-horse-dull-to-obstacles/index.html,obstacle-training,DaA3wVpFoSM,"scattered_id(total=73,home=natural-horsemanship@19%)",Warwick Schiller: How to Choose a Horse Trainer
qa/obstacle-training/how-do-you-improve-patience-in-obstacle-training/index.html,obstacle-training,IInnbVEoSqg,"scattered_id(total=90,home=natural-horsemanship@26%)",Warwick Schiller: Pressure and Release — What Anderson and Parelli Say About Horses That Gape at the Bit
qa/obstacle-training/how-do-you-keep-advanced-obstacle-training-fair-for-the-horse/index.html,obstacle-training,IInnbVEoSqg,"scattered_id(total=90,home=natural-horsemanship@26%)",Warwick Schiller: Pressure and Release — What Anderson and Parelli Say About Horses That Gape at the Bit
qa/obstacle-training/how-do-you-know-when-to-increase-difficulty-in-obstacle-training/index.html,obstacle-training,IInnbVEoSqg,"scattered_id(total=90,home=natural-horsemanship@26%)",Warwick Schiller: Pressure and Release — What Anderson and Parelli Say About Horses That Gape at the Bit
qa/obstacle-training/how-do-you-prepare-for-an-obstacle-challenge-competition/index.html,obstacle-training,ComwTOq5A8Q,"scattered_id(total=107,home=versatility-ranch-horse@26%)",Ken McNabb: How to Buy the Right Horse — Can the Horse Carry My Weight
qa/obstacle-training/how-do-you-teach-a-horse-to-accept-objects-being-carried/index.html,obstacle-training,ComwTOq5A8Q,"scattered_id(total=107,home=versatility-ranch-horse@26%)",Ken McNabb: How to Buy the Right Horse — Can the Horse Carry My Weight
qa/obstacle-training/how-do-you-teach-a-horse-to-back-through-an-l-shape/index.html,obstacle-training,bgKlBwC3YGE,"scattered_id(total=11,home=horsemanship@18%)",Richard Winters: Hands-Free Backup — Developing the Backup for Western Horsemanship
qa/obstacle-training/how-do-you-teach-a-horse-to-back-through-obstacles/index.html,obstacle-training,bgKlBwC3YGE,"scattered_id(total=11,home=horsemanship@18%)",Richard Winters: Hands-Free Backup — Developing the Backup for Western Horsemanship
qa/obstacle-training/how-do-you-teach-a-horse-to-carry-a-flag/index.html,obstacle-training,ComwTOq5A8Q,"scattered_id(total=107,home=versatility-ranch-horse@26%)",Ken McNabb: How to Buy the Right Horse — Can the Horse Carry My Weight
qa/obstacle-training/how-do-you-teach-a-horse-to-drag-something/index.html,obstacle-training,ComwTOq5A8Q,"scattered_id(total=107,home=versatility-ranch-horse@26%)",Ken McNabb: How to Buy the Right Horse — Can the Horse Carry My Weight
qa/obstacle-training/how-do-you-teach-a-horse-to-lower-its-head-around-obstacles/index.html,obstacle-training,aASS-342kdo,"scattered_id(total=117,home=horsemanship@18%)",Ken McNabb: Ground Work — Preparing Your Horse to Ride
qa/obstacle-training/how-do-you-teach-a-horse-to-push-an-object/index.html,obstacle-training,ComwTOq5A8Q,"scattered_id(total=107,home=versatility-ranch-horse@26%)",Ken McNabb: How to Buy the Right Horse — Can the Horse Carry My Weight
qa/obstacle-training/how-do-you-teach-a-horse-to-sidepass-over-a-pole/index.html,obstacle-training,WM5RLXyPibI,"scattered_id(total=32,home=lateral-work-suppling@38%)",Matt Mills: How to Teach Your Horse to Spin — How to Get a Horse to Turn on the Haunches
qa/obstacle-training/how-do-you-teach-a-horse-to-stand-while-the-rider-reaches-down/index.html,obstacle-training,ComwTOq5A8Q,"scattered_id(total=107,home=versatility-ranch-horse@26%)",Ken McNabb: How to Buy the Right Horse — Can the Horse Carry My Weight
qa/obstacle-training/how-does-rider-fear-affect-obstacle-training/index.html,obstacle-training,BqiDJqLgvlA,"scattered_id(total=36,home=wild-horse-training@31%)",Warwick Schiller: Emotional Fitness — The Difference Between a Horse That Is Calm and One That Is Shut Down
qa/obstacle-training/how-is-obstacle-course-riding-judged/index.html,obstacle-training,ComwTOq5A8Q,"scattered_id(total=107,home=versatility-ranch-horse@26%)",Ken McNabb: How to Buy the Right Horse — Can the Horse Carry My Weight
qa/obstacle-training/how-much-groundwork-should-you-do-before-riding-obstacles/index.html,obstacle-training,aASS-342kdo,"scattered_id(total=117,home=horsemanship@18%)",Ken McNabb: Ground Work — Preparing Your Horse to Ride
qa/obstacle-training/how-slow-should-obstacle-training-be/index.html,obstacle-training,IInnbVEoSqg,"scattered_id(total=90,home=natural-horsemanship@26%)",Warwick Schiller: Pressure and Release — What Anderson and Parelli Say About Horses That Gape at the Bit
qa/obstacle-training/should-a-rider-kick-harder-when-a-horse-refuses-an-obstacle/index.html,obstacle-training,NREoSIPWQ0E,"scattered_id(total=139,home=natural-horsemanship@16%)",Clinton Anderson: The Method — What He Says About Gadgets and Training Aids That Attach to the Bit
qa/obstacle-training/should-obstacle-courses-be-timed/index.html,obstacle-training,ComwTOq5A8Q,"scattered_id(total=107,home=versatility-ranch-horse@26%)",Ken McNabb: How to Buy the Right Horse — Can the Horse Carry My Weight
qa/obstacle-training/should-obstacle-training-start-on-the-ground-or-under-saddle/index.html,obstacle-training,aASS-342kdo,"scattered_id(total=117,home=horsemanship@18%)",Ken McNabb: Ground Work — Preparing Your Horse to Ride
qa/obstacle-training/should-you-ever-force-a-horse-over-an-obstacle/index.html,obstacle-training,IInnbVEoSqg,"scattered_id(total=90,home=natural-horsemanship@26%)",Warwick Schiller: Pressure and Release — What Anderson and Parelli Say About Horses That Gape at the Bit
qa/obstacle-training/should-you-wave-a-tarp-at-a-horse-to-desensitize-it/index.html,obstacle-training,GGvsSnEVpxA,"scattered_id(total=26,home=desensitization-sacking-out@12%)",Pat Parelli: Natural Horsemanship — What Happened to Pat Parelli
qa/obstacle-training/what-are-advanced-horse-obstacles/index.html,obstacle-training,ComwTOq5A8Q,"scattered_id(total=107,home=versatility-ranch-horse@26%)",Ken McNabb: How to Buy the Right Horse — Can the Horse Carry My Weight
qa/obstacle-training/what-are-signs-a-horse-is-overwhelmed-in-obstacle-training/index.html,obstacle-training,BqiDJqLgvlA,"scattered_id(total=36,home=wild-horse-training@31%)",Warwick Schiller: Emotional Fitness — The Difference Between a Horse That Is Calm and One That Is Shut Down
qa/obstacle-training/what-groundwork-exercises-prepare-a-horse-for-obstacle-training/index.html,obstacle-training,aASS-342kdo,"scattered_id(total=117,home=horsemanship@18%)",Ken McNabb: Ground Work — Preparing Your Horse to Ride
qa/obstacle-training/what-is-competitive-obstacle-course-riding/index.html,obstacle-training,ComwTOq5A8Q,"scattered_id(total=107,home=versatility-ranch-horse@26%)",Ken McNabb: How to Buy the Right Horse — Can the Horse Carry My Weight
qa/obstacle-training/what-is-horse-obstacle-course-training/index.html,obstacle-training,ComwTOq5A8Q,"scattered_id(total=107,home=versatility-ranch-horse@26%)",Ken McNabb: How to Buy the Right Horse — Can the Horse Carry My Weight
qa/obstacle-training/what-is-sensory-overload-in-obstacle-training/index.html,obstacle-training,BqiDJqLgvlA,"scattered_id(total=36,home=wild-horse-training@31%)",Warwick Schiller: Emotional Fitness — The Difference Between a Horse That Is Calm and One That Is Shut Down
qa/obstacle-training/what-is-the-difference-between-bravery-and-trust-in-obstacle-training/index.html,obstacle-training,Hj5Ew8qkjMk,"scattered_id(total=77,home=natural-horsemanship@49%)",Warwick Schiller: Feel and Connection — How to Ride With a Bosal and How It Works
qa/obstacle-training/what-is-the-difference-between-trail-class-and-obstacle-course-training/index.html,obstacle-training,ComwTOq5A8Q,"scattered_id(total=107,home=versatility-ranch-horse@26%)",Ken McNabb: How to Buy the Right Horse — Can the Horse Carry My Weight
qa/obstacle-training/what-makes-a-good-obstacle-horse/index.html,obstacle-training,ComwTOq5A8Q,"scattered_id(total=107,home=versatility-ranch-horse@26%)",Ken McNabb: How to Buy the Right Horse — Can the Horse Carry My Weight
qa/obstacle-training/what-ranch-style-obstacles-are-most-useful-for-horse-training/index.html,obstacle-training,ComwTOq5A8Q,"scattered_id(total=107,home=versatility-ranch-horse@26%)",Ken McNabb: How to Buy the Right Horse — Can the Horse Carry My Weight
qa/obstacle-training/what-should-a-horse-know-before-entering-an-obstacle-competition/index.html,obstacle-training,ComwTOq5A8Q,"scattered_id(total=107,home=versatility-ranch-horse@26%)",Ken McNabb: How to Buy the Right Horse — Can the Horse Carry My Weight
qa/obstacle-training/what-should-a-horse-know-before-starting-obstacle-training/index.html,obstacle-training,aASS-342kdo,"scattered_id(total=117,home=horsemanship@18%)",Ken McNabb: Ground Work — Preparing Your Horse to Ride
qa/obstacle-training/what-should-you-do-if-a-horse-bolts-from-an-obstacle/index.html,obstacle-training,NREoSIPWQ0E,"scattered_id(total=139,home=natural-horsemanship@16%)",Clinton Anderson: The Method — What He Says About Gadgets and Training Aids That Attach to the Bit
qa/obstacle-training/what-should-you-do-if-a-horse-rears-at-an-obstacle/index.html,obstacle-training,NREoSIPWQ0E,"scattered_id(total=139,home=natural-horsemanship@16%)",Clinton Anderson: The Method — What He Says About Gadgets and Training Aids That Attach to the Bit
qa/obstacle-training/what-should-you-do-if-a-horse-rushes-across-a-bridge/index.html,obstacle-training,NREoSIPWQ0E,"scattered_id(total=139,home=natural-horsemanship@16%)",Clinton Anderson: The Method — What He Says About Gadgets and Training Aids That Attach to the Bit
qa/obstacle-training/when-is-a-horse-ready-for-advanced-obstacles/index.html,obstacle-training,ComwTOq5A8Q,"scattered_id(total=107,home=versatility-ranch-horse@26%)",Ken McNabb: How to Buy the Right Horse — Can the Horse Carry My Weight
qa/obstacle-training/when-should-you-stop-an-obstacle-training-lesson/index.html,obstacle-training,IInnbVEoSqg,"scattered_id(total=90,home=natural-horsemanship@26%)",Warwick Schiller: Pressure and Release — What Anderson and Parelli Say About Horses That Gape at the Bit
qa/obstacle-training/why-are-flags-difficult-for-some-horses/index.html,obstacle-training,DaA3wVpFoSM,"scattered_id(total=73,home=natural-horsemanship@19%)",Warwick Schiller: How to Choose a Horse Trainer
qa/obstacle-training/why-are-horses-afraid-of-tarps/index.html,obstacle-training,DaA3wVpFoSM,"scattered_id(total=73,home=natural-horsemanship@19%)",Warwick Schiller: How to Choose a Horse Trainer
qa/obstacle-training/why-does-my-horse-become-aggressive-around-obstacles/index.html,obstacle-training,BqiDJqLgvlA,"scattered_id(total=36,home=wild-horse-training@31%)",Warwick Schiller: Emotional Fitness — The Difference Between a Horse That Is Calm and One That Is Shut Down
qa/obstacle-training/why-does-my-horse-do-obstacles-at-home-but-not-at-a-show/index.html,obstacle-training,DaA3wVpFoSM,"scattered_id(total=73,home=natural-horsemanship@19%)",Warwick Schiller: How to Choose a Horse Trainer
qa/obstacle-training/why-does-my-horse-freeze-at-obstacles/index.html,obstacle-training,BqiDJqLgvlA,"scattered_id(total=36,home=wild-horse-training@31%)",Warwick Schiller: Emotional Fitness — The Difference Between a Horse That Is Calm and One That Is Shut Down
qa/obstacle-training/why-does-my-horse-get-worse-with-repeated-obstacle-practice/index.html,obstacle-training,DaA3wVpFoSM,"scattered_id(total=73,home=natural-horsemanship@19%)",Warwick Schiller: How to Choose a Horse Trainer
qa/obstacle-training/why-does-my-horse-paw-at-obstacles/index.html,obstacle-training,BqiDJqLgvlA,"scattered_id(total=36,home=wild-horse-training@31%)",Warwick Schiller: Emotional Fitness — The Difference Between a Horse That Is Calm and One That Is Shut Down
qa/obstacle-training/why-does-my-horse-refuse-obstacles-with-me-but-not-my-trainer/index.html,obstacle-training,IInnbVEoSqg,"scattered_id(total=90,home=natural-horsemanship@26%)",Warwick Schiller: Pressure and Release — What Anderson and Parelli Say About Horses That Gape at the Bit
qa/obstacle-training/why-does-my-horse-refuse-obstacles/index.html,obstacle-training,NREoSIPWQ0E,"scattered_id(total=139,home=natural-horsemanship@16%)",Clinton Anderson: The Method — What He Says About Gadgets and Training Aids That Attach to the Bit
qa/obstacle-training/why-does-my-horse-rush-through-obstacles/index.html,obstacle-training,NREoSIPWQ0E,"scattered_id(total=139,home=natural-horsemanship@16%)",Clinton Anderson: The Method — What He Says About Gadgets and Training Aids That Attach to the Bit
qa/obstacle-training/why-does-my-horse-stop-and-snort-at-obstacles/index.html,obstacle-training,BqiDJqLgvlA,"scattered_id(total=36,home=wild-horse-training@31%)",Warwick Schiller: Emotional Fitness — The Difference Between a Horse That Is Calm and One That Is Shut Down
qa/obstacle-training/why-does-obstacle-training-require-body-control/index.html,obstacle-training,aASS-342kdo,"scattered_id(total=117,home=horsemanship@18%)",Ken McNabb: Ground Work — Preparing Your Horse to Ride
qa/obstacle-training/why-is-dragging-dangerous-for-horses/index.html,obstacle-training,ComwTOq5A8Q,"scattered_id(total=107,home=versatility-ranch-horse@26%)",Ken McNabb: How to Buy the Right Horse — Can the Horse Carry My Weight
qa/obstacle-training/why-is-groundwork-important-for-obstacle-training/index.html,obstacle-training,aASS-342kdo,"scattered_id(total=117,home=horsemanship@18%)",Ken McNabb: Ground Work — Preparing Your Horse to Ride
qa/obstacle-training/why-is-my-horse-afraid-of-bridges/index.html,obstacle-training,DaA3wVpFoSM,"scattered_id(total=73,home=natural-horsemanship@19%)",Warwick Schiller: How to Choose a Horse Trainer
qa/obstacle-training/why-is-stopping-important-in-obstacle-work/index.html,obstacle-training,IInnbVEoSqg,"scattered_id(total=90,home=natural-horsemanship@26%)",Warwick Schiller: Pressure and Release — What Anderson and Parelli Say About Horses That Gape at the Bit
qa/position-seat/how-do-i-learn-diagonals/index.html,position-seat,8i7HxJhM9Ds,"scattered_id(total=106,home=dressage@42%)","Jane Savoie: Dressage Made Simple — The Training Scale: Rhythm, Suppleness, Contact, Impulsion, Straightness, Collection"
qa/position-seat/how-does-my-sitting-position-affect-my-horses-ability-to-stop/index.html,position-seat,f918N1t9mfk,"scattered_id(total=174,home=working-western-rail@13%)",Al Dunning: Speed Control and Horsemanship — Show Trainer vs. Ranch or Horsemanship Trainer
qa/position-seat/how-does-where-i-look-affect-my-horses-direction-and-balance/index.html,position-seat,NREoSIPWQ0E,"scattered_id(total=139,home=natural-horsemanship@16%)",Clinton Anderson: The Method — What He Says About Gadgets and Training Aids That Attach to the Bit
qa/position-seat/is-it-better-to-start-with-your-stirrups-a-little-short-or-a-little-long/index.html,position-seat,BANshLvc55g,"scattered_id(total=52,home=collection@15%)",Ken McNabb: How to Ride Your Horse With Light Hands — Identifying and Correcting a Horse That Leans on the Bit
qa/position-seat/my-elbows-keep-sticking-out-at-a-lope-what-can-i-do-to-control-that/index.html,position-seat,BANshLvc55g,"scattered_id(total=52,home=collection@15%)",Ken McNabb: How to Ride Your Horse With Light Hands — Identifying and Correcting a Horse That Leans on the Bit
qa/position-seat/my-hands-bounce-a-lot-what-can-i-do-to-correct-that-problem/index.html,position-seat,BANshLvc55g,"scattered_id(total=52,home=collection@15%)",Ken McNabb: How to Ride Your Horse With Light Hands — Identifying and Correcting a Horse That Leans on the Bit
qa/position-seat/what-are-the-key-points-to-using-spurs-correctly-for-western-horses/index.html,position-seat,jahmDTCy5nU,"scattered_id(total=48,home=horsemanship@29%)",Ken McNabb: Teaching Your Horse to Move Off Seat and Legs — Introducing Lateral Work to a Young Horse
qa/position-seat/what-is-a-good-use-for-a-riding-crop/index.html,position-seat,NREoSIPWQ0E,"scattered_id(total=139,home=natural-horsemanship@16%)",Clinton Anderson: The Method — What He Says About Gadgets and Training Aids That Attach to the Bit
qa/position-seat/when-should-a-western-rider-use-a-two-point-position-and-how-does-it-affect-the/index.html,position-seat,f918N1t9mfk,"scattered_id(total=174,home=working-western-rail@13%)",Al Dunning: Speed Control and Horsemanship — Show Trainer vs. Ranch or Horsemanship Trainer
qa/position-seat/when-should-you-start-wearing-spurs-on-a-young-horse-in-training/index.html,position-seat,jahmDTCy5nU,"scattered_id(total=48,home=horsemanship@29%)",Ken McNabb: Teaching Your Horse to Move Off Seat and Legs — Introducing Lateral Work to a Young Horse
qa/position-seat/why-do-some-when-showing-exhibit-round-shoulders-and-a-bowed-head/index.html,position-seat,oTQQwFzXduo,"scattered_id(total=48,home=western-pleasure@35%)",Al Dunning: Western Horsemanship — Developing the Correct Body Position for Competition
qa/problem-solving-under-saddle/how-do-i-fix-a-horse-that-gets-buddy-sour-and-wont-work-alone-in-the-arena/index.html,problem-solving-under-saddle,NREoSIPWQ0E,"scattered_id(total=139,home=natural-horsemanship@16%)",Clinton Anderson: The Method — What He Says About Gadgets and Training Aids That Attach to the Bit
qa/problem-solving-under-saddle/how-do-i-get-my-horse-to-stop-avoiding-corners-in-the-arena/index.html,problem-solving-under-saddle,NREoSIPWQ0E,"scattered_id(total=139,home=natural-horsemanship@16%)",Clinton Anderson: The Method — What He Says About Gadgets and Training Aids That Attach to the Bit
qa/problem-solving-under-saddle/how-do-i-handle-a-horse-that-rears-and-what-causes-rearing-in-the-first-place/index.html,problem-solving-under-saddle,NREoSIPWQ0E,"scattered_id(total=139,home=natural-horsemanship@16%)",Clinton Anderson: The Method — What He Says About Gadgets and Training Aids That Attach to the Bit
qa/problem-solving-under-saddle/how-do-i-stop-a-horse-from-rearing/index.html,problem-solving-under-saddle,NREoSIPWQ0E,"scattered_id(total=139,home=natural-horsemanship@16%)",Clinton Anderson: The Method — What He Says About Gadgets and Training Aids That Attach to the Bit
qa/problem-solving-under-saddle/how-do-i-stop-my-horse-from-drifting-toward-the-gate/index.html,problem-solving-under-saddle,NREoSIPWQ0E,"scattered_id(total=139,home=natural-horsemanship@16%)",Clinton Anderson: The Method — What He Says About Gadgets and Training Aids That Attach to the Bit
qa/problem-solving-under-saddle/how-do-i-train-a-horse-that-rushes-back-to-the-barn-or-gate/index.html,problem-solving-under-saddle,NREoSIPWQ0E,"scattered_id(total=139,home=natural-horsemanship@16%)",Clinton Anderson: The Method — What He Says About Gadgets and Training Aids That Attach to the Bit
qa/problem-solving-under-saddle/how-do-you-fix-a-horse-that-anticipates-transitions-and-breaks-gait-before-being/index.html,problem-solving-under-saddle,Idbhg34M6Nc,"scattered_id(total=35,home=training-principles@26%)",When to Use the Colt Starting Series vs Fundamentals — Q&A
qa/problem-solving-under-saddle/how-do-you-fix-a-horse-that-bucks-when-asked-to-lope-or-canter/index.html,problem-solving-under-saddle,NREoSIPWQ0E,"scattered_id(total=139,home=natural-horsemanship@16%)",Clinton Anderson: The Method — What He Says About Gadgets and Training Aids That Attach to the Bit
qa/problem-solving-under-saddle/how-do-you-fix-a-horse-that-drifts-laterally-instead-of-traveling-straight/index.html,problem-solving-under-saddle,WM5RLXyPibI,"scattered_id(total=32,home=lateral-work-suppling@38%)",Matt Mills: How to Teach Your Horse to Spin — How to Get a Horse to Turn on the Haunches
qa/problem-solving-under-saddle/how-do-you-fix-a-horse-that-is-cinchy-or-girthy-and-shows-aggression-or-pain-whe/index.html,problem-solving-under-saddle,NREoSIPWQ0E,"scattered_id(total=139,home=natural-horsemanship@16%)",Clinton Anderson: The Method — What He Says About Gadgets and Training Aids That Attach to the Bit
qa/problem-solving-under-saddle/how-do-you-fix-a-horse-that-speeds-up-when-heading-toward-home-and-slows-down-he/index.html,problem-solving-under-saddle,NREoSIPWQ0E,"scattered_id(total=139,home=natural-horsemanship@16%)",Clinton Anderson: The Method — What He Says About Gadgets and Training Aids That Attach to the Bit
qa/problem-solving-under-saddle/how-do-you-fix-a-horse-that-tosses-its-head-while-being-ridden/index.html,problem-solving-under-saddle,BANshLvc55g,"scattered_id(total=52,home=collection@15%)",Ken McNabb: How to Ride Your Horse With Light Hands — Identifying and Correcting a Horse That Leans on the Bit
qa/problem-solving-under-saddle/how-do-you-handle-a-horse-that-bolts-or-runs-away-when-frightened/index.html,problem-solving-under-saddle,NREoSIPWQ0E,"scattered_id(total=139,home=natural-horsemanship@16%)",Clinton Anderson: The Method — What He Says About Gadgets and Training Aids That Attach to the Bit
qa/problem-solving-under-saddle/how-do-you-handle-a-horse-that-is-difficult-to-ride-alone-and-falls-apart-withou/index.html,problem-solving-under-saddle,NREoSIPWQ0E,"scattered_id(total=139,home=natural-horsemanship@16%)",Clinton Anderson: The Method — What He Says About Gadgets and Training Aids That Attach to the Bit
qa/problem-solving-under-saddle/how-do-you-ride-a-horse-through-a-spook-safely-without-making-it-worse/index.html,problem-solving-under-saddle,KJd9paeIu40,"scattered_id(total=130,home=obstacle-training@22%)",Ken McNabb: Gaining Emotional Control — Developing a Horse That Is Calm and Focused in a Busy Ranch Horse Show Environment
qa/problem-solving-under-saddle/how-does-clinton-anderson-approach-a-horse-that-bucks-under-saddle/index.html,problem-solving-under-saddle,NREoSIPWQ0E,"scattered_id(total=139,home=natural-horsemanship@16%)",Clinton Anderson: The Method — What He Says About Gadgets and Training Aids That Attach to the Bit
qa/problem-solving-under-saddle/how-does-warwick-schiller-address-a-horse-that-spooks-repeatedly-on-the-trail/index.html,problem-solving-under-saddle,Hj5Ew8qkjMk,"scattered_id(total=77,home=natural-horsemanship@49%)",Warwick Schiller: Feel and Connection — How to Ride With a Bosal and How It Works
qa/problem-solving-under-saddle/how-does-warwick-schiller-approach-a-horse-that-is-tense-and-resistant-at-the-be/index.html,problem-solving-under-saddle,BqiDJqLgvlA,"scattered_id(total=36,home=wild-horse-training@31%)",Warwick Schiller: Emotional Fitness — The Difference Between a Horse That Is Calm and One That Is Shut Down
qa/problem-solving-under-saddle/my-horse-bolts-under-saddle-how-do-i-manage-and-correct-it/index.html,problem-solving-under-saddle,NREoSIPWQ0E,"scattered_id(total=139,home=natural-horsemanship@16%)",Clinton Anderson: The Method — What He Says About Gadgets and Training Aids That Attach to the Bit
qa/problem-solving-under-saddle/my-horse-is-arena-sour-what-can-be-done/index.html,problem-solving-under-saddle,Idbhg34M6Nc,"scattered_id(total=35,home=training-principles@26%)",When to Use the Colt Starting Series vs Fundamentals — Q&A
qa/problem-solving-under-saddle/my-horse-stops-and-completely-refuses-to-move-what-do-i-do/index.html,problem-solving-under-saddle,NREoSIPWQ0E,"scattered_id(total=139,home=natural-horsemanship@16%)",Clinton Anderson: The Method — What He Says About Gadgets and Training Aids That Attach to the Bit
qa/problem-solving-under-saddle/my-horse-wants-to-graze-under-saddle-what-should-i-do/index.html,problem-solving-under-saddle,NREoSIPWQ0E,"scattered_id(total=139,home=natural-horsemanship@16%)",Clinton Anderson: The Method — What He Says About Gadgets and Training Aids That Attach to the Bit
qa/problem-solving-under-saddle/the-horse-cuts-toward-the-arena-gate-what-can-be-done-to-fix-it/index.html,problem-solving-under-saddle,NREoSIPWQ0E,"scattered_id(total=139,home=natural-horsemanship@16%)",Clinton Anderson: The Method — What He Says About Gadgets and Training Aids That Attach to the Bit
qa/problem-solving-under-saddle/what-causes-a-horse-to-jig-and-what-is-the-correct-way-to-fix-it-according-to-cl/index.html,problem-solving-under-saddle,NREoSIPWQ0E,"scattered_id(total=139,home=natural-horsemanship@16%)",Clinton Anderson: The Method — What He Says About Gadgets and Training Aids That Attach to the Bit
qa/problem-solving-under-saddle/what-causes-bucking-under-saddle-and-how-do-i-identify-the-root-cause/index.html,problem-solving-under-saddle,NREoSIPWQ0E,"scattered_id(total=139,home=natural-horsemanship@16%)",Clinton Anderson: The Method — What He Says About Gadgets and Training Aids That Attach to the Bit
qa/problem-solving-under-saddle/what-does-anderson-teach-about-horses-that-kick-out-with-a-hind-leg-when-leg-pre/index.html,problem-solving-under-saddle,jahmDTCy5nU,"scattered_id(total=48,home=horsemanship@29%)",Ken McNabb: Teaching Your Horse to Move Off Seat and Legs — Introducing Lateral Work to a Young Horse
qa/problem-solving-under-saddle/what-does-clinton-anderson-say-about-a-horse-that-rears-under-saddle-and-how-is/index.html,problem-solving-under-saddle,NREoSIPWQ0E,"scattered_id(total=139,home=natural-horsemanship@16%)",Clinton Anderson: The Method — What He Says About Gadgets and Training Aids That Attach to the Bit
qa/problem-solving-under-saddle/what-does-clinton-anderson-say-about-a-horse-that-wont-stand-still-after-being-a/index.html,problem-solving-under-saddle,NREoSIPWQ0E,"scattered_id(total=139,home=natural-horsemanship@16%)",Clinton Anderson: The Method — What He Says About Gadgets and Training Aids That Attach to the Bit
qa/problem-solving-under-saddle/what-does-parelli-say-about-horses-that-are-difficult-in-the-warm-up-pen-at-show/index.html,problem-solving-under-saddle,GGvsSnEVpxA,"scattered_id(total=26,home=desensitization-sacking-out@12%)",Pat Parelli: Natural Horsemanship — What Happened to Pat Parelli
qa/problem-solving-under-saddle/what-does-warwick-schiller-say-about-horses-that-spook-in-the-same-spot-in-the-a/index.html,problem-solving-under-saddle,Hj5Ew8qkjMk,"scattered_id(total=77,home=natural-horsemanship@49%)",Warwick Schiller: Feel and Connection — How to Ride With a Bosal and How It Works
qa/problem-solving-under-saddle/what-is-a-cold-backed-horse-and-how-do-you-manage-and-train-one/index.html,problem-solving-under-saddle,vH9NsbtmDsg,"scattered_id(total=51,home=horse-care@31%)",Equine Veterinary — How to Manage Hauling and Travel to Keep a Horse in Good Condition Throughout a Competition Season
qa/problem-solving-under-saddle/what-is-clinton-andersons-method-for-fixing-a-horse-that-wont-move-forward-from/index.html,problem-solving-under-saddle,s1Jr8N1B6Xc,"scattered_id(total=18,home=training-principles@28%)",Clinton Anderson: Getting Forward Movement — How to Increase Impulsion and Forward Energy in a Horse
qa/problem-solving-under-saddle/what-is-the-best-way-to-fix-a-horse-that-rushes-through-transitions-and-lacks-sm/index.html,problem-solving-under-saddle,8i7HxJhM9Ds,"scattered_id(total=106,home=dressage@42%)","Jane Savoie: Dressage Made Simple — The Training Scale: Rhythm, Suppleness, Contact, Impulsion, Straightness, Collection"
qa/problem-solving-under-saddle/what-is-the-correct-response-when-a-horse-refuses-to-go-past-a-specific-object-o/index.html,problem-solving-under-saddle,KJd9paeIu40,"scattered_id(total=130,home=obstacle-training@22%)",Ken McNabb: Gaining Emotional Control — Developing a Horse That Is Calm and Focused in a Busy Ranch Horse Show Environment
qa/problem-solving-under-saddle/what-is-the-difference-between-crow-hopping-and-bucking-and-how-do-you-handle-ea/index.html,problem-solving-under-saddle,NREoSIPWQ0E,"scattered_id(total=139,home=natural-horsemanship@16%)",Clinton Anderson: The Method — What He Says About Gadgets and Training Aids That Attach to the Bit
qa/problem-solving-under-saddle/why-does-my-horse-buck-and-how-do-i-stop-it/index.html,problem-solving-under-saddle,NREoSIPWQ0E,"scattered_id(total=139,home=natural-horsemanship@16%)",Clinton Anderson: The Method — What He Says About Gadgets and Training Aids That Attach to the Bit
qa/problem-solving-under-saddle/why-does-my-horse-pin-its-ears-under-saddle-and-what-does-it-mean/index.html,problem-solving-under-saddle,BqiDJqLgvlA,"scattered_id(total=36,home=wild-horse-training@31%)",Warwick Schiller: Emotional Fitness — The Difference Between a Horse That Is Calm and One That Is Shut Down
qa/problem-solving-under-saddle/why-wont-my-horse-go-forward-in-the-arena/index.html,problem-solving-under-saddle,s1Jr8N1B6Xc,"scattered_id(total=18,home=training-principles@28%)",Clinton Anderson: Getting Forward Movement — How to Increase Impulsion and Forward Energy in a Horse
qa/ranch-riding/how-do-i-avoid-the-most-costly-mistakes-in-ranch-riding-competition/index.html,ranch-riding,f918N1t9mfk,"scattered_id(total=174,home=working-western-rail@13%)",Al Dunning: Speed Control and Horsemanship — Show Trainer vs. Ranch or Horsemanship Trainer
qa/ranch-riding/how-do-i-develop-a-genuine-competitive-edge-in-ranch-riding-over-time/index.html,ranch-riding,ComwTOq5A8Q,"scattered_id(total=107,home=versatility-ranch-horse@26%)",Ken McNabb: How to Buy the Right Horse — Can the Horse Carry My Weight
qa/ranch-riding/how-do-i-develop-a-smooth-flying-lead-change-for-a-ranch-riding-pattern/index.html,ranch-riding,0tu1M4abZMU,"scattered_id(total=34,home=lead-changes@68%)",Larry Trocha: Flying Lead Changes — Do Flying Changes Require Collection Similar to Shoulder-In
qa/ranch-riding/how-do-i-develop-the-correct-jog-for-ranch-riding/index.html,ranch-riding,f918N1t9mfk,"scattered_id(total=174,home=working-western-rail@13%)",Al Dunning: Speed Control and Horsemanship — Show Trainer vs. Ranch or Horsemanship Trainer
qa/ranch-riding/how-do-i-develop-the-correct-walk-for-ranch-riding-competition/index.html,ranch-riding,f918N1t9mfk,"scattered_id(total=174,home=working-western-rail@13%)",Al Dunning: Speed Control and Horsemanship — Show Trainer vs. Ranch or Horsemanship Trainer
qa/ranch-riding/how-do-i-develop-the-extended-lope-required-in-ranch-riding-patterns/index.html,ranch-riding,f918N1t9mfk,"scattered_id(total=174,home=working-western-rail@13%)",Al Dunning: Speed Control and Horsemanship — Show Trainer vs. Ranch or Horsemanship Trainer
qa/ranch-riding/how-do-i-develop-the-extended-trot-required-in-ranch-riding-patterns/index.html,ranch-riding,f918N1t9mfk,"scattered_id(total=174,home=working-western-rail@13%)",Al Dunning: Speed Control and Horsemanship — Show Trainer vs. Ranch or Horsemanship Trainer
qa/ranch-riding/how-do-i-maximize-my-rail-work-score-in-ranch-riding-competition/index.html,ranch-riding,f918N1t9mfk,"scattered_id(total=174,home=working-western-rail@13%)",Al Dunning: Speed Control and Horsemanship — Show Trainer vs. Ranch or Horsemanship Trainer
qa/ranch-riding/how-do-i-prepare-for-my-first-ranch-riding-competition/index.html,ranch-riding,ComwTOq5A8Q,"scattered_id(total=107,home=versatility-ranch-horse@26%)",Ken McNabb: How to Buy the Right Horse — Can the Horse Carry My Weight
qa/ranch-riding/how-do-i-show-my-horses-extended-gaits-to-maximum-advantage-in-ranch-riding/index.html,ranch-riding,f918N1t9mfk,"scattered_id(total=174,home=working-western-rail@13%)",Al Dunning: Speed Control and Horsemanship — Show Trainer vs. Ranch or Horsemanship Trainer
qa/ranch-riding/how-do-i-train-the-360-degree-turn-required-in-ranch-riding-patterns/index.html,ranch-riding,WM5RLXyPibI,"scattered_id(total=32,home=lateral-work-suppling@38%)",Matt Mills: How to Teach Your Horse to Spin — How to Get a Horse to Turn on the Haunches
qa/ranch-riding/how-do-i-train-the-backup-for-ranch-riding-patterns/index.html,ranch-riding,bgKlBwC3YGE,"scattered_id(total=11,home=horsemanship@18%)",Richard Winters: Hands-Free Backup — Developing the Backup for Western Horsemanship
qa/ranch-riding/how-do-judges-differentiate-between-horses-in-a-close-ranch-riding-class/index.html,ranch-riding,f918N1t9mfk,"scattered_id(total=174,home=working-western-rail@13%)",Al Dunning: Speed Control and Horsemanship — Show Trainer vs. Ranch or Horsemanship Trainer
qa/ranch-riding/how-do-judges-evaluate-overall-impression-in-a-ranch-riding-class/index.html,ranch-riding,f918N1t9mfk,"scattered_id(total=174,home=working-western-rail@13%)",Al Dunning: Speed Control and Horsemanship — Show Trainer vs. Ranch or Horsemanship Trainer
qa/ranch-riding/how-do-judges-evaluate-the-extended-gaits-in-ranch-riding-patterns/index.html,ranch-riding,f918N1t9mfk,"scattered_id(total=174,home=working-western-rail@13%)",Al Dunning: Speed Control and Horsemanship — Show Trainer vs. Ranch or Horsemanship Trainer
qa/ranch-riding/how-do-judges-evaluate-the-horses-attitude-and-willingness-throughout-the-class/index.html,ranch-riding,f918N1t9mfk,"scattered_id(total=174,home=working-western-rail@13%)",Al Dunning: Speed Control and Horsemanship — Show Trainer vs. Ranch or Horsemanship Trainer
qa/ranch-riding/how-do-judges-evaluate-the-pattern-maneuvers-in-ranch-riding/index.html,ranch-riding,f918N1t9mfk,"scattered_id(total=174,home=working-western-rail@13%)",Al Dunning: Speed Control and Horsemanship — Show Trainer vs. Ranch or Horsemanship Trainer
qa/ranch-riding/index.html,ranch-riding,3iDzfmslhoo,"scattered_id(total=27,home=reining@67%)",Luca Fappani: Reining Horse Training — Full Schooling Session
qa/ranch-riding/index.html,ranch-riding,ComwTOq5A8Q,"scattered_id(total=107,home=versatility-ranch-horse@26%)",Ken McNabb: How to Buy the Right Horse — Can the Horse Carry My Weight
qa/ranch-riding/what-does-a-judge-look-for-in-a-ranch-riding-class-and-how-is-it-different-from/index.html,ranch-riding,f918N1t9mfk,"scattered_id(total=174,home=working-western-rail@13%)",Al Dunning: Speed Control and Horsemanship — Show Trainer vs. Ranch or Horsemanship Trainer
qa/ranch-riding/what-is-ranch-riding-and-how-is-it-judged/index.html,ranch-riding,f918N1t9mfk,"scattered_id(total=174,home=working-western-rail@13%)",Al Dunning: Speed Control and Horsemanship — Show Trainer vs. Ranch or Horsemanship Trainer
qa/ranch-riding/what-is-ranch-riding/index.html,ranch-riding,f918N1t9mfk,"scattered_id(total=174,home=working-western-rail@13%)",Al Dunning: Speed Control and Horsemanship — Show Trainer vs. Ranch or Horsemanship Trainer
qa/ranch-riding/what-is-versatility-ranch-horse/index.html,ranch-riding,ComwTOq5A8Q,"scattered_id(total=107,home=versatility-ranch-horse@26%)",Ken McNabb: How to Buy the Right Horse — Can the Horse Carry My Weight
qa/ranch-riding/what-specific-movement-qualities-do-ranch-riding-judges-reward-most-highly/index.html,ranch-riding,f918N1t9mfk,"scattered_id(total=174,home=working-western-rail@13%)",Al Dunning: Speed Control and Horsemanship — Show Trainer vs. Ranch or Horsemanship Trainer
qa/ranch-riding/what-type-of-horse-does-well-in-ranch-riding/index.html,ranch-riding,ComwTOq5A8Q,"scattered_id(total=107,home=versatility-ranch-horse@26%)",Ken McNabb: How to Buy the Right Horse — Can the Horse Carry My Weight
qa/reining/can-a-beginner-ruin-a-reining-horse/index.html,reining,Y1Mndc7oZJ8,"scattered_id(total=38,home=trailer-loading@32%)",Clinton Anderson: Working With Hot and Busy-Minded Horses — Maintaining Leadership
qa/reining/can-i-learn-reining-on-a-ranch-horse/index.html,reining,ComwTOq5A8Q,"scattered_id(total=107,home=versatility-ranch-horse@26%)",Ken McNabb: How to Buy the Right Horse — Can the Horse Carry My Weight
qa/reining/do-i-need-a-finished-reining-horse-to-take-lessons/index.html,reining,MoAzyvJVqGY,"scattered_id(total=43,home=working-cow-horse@42%)",A Life of Studying Horses — The Ken McNabb Story
qa/reining/do-i-need-to-know-how-to-lope-before-starting-reining/index.html,reining,edVHadHZ264,"scattered_id(total=65,home=timed-events@23%)",60-Day Colt Starting — Low Stress Before & After
qa/reining/how-do-beginners-learn-speed-control-in-reining/index.html,reining,f918N1t9mfk,"scattered_id(total=174,home=working-western-rail@13%)",Al Dunning: Speed Control and Horsemanship — Show Trainer vs. Ranch or Horsemanship Trainer
qa/reining/how-do-i-avoid-buying-too-much-horse-in-reining/index.html,reining,Y1Mndc7oZJ8,"scattered_id(total=38,home=trailer-loading@32%)",Clinton Anderson: Working With Hot and Busy-Minded Horses — Maintaining Leadership
qa/reining/how-do-i-keep-my-hands-quiet-in-reining/index.html,reining,hCniW-BKZpo,"scattered_id(total=37,home=neck-reining@41%)",Matt Mills: Stop Fighting the Reins — Loose Rein vs. Contact Rein in Western Performance
qa/reining/how-do-i-know-if-i-had-a-good-first-reining-ride/index.html,reining,twhB7DnN02Q,"scattered_id(total=10,home=starting-young-horses@30%)",Training a Young Horse — Complete Unedited First Rides
qa/reining/how-do-i-know-if-i-need-a-trainer-or-just-more-practice/index.html,reining,MoAzyvJVqGY,"scattered_id(total=43,home=working-cow-horse@42%)",A Life of Studying Horses — The Ken McNabb Story
qa/reining/how-do-i-learn-to-back-a-reining-horse-correctly/index.html,reining,oMn35EhR_Zg,"scattered_id(total=55,home=horsemanship@24%)",Warwick Schiller: Benefits of Teaching a Horse to Back Up — What He Says About Horses Behind the Bit
qa/reining/how-do-i-learn-to-ride-with-one-hand-in-reining/index.html,reining,hCniW-BKZpo,"scattered_id(total=37,home=neck-reining@41%)",Matt Mills: Stop Fighting the Reins — Loose Rein vs. Contact Rein in Western Performance
qa/reining/how-do-i-learn-to-turn-around-in-reining-without-making-the-horse-dizzy/index.html,reining,WM5RLXyPibI,"scattered_id(total=32,home=lateral-work-suppling@38%)",Matt Mills: How to Teach Your Horse to Spin — How to Get a Horse to Turn on the Haunches
qa/reining/how-do-i-prepare-a-horse-with-a-reining-background-for-ranch-reining-and-how-do/index.html,reining,ComwTOq5A8Q,"scattered_id(total=107,home=versatility-ranch-horse@26%)",Ken McNabb: How to Buy the Right Horse — Can the Horse Carry My Weight
qa/reining/how-do-i-train-flying-lead-changes-and-fix-a-horse-that-swaps-late-behind/index.html,reining,0tu1M4abZMU,"scattered_id(total=34,home=lead-changes@68%)",Larry Trocha: Flying Lead Changes — Do Flying Changes Require Collection Similar to Shoulder-In
qa/reining/how-do-i-use-my-legs-correctly-in-reining/index.html,reining,jahmDTCy5nU,"scattered_id(total=48,home=horsemanship@29%)",Ken McNabb: Teaching Your Horse to Move Off Seat and Legs — Introducing Lateral Work to a Young Horse
qa/reining/how-do-you-keep-a-reining-horse-honest/index.html,reining,07IltPi9yz8,"scattered_id(total=53,home=groundwork-longing@25%)",Clinton Anderson: Post 'N Circle — Counter-Canter on the Lunge Line vs. Under Saddle
qa/reining/how-do-you-teach-a-reining-horse-to-guide-better/index.html,reining,hCniW-BKZpo,"scattered_id(total=37,home=neck-reining@41%)",Matt Mills: Stop Fighting the Reins — Loose Rein vs. Contact Rein in Western Performance
qa/reining/how-early-should-reining-maneuvers-be-introduced/index.html,reining,edVHadHZ264,"scattered_id(total=65,home=timed-events@23%)",60-Day Colt Starting — Low Stress Before & After
qa/reining/how-much-collection-does-a-reining-horse-need/index.html,reining,FBEWVWmOj78,"scattered_id(total=47,home=position-seat@36%)",Collection and the Horse's Back — The Basics
qa/reining/how-much-rein-should-i-use-in-reining/index.html,reining,BANshLvc55g,"scattered_id(total=52,home=collection@15%)",Ken McNabb: How to Ride Your Horse With Light Hands — Identifying and Correcting a Horse That Leans on the Bit
qa/reining/how-much-speed-should-a-reining-horse-show-in-fast-circles/index.html,reining,f918N1t9mfk,"scattered_id(total=174,home=working-western-rail@13%)",Al Dunning: Speed Control and Horsemanship — Show Trainer vs. Ranch or Horsemanship Trainer
qa/reining/index.html,reining,WM5RLXyPibI,"scattered_id(total=32,home=lateral-work-suppling@38%)",Matt Mills: How to Teach Your Horse to Spin — How to Get a Horse to Turn on the Haunches
qa/reining/is-a-cheaper-green-prospect-a-bad-idea-for-a-beginner/index.html,reining,edVHadHZ264,"scattered_id(total=65,home=timed-events@23%)",60-Day Colt Starting — Low Stress Before & After
qa/reining/is-a-sensitive-reining-horse-bad-for-a-beginner/index.html,reining,Y1Mndc7oZJ8,"scattered_id(total=38,home=trailer-loading@32%)",Clinton Anderson: Working With Hot and Busy-Minded Horses — Maintaining Leadership
qa/reining/should-a-beginner-buy-a-young-reining-prospect/index.html,reining,edVHadHZ264,"scattered_id(total=65,home=timed-events@23%)",60-Day Colt Starting — Low Stress Before & After
qa/reining/should-an-amateur-train-their-own-reining-horse/index.html,reining,MoAzyvJVqGY,"scattered_id(total=43,home=working-cow-horse@42%)",A Life of Studying Horses — The Ken McNabb Story
qa/reining/should-beginners-ride-two-handed-or-one-handed-in-reining/index.html,reining,hCniW-BKZpo,"scattered_id(total=37,home=neck-reining@41%)",Matt Mills: Stop Fighting the Reins — Loose Rein vs. Contact Rein in Western Performance
qa/reining/should-i-buy-a-reining-horse-before-taking-lessons/index.html,reining,aASS-342kdo,"scattered_id(total=117,home=horsemanship@18%)",Ken McNabb: Ground Work — Preparing Your Horse to Ride
qa/reining/should-i-take-reining-lessons-before-buying-a-horse/index.html,reining,aASS-342kdo,"scattered_id(total=117,home=horsemanship@18%)",Ken McNabb: Ground Work — Preparing Your Horse to Ride
qa/reining/should-my-trainer-help-me-buy-a-reining-horse/index.html,reining,MoAzyvJVqGY,"scattered_id(total=43,home=working-cow-horse@42%)",A Life of Studying Horses — The Ken McNabb Story
qa/reining/should-non-pros-take-reining-lessons-every-week/index.html,reining,MoAzyvJVqGY,"scattered_id(total=43,home=working-cow-horse@42%)",A Life of Studying Horses — The Ken McNabb Story
qa/reining/what-are-red-flags-when-buying-a-reining-horse/index.html,reining,vH9NsbtmDsg,"scattered_id(total=51,home=horse-care@31%)",Equine Veterinary — How to Manage Hauling and Travel to Keep a Horse in Good Condition Throughout a Competition Season
qa/reining/what-is-a-counter-canter-and-why-does-it-help-lead-changes-in-reining/index.html,reining,1DhWU4y6wIs,"scattered_id(total=28,home=counter-canter@64%)",Clinton Anderson: Counter Cantering — What Is Counter-Canter and How to Ride It
qa/reining/what-is-ranch-reining-and-how-does-it-differ-fundamentally-from-nrha-reining-com/index.html,reining,ComwTOq5A8Q,"scattered_id(total=107,home=versatility-ranch-horse@26%)",Ken McNabb: How to Buy the Right Horse — Can the Horse Carry My Weight
qa/reining/what-is-the-difference-between-a-spin-and-just-turning-in-circles/index.html,reining,WM5RLXyPibI,"scattered_id(total=32,home=lateral-work-suppling@38%)",Matt Mills: How to Teach Your Horse to Spin — How to Get a Horse to Turn on the Haunches
qa/reining/what-kind-of-horse-is-best-for-beginner-reining-lessons/index.html,reining,oWU8YgIrNiY,"scattered_id(total=117,home=mounting-dismounting@18%)",Clinton Anderson: Overview of Starting a Colt — What Clinton Anderson Teaches About Bit Fit
qa/reining/what-makes-a-good-reining-prospect/index.html,reining,edVHadHZ264,"scattered_id(total=65,home=timed-events@23%)",60-Day Colt Starting — Low Stress Before & After
qa/reining/what-makes-a-reining-horse-too-much-for-a-beginner/index.html,reining,Y1Mndc7oZJ8,"scattered_id(total=38,home=trailer-loading@32%)",Clinton Anderson: Working With Hot and Busy-Minded Horses — Maintaining Leadership
qa/reining/what-questions-should-i-ask-before-buying-a-reining-horse/index.html,reining,MoAzyvJVqGY,"scattered_id(total=43,home=working-cow-horse@42%)",A Life of Studying Horses — The Ken McNabb Story
qa/reining/what-riding-skills-should-i-have-before-starting-reining-lessons/index.html,reining,edVHadHZ264,"scattered_id(total=65,home=timed-events@23%)",60-Day Colt Starting — Low Stress Before & After
qa/reining/what-should-a-beginner-know-before-taking-reining-lessons/index.html,reining,oWU8YgIrNiY,"scattered_id(total=117,home=mounting-dismounting@18%)",Clinton Anderson: Overview of Starting a Colt — What Clinton Anderson Teaches About Bit Fit
qa/reining/what-should-a-two-year-old-reining-prospect-know/index.html,reining,edVHadHZ264,"scattered_id(total=65,home=timed-events@23%)",60-Day Colt Starting — Low Stress Before & After
qa/reining/what-should-i-ask-my-reining-trainer/index.html,reining,aASS-342kdo,"scattered_id(total=117,home=horsemanship@18%)",Ken McNabb: Ground Work — Preparing Your Horse to Ride
qa/reining/what-soundness-signs-show-up-in-reining-horses/index.html,reining,vH9NsbtmDsg,"scattered_id(total=51,home=horse-care@31%)",Equine Veterinary — How to Manage Hauling and Travel to Keep a Horse in Good Condition Throughout a Competition Season
qa/reining/when-should-i-buy-my-own-reining-horse/index.html,reining,MoAzyvJVqGY,"scattered_id(total=43,home=working-cow-horse@42%)",A Life of Studying Horses — The Ken McNabb Story
qa/reining/why-are-reiners-and-cow-horse-competitors-always-using-the-inside-rein-to-contro/index.html,reining,BANshLvc55g,"scattered_id(total=52,home=collection@15%)",Ken McNabb: How to Ride Your Horse With Light Hands — Identifying and Correcting a Horse That Leans on the Bit
qa/reining/why-do-i-pull-too-much-in-reining/index.html,reining,BANshLvc55g,"scattered_id(total=52,home=collection@15%)",Ken McNabb: How to Ride Your Horse With Light Hands — Identifying and Correcting a Horse That Leans on the Bit
qa/reining/why-do-reining-horses-do-well-as-rope-horses/index.html,reining,ComwTOq5A8Q,"scattered_id(total=107,home=versatility-ranch-horse@26%)",Ken McNabb: How to Buy the Right Horse — Can the Horse Carry My Weight
qa/reining/why-do-some-reining-horses-only-work-well-for-trainers/index.html,reining,Y1Mndc7oZJ8,"scattered_id(total=38,home=trailer-loading@32%)",Clinton Anderson: Working With Hot and Busy-Minded Horses — Maintaining Leadership
qa/reining/why-does-my-horse-back-crooked/index.html,reining,bgKlBwC3YGE,"scattered_id(total=11,home=horsemanship@18%)",Richard Winters: Hands-Free Backup — Developing the Backup for Western Horsemanship
qa/reining/why-does-my-horse-brace-when-i-ride/index.html,reining,oMn35EhR_Zg,"scattered_id(total=55,home=horsemanship@24%)",Warwick Schiller: Benefits of Teaching a Horse to Back Up — What He Says About Horses Behind the Bit
qa/reining/why-does-my-horse-change-in-front-but-not-behind-in-the-lead-change/index.html,reining,0tu1M4abZMU,"scattered_id(total=34,home=lead-changes@68%)",Larry Trocha: Flying Lead Changes — Do Flying Changes Require Collection Similar to Shoulder-In
qa/reining/why-does-my-horse-feel-different-at-a-show-than-at-home/index.html,reining,KJd9paeIu40,"scattered_id(total=130,home=obstacle-training@22%)",Ken McNabb: Gaining Emotional Control — Developing a Horse That Is Calm and Focused in a Busy Ranch Horse Show Environment
qa/reining/why-does-my-horse-get-confused-when-i-cue/index.html,reining,hCniW-BKZpo,"scattered_id(total=37,home=neck-reining@41%)",Matt Mills: Stop Fighting the Reins — Loose Rein vs. Contact Rein in Western Performance
qa/reining/why-does-my-horse-get-frustrated-during-reining-lessons/index.html,reining,Idbhg34M6Nc,"scattered_id(total=35,home=training-principles@26%)",When to Use the Colt Starting Series vs Fundamentals — Q&A
qa/reining/why-does-my-horse-speed-up-in-the-small-slow-circle/index.html,reining,f918N1t9mfk,"scattered_id(total=174,home=working-western-rail@13%)",Al Dunning: Speed Control and Horsemanship — Show Trainer vs. Ranch or Horsemanship Trainer
qa/reining/why-does-my-horse-swap-leads-in-the-circle/index.html,reining,1DhWU4y6wIs,"scattered_id(total=28,home=counter-canter@64%)",Clinton Anderson: Counter Cantering — What Is Counter-Canter and How to Ride It
qa/reining/why-does-my-horse-walk-forward-in-the-spin/index.html,reining,WM5RLXyPibI,"scattered_id(total=32,home=lateral-work-suppling@38%)",Matt Mills: How to Teach Your Horse to Spin — How to Get a Horse to Turn on the Haunches
qa/reining/why-does-my-reining-horse-get-dull/index.html,reining,07IltPi9yz8,"scattered_id(total=53,home=groundwork-longing@25%)",Clinton Anderson: Post 'N Circle — Counter-Canter on the Lunge Line vs. Under Saddle
qa/reining/why-does-my-reining-horse-get-hot/index.html,reining,Y1Mndc7oZJ8,"scattered_id(total=38,home=trailer-loading@32%)",Clinton Anderson: Working With Hot and Busy-Minded Horses — Maintaining Leadership
qa/reining/why-does-my-reining-horse-ignore-my-leg/index.html,reining,jahmDTCy5nU,"scattered_id(total=48,home=horsemanship@29%)",Ken McNabb: Teaching Your Horse to Move Off Seat and Legs — Introducing Lateral Work to a Young Horse
qa/reining/why-does-my-reining-horse-lean-on-the-bridle/index.html,reining,BANshLvc55g,"scattered_id(total=52,home=collection@15%)",Ken McNabb: How to Ride Your Horse With Light Hands — Identifying and Correcting a Horse That Leans on the Bit
qa/reining/why-does-my-reining-horse-lose-forward-motion/index.html,reining,s1Jr8N1B6Xc,"scattered_id(total=18,home=training-principles@28%)",Clinton Anderson: Getting Forward Movement — How to Increase Impulsion and Forward Energy in a Horse
qa/reining/why-does-my-reining-horse-not-listen-to-me/index.html,reining,NREoSIPWQ0E,"scattered_id(total=139,home=natural-horsemanship@16%)",Clinton Anderson: The Method — What He Says About Gadgets and Training Aids That Attach to the Bit
qa/reining/why-does-my-reining-horse-overreact-to-my-leg/index.html,reining,07IltPi9yz8,"scattered_id(total=53,home=groundwork-longing@25%)",Clinton Anderson: Post 'N Circle — Counter-Canter on the Lunge Line vs. Under Saddle
qa/reining/why-does-my-reining-horse-pin-its-ears/index.html,reining,vH9NsbtmDsg,"scattered_id(total=51,home=horse-care@31%)",Equine Veterinary — How to Manage Hauling and Travel to Keep a Horse in Good Condition Throughout a Competition Season
qa/reining/why-does-my-reining-horse-speed-up-when-i-get-nervous/index.html,reining,KJd9paeIu40,"scattered_id(total=130,home=obstacle-training@22%)",Ken McNabb: Gaining Emotional Control — Developing a Horse That Is Calm and Focused in a Busy Ranch Horse Show Environment
qa/reining/why-does-my-reining-horse-work-well-at-home-but-not-at-shows/index.html,reining,KJd9paeIu40,"scattered_id(total=130,home=obstacle-training@22%)",Ken McNabb: Gaining Emotional Control — Developing a Horse That Is Calm and Focused in a Busy Ranch Horse Show Environment
qa/reining/why-is-soundness-so-important-in-reining/index.html,reining,vH9NsbtmDsg,"scattered_id(total=51,home=horse-care@31%)",Equine Veterinary — How to Manage Hauling and Travel to Keep a Horse in Good Condition Throughout a Competition Season
qa/safety/a-cowboy-told-me-my-horse-has-kissing-spine-what-is-that/index.html,safety,vH9NsbtmDsg,"scattered_id(total=51,home=horse-care@31%)",Equine Veterinary — How to Manage Hauling and Travel to Keep a Horse in Good Condition Throughout a Competition Season
qa/safety/can-kissing-spine-create-issues-that-training-cannot-solve/index.html,safety,vH9NsbtmDsg,"scattered_id(total=51,home=horse-care@31%)",Equine Veterinary — How to Manage Hauling and Travel to Keep a Horse in Good Condition Throughout a Competition Season
qa/safety/explain-how-to-keep-a-horse-down-by-placing-your-knee-on-his-neck-and-why-it-wor/index.html,safety,aASS-342kdo,"scattered_id(total=117,home=horsemanship@18%)",Ken McNabb: Ground Work — Preparing Your Horse to Ride
qa/safety/how-do-i-know-when-a-horses-dangerous-behavior-requires-a-professional-trainer/index.html,safety,NREoSIPWQ0E,"scattered_id(total=139,home=natural-horsemanship@16%)",Clinton Anderson: The Method — What He Says About Gadgets and Training Aids That Attach to the Bit
qa/safety/how-do-i-safely-introduce-a-horse-to-riding-in-groups-or-in-a-busy-arena/index.html,safety,KJd9paeIu40,"scattered_id(total=130,home=obstacle-training@22%)",Ken McNabb: Gaining Emotional Control — Developing a Horse That Is Calm and Focused in a Busy Ranch Horse Show Environment
qa/safety/how-important-is-it-to-check-your-cinch-after-your-horse-deflates-and-during-lon/index.html,safety,oWU8YgIrNiY,"scattered_id(total=117,home=mounting-dismounting@18%)",Clinton Anderson: Overview of Starting a Colt — What Clinton Anderson Teaches About Bit Fit
qa/safety/how-to-deal-with-a-horse-that-has-had-spur-abuse/index.html,safety,BqiDJqLgvlA,"scattered_id(total=36,home=wild-horse-training@31%)",Warwick Schiller: Emotional Fitness — The Difference Between a Horse That Is Calm and One That Is Shut Down
qa/safety/if-you-fall-off-should-you-hold-on-to-the-reins/index.html,safety,5pVAIJMNV9A,"scattered_id(total=39,home=obstacle-training@67%)",Julie Goodnight: Trail and Riding Tips — The Keys to Flatwork for Any Discipline
qa/safety/is-holding-a-foreleg-a-good-way-to-restrain-a-horse/index.html,safety,aASS-342kdo,"scattered_id(total=117,home=horsemanship@18%)",Ken McNabb: Ground Work — Preparing Your Horse to Ride
qa/safety/my-horse-is-cold-backed-what-could-be-causing-it/index.html,safety,vH9NsbtmDsg,"scattered_id(total=51,home=horse-care@31%)",Equine Veterinary — How to Manage Hauling and Travel to Keep a Horse in Good Condition Throughout a Competition Season
qa/safety/my-horse-is-spooky-under-saddle-and-even-when-getting-saddled-what-can-we-do/index.html,safety,KJd9paeIu40,"scattered_id(total=130,home=obstacle-training@22%)",Ken McNabb: Gaining Emotional Control — Developing a Horse That Is Calm and Focused in a Busy Ranch Horse Show Environment
qa/safety/my-horse-is-starting-to-half-rear-what-should-i-do/index.html,safety,NREoSIPWQ0E,"scattered_id(total=139,home=natural-horsemanship@16%)",Clinton Anderson: The Method — What He Says About Gadgets and Training Aids That Attach to the Bit
qa/safety/my-horse-shys-from-traffic-what-should-i-do/index.html,safety,KJd9paeIu40,"scattered_id(total=130,home=obstacle-training@22%)",Ken McNabb: Gaining Emotional Control — Developing a Horse That Is Calm and Focused in a Busy Ranch Horse Show Environment
qa/safety/my-horse-spooks-and-goes-sideways-what-can-be-done/index.html,safety,KJd9paeIu40,"scattered_id(total=130,home=obstacle-training@22%)",Ken McNabb: Gaining Emotional Control — Developing a Horse That Is Calm and Focused in a Busy Ranch Horse Show Environment
qa/safety/my-horse-spooks-at-barking-dogs-what-can-i-do/index.html,safety,KJd9paeIu40,"scattered_id(total=130,home=obstacle-training@22%)",Ken McNabb: Gaining Emotional Control — Developing a Horse That Is Calm and Focused in a Busy Ranch Horse Show Environment
qa/safety/my-horse-started-rearing-when-we-stop-and-it-is-scary-what-can-i-do-to-fix-it/index.html,safety,NREoSIPWQ0E,"scattered_id(total=139,home=natural-horsemanship@16%)",Clinton Anderson: The Method — What He Says About Gadgets and Training Aids That Attach to the Bit
qa/safety/my-horse-wants-to-go-sideways-when-spooked-what-can-i-do-about-that/index.html,safety,KJd9paeIu40,"scattered_id(total=130,home=obstacle-training@22%)",Ken McNabb: Gaining Emotional Control — Developing a Horse That Is Calm and Focused in a Busy Ranch Horse Show Environment
qa/safety/my-horse-will-bolt-right-off-what-can-i-do-to-control-him/index.html,safety,NREoSIPWQ0E,"scattered_id(total=139,home=natural-horsemanship@16%)",Clinton Anderson: The Method — What He Says About Gadgets and Training Aids That Attach to the Bit
qa/safety/what-are-some-tips-for-young-horses-that-have-begun-to-buck/index.html,safety,oWU8YgIrNiY,"scattered_id(total=117,home=mounting-dismounting@18%)",Clinton Anderson: Overview of Starting a Colt — What Clinton Anderson Teaches About Bit Fit
qa/safety/what-are-the-basics-to-getting-a-young-horse-to-not-buck/index.html,safety,oWU8YgIrNiY,"scattered_id(total=117,home=mounting-dismounting@18%)",Clinton Anderson: Overview of Starting a Colt — What Clinton Anderson Teaches About Bit Fit
qa/safety/what-are-the-best-tips-for-preventing-bucking-with-a-green-horse/index.html,safety,oWU8YgIrNiY,"scattered_id(total=117,home=mounting-dismounting@18%)",Clinton Anderson: Overview of Starting a Colt — What Clinton Anderson Teaches About Bit Fit
qa/safety/what-are-the-keys-to-your-first-solo-ride/index.html,safety,5pVAIJMNV9A,"scattered_id(total=39,home=obstacle-training@67%)",Julie Goodnight: Trail and Riding Tips — The Keys to Flatwork for Any Discipline
qa/safety/what-are-the-reasons-horses-shy-and-how-do-blind-spots-in-their-vision-contribut/index.html,safety,DaA3wVpFoSM,"scattered_id(total=73,home=natural-horsemanship@19%)",Warwick Schiller: How to Choose a Horse Trainer
qa/safety/what-are-the-tips-to-working-with-an-abused-horse/index.html,safety,BqiDJqLgvlA,"scattered_id(total=36,home=wild-horse-training@31%)",Warwick Schiller: Emotional Fitness — The Difference Between a Horse That Is Calm and One That Is Shut Down
qa/safety/what-can-be-done-with-a-horse-that-gets-stiff-after-riding/index.html,safety,vH9NsbtmDsg,"scattered_id(total=51,home=horse-care@31%)",Equine Veterinary — How to Manage Hauling and Travel to Keep a Horse in Good Condition Throughout a Competition Season
qa/safety/what-do-you-do-if-your-horse-is-a-runaway/index.html,safety,NREoSIPWQ0E,"scattered_id(total=139,home=natural-horsemanship@16%)",Clinton Anderson: The Method — What He Says About Gadgets and Training Aids That Attach to the Bit
qa/safety/what-is-a-safe-way-to-lead-a-young-filly/index.html,safety,aASS-342kdo,"scattered_id(total=117,home=horsemanship@18%)",Ken McNabb: Ground Work — Preparing Your Horse to Ride
qa/safety/what-should-be-in-a-horse-first-aid-kit/index.html,safety,vH9NsbtmDsg,"scattered_id(total=51,home=horse-care@31%)",Equine Veterinary — How to Manage Hauling and Travel to Keep a Horse in Good Condition Throughout a Competition Season
qa/safety/what-should-i-do-if-my-horse-bucks-during-a-ride-and-how-do-i-prevent-it-from-be/index.html,safety,NREoSIPWQ0E,"scattered_id(total=139,home=natural-horsemanship@16%)",Clinton Anderson: The Method — What He Says About Gadgets and Training Aids That Attach to the Bit
qa/safety/what-should-i-do-to-stop-a-galloping-horse/index.html,safety,NREoSIPWQ0E,"scattered_id(total=139,home=natural-horsemanship@16%)",Clinton Anderson: The Method — What He Says About Gadgets and Training Aids That Attach to the Bit
qa/safety/what-should-i-do-when-my-horse-shows-dangerous-behavior/index.html,safety,NREoSIPWQ0E,"scattered_id(total=139,home=natural-horsemanship@16%)",Clinton Anderson: The Method — What He Says About Gadgets and Training Aids That Attach to the Bit
qa/safety/what-to-do-if-the-horse-hesitates-and-is-nervous-about-cantering-under-saddle/index.html,safety,KJd9paeIu40,"scattered_id(total=130,home=obstacle-training@22%)",Ken McNabb: Gaining Emotional Control — Developing a Horse That Is Calm and Focused in a Busy Ranch Horse Show Environment
qa/safety/when-is-a-twitch-effective-and-how-do-you-properly-use-one/index.html,safety,aASS-342kdo,"scattered_id(total=117,home=horsemanship@18%)",Ken McNabb: Ground Work — Preparing Your Horse to Ride
qa/safety/why-is-it-important-to-be-careful-when-dismounting-during-the-first-few-rides-on/index.html,safety,oWU8YgIrNiY,"scattered_id(total=117,home=mounting-dismounting@18%)",Clinton Anderson: Overview of Starting a Colt — What Clinton Anderson Teaches About Bit Fit
qa/safety/why-is-using-a-body-rope-on-a-foal-or-young-horse-so-risky-and-how-can-it-create/index.html,safety,oWU8YgIrNiY,"scattered_id(total=117,home=mounting-dismounting@18%)",Clinton Anderson: Overview of Starting a Colt — What Clinton Anderson Teaches About Bit Fit
qa/safety/why-should-every-horse-person-always-carry-a-pocket-knife-when-working-around-ho/index.html,safety,5pVAIJMNV9A,"scattered_id(total=39,home=obstacle-training@67%)",Julie Goodnight: Trail and Riding Tips — The Keys to Flatwork for Any Discipline
qa/speed/at-a-high-speed-gallop-should-you-allow-the-horse-to-change-leads/index.html,speed,f918N1t9mfk,"scattered_id(total=174,home=working-western-rail@13%)",Al Dunning: Speed Control and Horsemanship — Show Trainer vs. Ranch or Horsemanship Trainer
qa/speed/how-do-i-approach-the-start-line-in-speed-events-to-maximize-my-time/index.html,speed,f918N1t9mfk,"scattered_id(total=174,home=working-western-rail@13%)",Al Dunning: Speed Control and Horsemanship — Show Trainer vs. Ranch or Horsemanship Trainer
qa/speed/how-do-i-balance-competition-frequency-and-recovery-to-protect-my-speed-event-ho/index.html,speed,vH9NsbtmDsg,"scattered_id(total=51,home=horse-care@31%)",Equine Veterinary — How to Manage Hauling and Travel to Keep a Horse in Good Condition Throughout a Competition Season
qa/speed/how-do-i-develop-a-faster-run-down-in-my-reining-horse-without-sacrificing-contr/index.html,speed,f918N1t9mfk,"scattered_id(total=174,home=working-western-rail@13%)",Al Dunning: Speed Control and Horsemanship — Show Trainer vs. Ranch or Horsemanship Trainer
qa/speed/how-do-i-develop-a-horses-rate-and-acceleration-for-speed-events/index.html,speed,f918N1t9mfk,"scattered_id(total=174,home=working-western-rail@13%)",Al Dunning: Speed Control and Horsemanship — Show Trainer vs. Ranch or Horsemanship Trainer
qa/speed/how-do-i-fix-a-speed-event-horse-that-has-developed-pattern-anticipation-problem/index.html,speed,NREoSIPWQ0E,"scattered_id(total=139,home=natural-horsemanship@16%)",Clinton Anderson: The Method — What He Says About Gadgets and Training Aids That Attach to the Bit
qa/speed/how-do-i-keep-a-speed-event-horse-mentally-fresh-and-not-sour-over-a-competition/index.html,speed,Idbhg34M6Nc,"scattered_id(total=35,home=training-principles@26%)",When to Use the Colt Starting Series vs Fundamentals — Q&A
qa/speed/how-do-i-manage-a-horses-soundness-through-a-demanding-speed-event-competition-s/index.html,speed,vH9NsbtmDsg,"scattered_id(total=51,home=horse-care@31%)",Equine Veterinary — How to Manage Hauling and Travel to Keep a Horse in Good Condition Throughout a Competition Season
qa/speed/how-do-i-properly-warm-up-and-cool-down-a-speed-event-horse-to-protect-long-term/index.html,speed,vH9NsbtmDsg,"scattered_id(total=51,home=horse-care@31%)",Equine Veterinary — How to Manage Hauling and Travel to Keep a Horse in Good Condition Throughout a Competition Season
qa/speed/how-do-i-recognize-the-early-warning-signs-of-soft-tissue-injury-before-they-bec/index.html,speed,vH9NsbtmDsg,"scattered_id(total=51,home=horse-care@31%)",Equine Veterinary — How to Manage Hauling and Travel to Keep a Horse in Good Condition Throughout a Competition Season
qa/speed/how-do-i-teach-my-horse-to-rate-at-the-barrels-without-losing-momentum/index.html,speed,f918N1t9mfk,"scattered_id(total=174,home=working-western-rail@13%)",Al Dunning: Speed Control and Horsemanship — Show Trainer vs. Ranch or Horsemanship Trainer
qa/speed/how-do-i-train-a-horse-for-pole-bending-and-what-makes-a-great-pole-horse/index.html,speed,f918N1t9mfk,"scattered_id(total=174,home=working-western-rail@13%)",Al Dunning: Speed Control and Horsemanship — Show Trainer vs. Ranch or Horsemanship Trainer
qa/speed/how-do-i-train-a-young-horse-to-enter-the-speed-event-pen-without-anxiety/index.html,speed,KJd9paeIu40,"scattered_id(total=130,home=obstacle-training@22%)",Ken McNabb: Gaining Emotional Control — Developing a Horse That Is Calm and Focused in a Busy Ranch Horse Show Environment
qa/speed/how-do-i-use-cold-therapy-and-other-post-competition-leg-care-to-maintain-soundn/index.html,speed,vH9NsbtmDsg,"scattered_id(total=51,home=horse-care@31%)",Equine Veterinary — How to Manage Hauling and Travel to Keep a Horse in Good Condition Throughout a Competition Season
qa/speed/how-do-you-rate-your-horse-like-a-jockey-in-a-race/index.html,speed,f918N1t9mfk,"scattered_id(total=174,home=working-western-rail@13%)",Al Dunning: Speed Control and Horsemanship — Show Trainer vs. Ranch or Horsemanship Trainer
qa/speed/how-do-you-stay-centered-when-at-a-fast-gallop-in-a-large-circle/index.html,speed,9cc779oOQyU,"scattered_id(total=13,home=reining@31%)",Reining Training — Centered Riding: What It Is and the Keys to Execution
qa/speed/how-does-arena-footing-affect-speed-event-horse-soundness-and-what-should-i-look/index.html,speed,vH9NsbtmDsg,"scattered_id(total=51,home=horse-care@31%)",Equine Veterinary — How to Manage Hauling and Travel to Keep a Horse in Good Condition Throughout a Competition Season
qa/speed/how-does-shoeing-affect-a-speed-event-horses-soundness-and-performance/index.html,speed,vH9NsbtmDsg,"scattered_id(total=51,home=horse-care@31%)",Equine Veterinary — How to Manage Hauling and Travel to Keep a Horse in Good Condition Throughout a Competition Season
qa/speed/how-often-should-i-run-my-barrel-horse-at-full-speed-to-avoid-burnout/index.html,speed,Idbhg34M6Nc,"scattered_id(total=35,home=training-principles@26%)",When to Use the Colt Starting Series vs Fundamentals — Q&A
qa/speed/what-are-speed-events-in-horse-competition-and-what-disciplines-fall-under-this/index.html,speed,f918N1t9mfk,"scattered_id(total=174,home=working-western-rail@13%)",Al Dunning: Speed Control and Horsemanship — Show Trainer vs. Ranch or Horsemanship Trainer
qa/speed/what-are-the-keys-to-developing-a-fast-barrel-horse/index.html,speed,f918N1t9mfk,"scattered_id(total=174,home=working-western-rail@13%)",Al Dunning: Speed Control and Horsemanship — Show Trainer vs. Ranch or Horsemanship Trainer
qa/speed/what-are-the-keys-to-keeping-control-of-your-horse-at-a-gallop/index.html,speed,f918N1t9mfk,"scattered_id(total=174,home=working-western-rail@13%)",Al Dunning: Speed Control and Horsemanship — Show Trainer vs. Ranch or Horsemanship Trainer
qa/speed/what-conditioning-program-develops-the-fitness-a-speed-event-horse-needs/index.html,speed,ComwTOq5A8Q,"scattered_id(total=107,home=versatility-ranch-horse@26%)",Ken McNabb: How to Buy the Right Horse — Can the Horse Carry My Weight
qa/speed/what-conditioning-work-builds-the-explosive-speed-needed-for-barrel-horses/index.html,speed,ComwTOq5A8Q,"scattered_id(total=107,home=versatility-ranch-horse@26%)",Ken McNabb: How to Buy the Right Horse — Can the Horse Carry My Weight
qa/speed/what-is-pole-bending-and-how-is-it-ridden/index.html,speed,f918N1t9mfk,"scattered_id(total=174,home=working-western-rail@13%)",Al Dunning: Speed Control and Horsemanship — Show Trainer vs. Ranch or Horsemanship Trainer
qa/speed/what-is-the-correct-body-position-for-a-rider-during-a-fast-barrel-run/index.html,speed,9cc779oOQyU,"scattered_id(total=13,home=reining@31%)",Reining Training — Centered Riding: What It Is and the Keys to Execution
qa/speed/what-makes-a-great-speed-event-rider-and-how-do-i-develop-those-skills/index.html,speed,f918N1t9mfk,"scattered_id(total=174,home=working-western-rail@13%)",Al Dunning: Speed Control and Horsemanship — Show Trainer vs. Ranch or Horsemanship Trainer
qa/starting-young-horses/can-a-horse-be-retrained/index.html,starting-young-horses,NREoSIPWQ0E,"scattered_id(total=139,home=natural-horsemanship@16%)",Clinton Anderson: The Method — What He Says About Gadgets and Training Aids That Attach to the Bit
qa/starting-young-horses/explain-how-to-handle-a-foal-gently-kindly-and-persistently/index.html,starting-young-horses,oWU8YgIrNiY,"scattered_id(total=117,home=mounting-dismounting@18%)",Clinton Anderson: Overview of Starting a Colt — What Clinton Anderson Teaches About Bit Fit
qa/starting-young-horses/how-do-i-start-a-colt-under-saddle-for-the-first-time/index.html,starting-young-horses,oWU8YgIrNiY,"scattered_id(total=117,home=mounting-dismounting@18%)",Clinton Anderson: Overview of Starting a Colt — What Clinton Anderson Teaches About Bit Fit
qa/starting-young-horses/how-do-you-address-head-tossing-in-a-young-horse-that-starts-during-the-first-we/index.html,starting-young-horses,BANshLvc55g,"scattered_id(total=52,home=collection@15%)",Ken McNabb: How to Ride Your Horse With Light Hands — Identifying and Correcting a Horse That Leans on the Bit
qa/starting-young-horses/how-do-you-build-forward-energy-in-a-young-horse-that-is-naturally-lazy-or-dull/index.html,starting-young-horses,s1Jr8N1B6Xc,"scattered_id(total=18,home=training-principles@28%)",Clinton Anderson: Getting Forward Movement — How to Increase Impulsion and Forward Energy in a Horse
qa/starting-young-horses/how-do-you-deal-with-a-young-horse-that-is-extremely-mouthy-or-nippy-during-trai/index.html,starting-young-horses,aASS-342kdo,"scattered_id(total=117,home=horsemanship@18%)",Ken McNabb: Ground Work — Preparing Your Horse to Ride
qa/starting-young-horses/how-do-you-develop-a-young-horses-confidence-versus-its-obedience-and-why-does-t/index.html,starting-young-horses,Hj5Ew8qkjMk,"scattered_id(total=77,home=natural-horsemanship@49%)",Warwick Schiller: Feel and Connection — How to Ride With a Bosal and How It Works
qa/starting-young-horses/how-do-you-develop-a-young-horses-suppleness-and-straightness-from-the-earliest/index.html,starting-young-horses,oMn35EhR_Zg,"scattered_id(total=55,home=horsemanship@24%)",Warwick Schiller: Benefits of Teaching a Horse to Back Up — What He Says About Horses Behind the Bit
qa/starting-young-horses/how-do-you-develop-collection-in-a-young-horse-without-forcing-it/index.html,starting-young-horses,FBEWVWmOj78,"scattered_id(total=47,home=position-seat@36%)",Collection and the Horse's Back — The Basics
qa/starting-young-horses/how-do-you-get-an-ex-racehorse-to-bend/index.html,starting-young-horses,oMn35EhR_Zg,"scattered_id(total=55,home=horsemanship@24%)",Warwick Schiller: Benefits of Teaching a Horse to Back Up — What He Says About Horses Behind the Bit
qa/starting-young-horses/how-do-you-halter-break-a-foal-correctly-and-at-what-age-should-you-start/index.html,starting-young-horses,oWU8YgIrNiY,"scattered_id(total=117,home=mounting-dismounting@18%)",Clinton Anderson: Overview of Starting a Colt — What Clinton Anderson Teaches About Bit Fit
qa/starting-young-horses/how-do-you-handle-a-colt-that-is-difficult-to-catch-for-training-sessions/index.html,starting-young-horses,nGBCQ5M7Hwc,"scattered_id(total=11,home=horsemanship@55%)",Warwick Schiller: Catching a Difficult Horse — How to Catch a Horse That Is Hard to Catch in the Pasture
qa/starting-young-horses/how-do-you-handle-a-young-horse-that-rears-during-early-training-and-what-does-i/index.html,starting-young-horses,NREoSIPWQ0E,"scattered_id(total=139,home=natural-horsemanship@16%)",Clinton Anderson: The Method — What He Says About Gadgets and Training Aids That Attach to the Bit
qa/starting-young-horses/how-do-you-handle-the-first-time-a-young-horse-spooks-under-saddle/index.html,starting-young-horses,KJd9paeIu40,"scattered_id(total=130,home=obstacle-training@22%)",Ken McNabb: Gaining Emotional Control — Developing a Horse That Is Calm and Focused in a Busy Ranch Horse Show Environment
qa/starting-young-horses/how-do-you-introduce-a-young-horse-to-new-environments-during-its-training/index.html,starting-young-horses,KJd9paeIu40,"scattered_id(total=130,home=obstacle-training@22%)",Ken McNabb: Gaining Emotional Control — Developing a Horse That Is Calm and Focused in a Busy Ranch Horse Show Environment
qa/starting-young-horses/how-do-you-know-if-a-young-horse-has-the-temperament-to-be-a-good-performance-ho/index.html,starting-young-horses,DaA3wVpFoSM,"scattered_id(total=73,home=natural-horsemanship@19%)",Warwick Schiller: How to Choose a Horse Trainer
qa/starting-young-horses/how-do-you-know-when-a-young-horse-is-genuinely-ready-to-progress-to-the-next-st/index.html,starting-young-horses,edVHadHZ264,"scattered_id(total=65,home=timed-events@23%)",60-Day Colt Starting — Low Stress Before & After
qa/starting-young-horses/how-do-you-manage-the-weaning-process-to-minimize-trauma-and-set-up-the-weanling/index.html,starting-young-horses,edVHadHZ264,"scattered_id(total=65,home=timed-events@23%)",60-Day Colt Starting — Low Stress Before & After
qa/starting-young-horses/how-do-you-prevent-a-young-horse-from-becoming-ring-sour-during-its-early-traini/index.html,starting-young-horses,Idbhg34M6Nc,"scattered_id(total=35,home=training-principles@26%)",When to Use the Colt Starting Series vs Fundamentals — Q&A
qa/starting-young-horses/how-do-you-restart-a-horse-that-was-started-poorly-or-experienced-trauma-during/index.html,starting-young-horses,BqiDJqLgvlA,"scattered_id(total=36,home=wild-horse-training@31%)",Warwick Schiller: Emotional Fitness — The Difference Between a Horse That Is Calm and One That Is Shut Down
qa/starting-young-horses/how-do-you-restart-an-older-horse/index.html,starting-young-horses,NREoSIPWQ0E,"scattered_id(total=139,home=natural-horsemanship@16%)",Clinton Anderson: The Method — What He Says About Gadgets and Training Aids That Attach to the Bit
qa/starting-young-horses/how-do-you-retrain-an-ex-racehorse-for-dressage/index.html,starting-young-horses,oMn35EhR_Zg,"scattered_id(total=55,home=horsemanship@24%)",Warwick Schiller: Benefits of Teaching a Horse to Back Up — What He Says About Horses Behind the Bit
qa/starting-young-horses/how-do-you-teach-a-young-horse-to-accept-veterinary-and-farrier-procedures-from/index.html,starting-young-horses,aASS-342kdo,"scattered_id(total=117,home=horsemanship@18%)",Ken McNabb: Ground Work — Preparing Your Horse to Ride
qa/starting-young-horses/how-do-you-teach-a-young-horse-to-stand-quietly-at-the-hitching-rail-or-tie-ring/index.html,starting-young-horses,aASS-342kdo,"scattered_id(total=117,home=horsemanship@18%)",Ken McNabb: Ground Work — Preparing Your Horse to Ride
qa/starting-young-horses/how-do-you-work-with-a-young-horse-that-has-become-herd-bound-during-its-time-in/index.html,starting-young-horses,NREoSIPWQ0E,"scattered_id(total=139,home=natural-horsemanship@16%)",Clinton Anderson: The Method — What He Says About Gadgets and Training Aids That Attach to the Bit
qa/starting-young-horses/how-does-clinton-anderson-handle-the-first-buck-on-a-young-horse-and-how-does-he/index.html,starting-young-horses,oWU8YgIrNiY,"scattered_id(total=117,home=mounting-dismounting@18%)",Clinton Anderson: Overview of Starting a Colt — What Clinton Anderson Teaches About Bit Fit
qa/starting-young-horses/how-does-pat-parellis-seven-games-system-apply-to-colt-starting/index.html,starting-young-horses,GGvsSnEVpxA,"scattered_id(total=26,home=desensitization-sacking-out@12%)",Pat Parelli: Natural Horsemanship — What Happened to Pat Parelli
qa/starting-young-horses/how-does-the-approach-to-starting-horses-differ-between-western-performance-engl/index.html,starting-young-horses,edVHadHZ264,"scattered_id(total=65,home=timed-events@23%)",60-Day Colt Starting — Low Stress Before & After
qa/starting-young-horses/how-does-warwick-schiller-approach-the-moment-of-first-backing-a-young-horse/index.html,starting-young-horses,BqiDJqLgvlA,"scattered_id(total=36,home=wild-horse-training@31%)",Warwick Schiller: Emotional Fitness — The Difference Between a Horse That Is Calm and One That Is Shut Down
qa/starting-young-horses/how-long-does-it-take-to-start-a-young-horse-under-saddle/index.html,starting-young-horses,edVHadHZ264,"scattered_id(total=65,home=timed-events@23%)",60-Day Colt Starting — Low Stress Before & After
qa/starting-young-horses/how-long-should-early-training-sessions-be-for-young-horses-and-how-do-you-know/index.html,starting-young-horses,Idbhg34M6Nc,"scattered_id(total=35,home=training-principles@26%)",When to Use the Colt Starting Series vs Fundamentals — Q&A
qa/starting-young-horses/should-you-use-a-light-saddle-for-the-first-saddling-of-a-horse/index.html,starting-young-horses,edVHadHZ264,"scattered_id(total=65,home=timed-events@23%)",60-Day Colt Starting — Low Stress Before & After
qa/starting-young-horses/warwick-schiller-says-colt-starting-is-more-about-the-human-than-the-horse-what/index.html,starting-young-horses,Hj5Ew8qkjMk,"scattered_id(total=77,home=natural-horsemanship@49%)",Warwick Schiller: Feel and Connection — How to Ride With a Bosal and How It Works
qa/starting-young-horses/what-age-should-a-horse-be-started-under-saddle-and-what-do-anderson-parelli-and/index.html,starting-young-horses,oWU8YgIrNiY,"scattered_id(total=117,home=mounting-dismounting@18%)",Clinton Anderson: Overview of Starting a Colt — What Clinton Anderson Teaches About Bit Fit
qa/starting-young-horses/what-are-the-most-common-mistakes-people-make-when-starting-their-own-young-hors/index.html,starting-young-horses,oWU8YgIrNiY,"scattered_id(total=117,home=mounting-dismounting@18%)",Clinton Anderson: Overview of Starting a Colt — What Clinton Anderson Teaches About Bit Fit
qa/starting-young-horses/what-are-the-physical-development-milestones-trainers-should-know-about-before-s/index.html,starting-young-horses,edVHadHZ264,"scattered_id(total=65,home=timed-events@23%)",60-Day Colt Starting — Low Stress Before & After
qa/starting-young-horses/what-are-the-tips-for-working-with-ex-racehorses/index.html,starting-young-horses,oMn35EhR_Zg,"scattered_id(total=55,home=horsemanship@24%)",Warwick Schiller: Benefits of Teaching a Horse to Back Up — What He Says About Horses Behind the Bit
qa/starting-young-horses/what-do-you-do-when-a-young-horse-in-training-plateaus-and-stops-making-progress/index.html,starting-young-horses,Idbhg34M6Nc,"scattered_id(total=35,home=training-principles@26%)",When to Use the Colt Starting Series vs Fundamentals — Q&A
qa/starting-young-horses/what-does-anderson-say-about-the-importance-of-teaching-a-young-horse-to-move-aw/index.html,starting-young-horses,oWU8YgIrNiY,"scattered_id(total=117,home=mounting-dismounting@18%)",Clinton Anderson: Overview of Starting a Colt — What Clinton Anderson Teaches About Bit Fit
qa/starting-young-horses/what-does-clinton-anderson-say-about-round-pen-work-before-backing-a-colt/index.html,starting-young-horses,oWU8YgIrNiY,"scattered_id(total=117,home=mounting-dismounting@18%)",Clinton Anderson: Overview of Starting a Colt — What Clinton Anderson Teaches About Bit Fit
qa/starting-young-horses/what-does-clinton-anderson-say-about-the-importance-of-the-snaffle-bit-in-starti/index.html,starting-young-horses,gFRPuR4VVSA,"scattered_id(total=44,home=equipment@50%)",Al Dunning: How to Use the Snaffle Bit — The Complexity of How Western Curb Bits Work
qa/starting-young-horses/what-does-clinton-anderson-say-is-the-single-most-important-thing-to-do-before-t/index.html,starting-young-horses,oWU8YgIrNiY,"scattered_id(total=117,home=mounting-dismounting@18%)",Clinton Anderson: Overview of Starting a Colt — What Clinton Anderson Teaches About Bit Fit
qa/starting-young-horses/what-does-it-mean-to-ride-the-horse-you-have-today-and-why-do-experienced-traine/index.html,starting-young-horses,Idbhg34M6Nc,"scattered_id(total=35,home=training-principles@26%)",When to Use the Colt Starting Series vs Fundamentals — Q&A
qa/starting-young-horses/what-does-parelli-say-about-the-left-brain-versus-right-brain-colt-and-how-does/index.html,starting-young-horses,eFJBZn_VVLU,"scattered_id(total=15,home=natural-horsemanship@53%)",Pat Parelli: Natural Horsemanship — Bitless Bridles: How They Work
qa/starting-young-horses/what-groundwork-should-a-young-horse-have-before-the-first-ride/index.html,starting-young-horses,oWU8YgIrNiY,"scattered_id(total=117,home=mounting-dismounting@18%)",Clinton Anderson: Overview of Starting a Colt — What Clinton Anderson Teaches About Bit Fit
qa/starting-young-horses/what-is-counter-bending-and-why-is-it-used-in-starting-young-horses/index.html,starting-young-horses,oMn35EhR_Zg,"scattered_id(total=55,home=horsemanship@24%)",Warwick Schiller: Benefits of Teaching a Horse to Back Up — What He Says About Horses Behind the Bit
qa/starting-young-horses/what-is-parellis-squeeze-game-and-why-is-it-critical-before-the-first-ride/index.html,starting-young-horses,GGvsSnEVpxA,"scattered_id(total=26,home=desensitization-sacking-out@12%)",Pat Parelli: Natural Horsemanship — What Happened to Pat Parelli
qa/starting-young-horses/what-is-the-correct-sequence-for-introducing-a-saddle-to-a-young-horse-for-the-f/index.html,starting-young-horses,oWU8YgIrNiY,"scattered_id(total=117,home=mounting-dismounting@18%)",Clinton Anderson: Overview of Starting a Colt — What Clinton Anderson Teaches About Bit Fit
qa/starting-young-horses/what-is-the-difference-between-starting-a-colt-and-starting-a-filly-and-does-gen/index.html,starting-young-horses,edVHadHZ264,"scattered_id(total=65,home=timed-events@23%)",60-Day Colt Starting — Low Stress Before & After
qa/starting-young-horses/what-is-the-purpose-of-long-lining-a-young-horse-before-the-first-ride-and-how-d/index.html,starting-young-horses,edVHadHZ264,"scattered_id(total=65,home=timed-events@23%)",60-Day Colt Starting — Low Stress Before & After
qa/starting-young-horses/what-is-the-role-of-the-round-pen-in-starting-young-horses-and-can-you-start-a-h/index.html,starting-young-horses,oWU8YgIrNiY,"scattered_id(total=117,home=mounting-dismounting@18%)",Clinton Anderson: Overview of Starting a Colt — What Clinton Anderson Teaches About Bit Fit
qa/starting-young-horses/what-role-does-join-up-play-in-starting-young-horses-according-to-monty-roberts/index.html,starting-young-horses,2Wf65OKRqvo,"scattered_id(total=38,home=imprinting@45%)",Monty Roberts: Foal Imprinting — How to Desensitize a Newborn Foal's Face and Head During Imprinting
qa/starting-young-horses/what-role-does-natural-horsemanship-play-in-starting-young-horses-compared-to-tr/index.html,starting-young-horses,IInnbVEoSqg,"scattered_id(total=90,home=natural-horsemanship@26%)",Warwick Schiller: Pressure and Release — What Anderson and Parelli Say About Horses That Gape at the Bit
qa/starting-young-horses/what-should-a-trainer-assess-in-a-young-horses-movement-and-conformation-before/index.html,starting-young-horses,edVHadHZ264,"scattered_id(total=65,home=timed-events@23%)",60-Day Colt Starting — Low Stress Before & After
qa/starting-young-horses/what-should-a-two-year-old-horse-know-and-be-able-to-do/index.html,starting-young-horses,edVHadHZ264,"scattered_id(total=65,home=timed-events@23%)",60-Day Colt Starting — Low Stress Before & After
qa/starting-young-horses/what-should-you-be-doing-with-a-foal-in-its-first-week-of-life-to-set-up-future/index.html,starting-young-horses,oWU8YgIrNiY,"scattered_id(total=117,home=mounting-dismounting@18%)",Clinton Anderson: Overview of Starting a Colt — What Clinton Anderson Teaches About Bit Fit
qa/starting-young-horses/what-specific-ground-work-should-be-confirmed-before-anyone-other-than-the-prima/index.html,starting-young-horses,edVHadHZ264,"scattered_id(total=65,home=timed-events@23%)",60-Day Colt Starting — Low Stress Before & After
qa/starting-young-horses/what-two-year-old-preparation-work-does-clinton-anderson-recommend-before-the-fi/index.html,starting-young-horses,oWU8YgIrNiY,"scattered_id(total=117,home=mounting-dismounting@18%)",Clinton Anderson: Overview of Starting a Colt — What Clinton Anderson Teaches About Bit Fit
qa/starting-young-horses/what-work-is-appropriate-for-yearlings-and-how-do-you-develop-a-yearling-without/index.html,starting-young-horses,edVHadHZ264,"scattered_id(total=65,home=timed-events@23%)",60-Day Colt Starting — Low Stress Before & After
qa/starting-young-horses/when-should-i-start-a-young-horse-under-saddle/index.html,starting-young-horses,edVHadHZ264,"scattered_id(total=65,home=timed-events@23%)",60-Day Colt Starting — Low Stress Before & After
qa/team-roping/how-can-soreness-affect-a-rope-horses-box-work/index.html,team-roping,vH9NsbtmDsg,"scattered_id(total=51,home=horse-care@31%)",Equine Veterinary — How to Manage Hauling and Travel to Keep a Horse in Good Condition Throughout a Competition Season
qa/team-roping/how-do-you-fix-a-hot-rope-horse/index.html,team-roping,Y1Mndc7oZJ8,"scattered_id(total=38,home=trailer-loading@32%)",Clinton Anderson: Working With Hot and Busy-Minded Horses — Maintaining Leadership
qa/team-roping/how-do-you-haul-a-rope-horse-without-making-it-nervous/index.html,team-roping,Y1Mndc7oZJ8,"scattered_id(total=38,home=trailer-loading@32%)",Clinton Anderson: Working With Hot and Busy-Minded Horses — Maintaining Leadership
qa/team-roping/how-do-you-keep-a-horse-calm-around-cattle/index.html,team-roping,Y1Mndc7oZJ8,"scattered_id(total=38,home=trailer-loading@32%)",Clinton Anderson: Working With Hot and Busy-Minded Horses — Maintaining Leadership
qa/team-roping/how-do-you-keep-a-rope-horse-between-your-legs-and-reins/index.html,team-roping,aASS-342kdo,"scattered_id(total=117,home=horsemanship@18%)",Ken McNabb: Ground Work — Preparing Your Horse to Ride
qa/team-roping/how-do-you-keep-a-rope-horse-from-getting-heavy-in-the-bridle/index.html,team-roping,BANshLvc55g,"scattered_id(total=52,home=collection@15%)",Ken McNabb: How to Ride Your Horse With Light Hands — Identifying and Correcting a Horse That Leans on the Bit
qa/team-roping/how-do-you-keep-a-rope-horse-soft-in-the-face/index.html,team-roping,BANshLvc55g,"scattered_id(total=52,home=collection@15%)",Ken McNabb: How to Ride Your Horse With Light Hands — Identifying and Correcting a Horse That Leans on the Bit
qa/team-roping/how-do-you-keep-cattle-work-from-making-a-horse-hot/index.html,team-roping,Y1Mndc7oZJ8,"scattered_id(total=38,home=trailer-loading@32%)",Clinton Anderson: Working With Hot and Busy-Minded Horses — Maintaining Leadership
qa/team-roping/how-do-you-keep-from-pulling-too-much-on-a-rope-horse/index.html,team-roping,BANshLvc55g,"scattered_id(total=52,home=collection@15%)",Ken McNabb: How to Ride Your Horse With Light Hands — Identifying and Correcting a Horse That Leans on the Bit
qa/team-roping/how-do-you-know-if-a-rope-horse-is-too-much-horse-for-you/index.html,team-roping,Y1Mndc7oZJ8,"scattered_id(total=38,home=trailer-loading@32%)",Clinton Anderson: Working With Hot and Busy-Minded Horses — Maintaining Leadership
qa/team-roping/how-do-you-stop-a-rope-horse-from-running-through-the-bridle/index.html,team-roping,BANshLvc55g,"scattered_id(total=52,home=collection@15%)",Ken McNabb: How to Ride Your Horse With Light Hands — Identifying and Correcting a Horse That Leans on the Bit
qa/team-roping/how-do-you-teach-a-rope-horse-to-move-its-hips/index.html,team-roping,aASS-342kdo,"scattered_id(total=117,home=horsemanship@18%)",Ken McNabb: Ground Work — Preparing Your Horse to Ride
qa/team-roping/how-do-you-teach-a-rope-horse-to-move-its-shoulders/index.html,team-roping,aASS-342kdo,"scattered_id(total=117,home=horsemanship@18%)",Ken McNabb: Ground Work — Preparing Your Horse to Ride
qa/team-roping/how-do-you-teach-a-rope-horse-to-use-its-hind-end/index.html,team-roping,aASS-342kdo,"scattered_id(total=117,home=horsemanship@18%)",Ken McNabb: Ground Work — Preparing Your Horse to Ride
qa/team-roping/how-do-you-tell-if-a-rope-horse-problem-is-training-or-soundness/index.html,team-roping,vH9NsbtmDsg,"scattered_id(total=51,home=horse-care@31%)",Equine Veterinary — How to Manage Hauling and Travel to Keep a Horse in Good Condition Throughout a Competition Season
qa/team-roping/how-much-lateral-control-does-a-rope-horse-need/index.html,team-roping,aASS-342kdo,"scattered_id(total=117,home=horsemanship@18%)",Ken McNabb: Ground Work — Preparing Your Horse to Ride
qa/team-roping/should-a-rope-horse-work-mostly-off-reins-legs-or-body-position/index.html,team-roping,aASS-342kdo,"scattered_id(total=117,home=horsemanship@18%)",Ken McNabb: Ground Work — Preparing Your Horse to Ride
qa/team-roping/what-are-red-flags-in-a-rope-horse/index.html,team-roping,vH9NsbtmDsg,"scattered_id(total=51,home=horse-care@31%)",Equine Veterinary — How to Manage Hauling and Travel to Keep a Horse in Good Condition Throughout a Competition Season
qa/team-roping/what-are-signs-a-rope-horse-is-sore/index.html,team-roping,vH9NsbtmDsg,"scattered_id(total=51,home=horse-care@31%)",Equine Veterinary — How to Manage Hauling and Travel to Keep a Horse in Good Condition Throughout a Competition Season
qa/team-roping/what-arena-exercises-help-a-rope-horse-improve-body-control/index.html,team-roping,aASS-342kdo,"scattered_id(total=117,home=horsemanship@18%)",Ken McNabb: Ground Work — Preparing Your Horse to Ride
qa/team-roping/what-cues-should-a-rope-horse-understand/index.html,team-roping,aASS-342kdo,"scattered_id(total=117,home=horsemanship@18%)",Ken McNabb: Ground Work — Preparing Your Horse to Ride
qa/team-roping/what-should-a-rope-horse-know-before-it-ever-sees-cattle/index.html,team-roping,aASS-342kdo,"scattered_id(total=117,home=horsemanship@18%)",Ken McNabb: Ground Work — Preparing Your Horse to Ride
qa/team-roping/why-does-my-horse-get-too-excited-around-cattle/index.html,team-roping,Y1Mndc7oZJ8,"scattered_id(total=38,home=trailer-loading@32%)",Clinton Anderson: Working With Hot and Busy-Minded Horses — Maintaining Leadership
qa/team-roping/why-does-my-rope-horse-brace-during-the-run/index.html,team-roping,oMn35EhR_Zg,"scattered_id(total=55,home=horsemanship@24%)",Warwick Schiller: Benefits of Teaching a Horse to Back Up — What He Says About Horses Behind the Bit
qa/team-roping/why-does-my-rope-horse-lean-on-the-bridle-when-tracking-cattle/index.html,team-roping,BANshLvc55g,"scattered_id(total=52,home=collection@15%)",Ken McNabb: How to Ride Your Horse With Light Hands — Identifying and Correcting a Horse That Leans on the Bit
qa/team-roping/why-does-my-rope-horse-work-well-at-home-but-not-at-jackpots/index.html,team-roping,Y1Mndc7oZJ8,"scattered_id(total=38,home=trailer-loading@32%)",Clinton Anderson: Working With Hot and Busy-Minded Horses — Maintaining Leadership
qa/team-roping/why-should-pain-be-ruled-out-before-correcting-a-rope-horses-behavior/index.html,team-roping,vH9NsbtmDsg,"scattered_id(total=51,home=horse-care@31%)",Equine Veterinary — How to Manage Hauling and Travel to Keep a Horse in Good Condition Throughout a Competition Season
qa/therapeutic-riding/how-are-horses-selected-and-trained-for-therapeutic-riding-programs/index.html,therapeutic-riding,DaA3wVpFoSM,"scattered_id(total=73,home=natural-horsemanship@19%)",Warwick Schiller: How to Choose a Horse Trainer
qa/therapeutic-riding/how-do-i-desensitize-a-therapeutic-riding-horse-to-wheelchairs-walkers-and-other/index.html,therapeutic-riding,Hj5Ew8qkjMk,"scattered_id(total=77,home=natural-horsemanship@49%)",Warwick Schiller: Feel and Connection — How to Ride With a Bosal and How It Works
qa/therapeutic-riding/how-do-i-evaluate-whether-a-specific-horse-is-genuinely-suited-to-therapeutic-ri/index.html,therapeutic-riding,ComwTOq5A8Q,"scattered_id(total=107,home=versatility-ranch-horse@26%)",Ken McNabb: How to Buy the Right Horse — Can the Horse Carry My Weight
qa/therapeutic-riding/how-do-i-find-a-reputable-therapeutic-riding-program-for-myself-or-a-family-memb/index.html,therapeutic-riding,IInnbVEoSqg,"scattered_id(total=90,home=natural-horsemanship@26%)",Warwick Schiller: Pressure and Release — What Anderson and Parelli Say About Horses That Gape at the Bit
qa/therapeutic-riding/how-do-i-maintain-a-therapeutic-riding-horses-training-and-mental-health-over-th/index.html,therapeutic-riding,IInnbVEoSqg,"scattered_id(total=90,home=natural-horsemanship@26%)",Warwick Schiller: Pressure and Release — What Anderson and Parelli Say About Horses That Gape at the Bit
qa/therapeutic-riding/how-do-i-recognize-when-a-therapeutic-riding-horse-is-showing-signs-of-stress-or/index.html,therapeutic-riding,IInnbVEoSqg,"scattered_id(total=90,home=natural-horsemanship@26%)",Warwick Schiller: Pressure and Release — What Anderson and Parelli Say About Horses That Gape at the Bit
qa/therapeutic-riding/how-do-i-train-a-horse-to-accept-side-walkers-on-both-sides-simultaneously/index.html,therapeutic-riding,07IltPi9yz8,"scattered_id(total=53,home=groundwork-longing@25%)",Clinton Anderson: Post 'N Circle — Counter-Canter on the Lunge Line vs. Under Saddle
qa/therapeutic-riding/how-do-i-train-a-horse-to-accept-unusual-rider-movements-and-behaviors-during-se/index.html,therapeutic-riding,07IltPi9yz8,"scattered_id(total=53,home=groundwork-longing@25%)",Clinton Anderson: Post 'N Circle — Counter-Canter on the Lunge Line vs. Under Saddle
qa/therapeutic-riding/how-do-i-train-a-horse-to-respond-consistently-to-cues-from-inexperienced-or-unc/index.html,therapeutic-riding,NREoSIPWQ0E,"scattered_id(total=139,home=natural-horsemanship@16%)",Clinton Anderson: The Method — What He Says About Gadgets and Training Aids That Attach to the Bit
qa/therapeutic-riding/how-do-i-train-a-horse-to-stand-quietly-at-a-mounting-ramp-for-extended-periods/index.html,therapeutic-riding,BANshLvc55g,"scattered_id(total=52,home=collection@15%)",Ken McNabb: How to Ride Your Horse With Light Hands — Identifying and Correcting a Horse That Leans on the Bit
qa/therapeutic-riding/how-do-i-use-groundwork-to-prepare-a-horse-for-therapeutic-riding/index.html,therapeutic-riding,oMn35EhR_Zg,"scattered_id(total=55,home=horsemanship@24%)",Warwick Schiller: Benefits of Teaching a Horse to Back Up — What He Says About Horses Behind the Bit
qa/therapeutic-riding/how-do-therapy-horses-differ-from-regular-horses/index.html,therapeutic-riding,DaA3wVpFoSM,"scattered_id(total=73,home=natural-horsemanship@19%)",Warwick Schiller: How to Choose a Horse Trainer
qa/therapeutic-riding/how-do-volunteer-side-walkers-support-therapeutic-riding-sessions-and-how-are-th/index.html,therapeutic-riding,IInnbVEoSqg,"scattered_id(total=90,home=natural-horsemanship@26%)",Warwick Schiller: Pressure and Release — What Anderson and Parelli Say About Horses That Gape at the Bit
qa/therapeutic-riding/how-do-you-become-a-certified-therapeutic-riding-instructor/index.html,therapeutic-riding,IInnbVEoSqg,"scattered_id(total=90,home=natural-horsemanship@26%)",Warwick Schiller: Pressure and Release — What Anderson and Parelli Say About Horses That Gape at the Bit
qa/therapeutic-riding/how-does-a-therapeutic-riding-program-evaluate-and-select-horses-for-their-work/index.html,therapeutic-riding,DaA3wVpFoSM,"scattered_id(total=73,home=natural-horsemanship@19%)",Warwick Schiller: How to Choose a Horse Trainer
qa/therapeutic-riding/how-is-a-therapeutic-riding-session-structured-and-what-does-a-typical-session-l/index.html,therapeutic-riding,IInnbVEoSqg,"scattered_id(total=90,home=natural-horsemanship@26%)",Warwick Schiller: Pressure and Release — What Anderson and Parelli Say About Horses That Gape at the Bit
qa/therapeutic-riding/what-certifications-and-qualifications-do-therapeutic-riding-instructors-need/index.html,therapeutic-riding,IInnbVEoSqg,"scattered_id(total=90,home=natural-horsemanship@26%)",Warwick Schiller: Pressure and Release — What Anderson and Parelli Say About Horses That Gape at the Bit
qa/therapeutic-riding/what-cognitive-and-emotional-benefits-does-therapeutic-riding-provide/index.html,therapeutic-riding,IInnbVEoSqg,"scattered_id(total=90,home=natural-horsemanship@26%)",Warwick Schiller: Pressure and Release — What Anderson and Parelli Say About Horses That Gape at the Bit
qa/therapeutic-riding/what-conditions-benefit-from-therapeutic-riding/index.html,therapeutic-riding,IInnbVEoSqg,"scattered_id(total=90,home=natural-horsemanship@26%)",Warwick Schiller: Pressure and Release — What Anderson and Parelli Say About Horses That Gape at the Bit
qa/therapeutic-riding/what-foundation-training-does-a-therapeutic-riding-horse-need-before-specialized/index.html,therapeutic-riding,BANshLvc55g,"scattered_id(total=52,home=collection@15%)",Ken McNabb: How to Ride Your Horse With Light Hands — Identifying and Correcting a Horse That Leans on the Bit
qa/therapeutic-riding/what-is-equine-assisted-learning/index.html,therapeutic-riding,IInnbVEoSqg,"scattered_id(total=90,home=natural-horsemanship@26%)",Warwick Schiller: Pressure and Release — What Anderson and Parelli Say About Horses That Gape at the Bit
qa/therapeutic-riding/what-is-equine-assisted-psychotherapy-and-how-does-it-relate-to-therapeutic-ridi/index.html,therapeutic-riding,IInnbVEoSqg,"scattered_id(total=90,home=natural-horsemanship@26%)",Warwick Schiller: Pressure and Release — What Anderson and Parelli Say About Horses That Gape at the Bit
qa/therapeutic-riding/what-is-therapeutic-riding-and-how-does-it-differ-from-adaptive-riding/index.html,therapeutic-riding,IInnbVEoSqg,"scattered_id(total=90,home=natural-horsemanship@26%)",Warwick Schiller: Pressure and Release — What Anderson and Parelli Say About Horses That Gape at the Bit
qa/therapeutic-riding/what-is-therapeutic-riding/index.html,therapeutic-riding,IInnbVEoSqg,"scattered_id(total=90,home=natural-horsemanship@26%)",Warwick Schiller: Pressure and Release — What Anderson and Parelli Say About Horses That Gape at the Bit
qa/therapeutic-riding/what-makes-a-horse-suitable-for-therapeutic-riding-work/index.html,therapeutic-riding,DaA3wVpFoSM,"scattered_id(total=73,home=natural-horsemanship@19%)",Warwick Schiller: How to Choose a Horse Trainer
qa/therapeutic-riding/what-physical-benefits-does-therapeutic-riding-provide-for-riders-with-disabilit/index.html,therapeutic-riding,IInnbVEoSqg,"scattered_id(total=90,home=natural-horsemanship@26%)",Warwick Schiller: Pressure and Release — What Anderson and Parelli Say About Horses That Gape at the Bit
qa/therapeutic-riding/what-populations-benefit-most-from-therapeutic-riding-and-what-conditions-does-i/index.html,therapeutic-riding,IInnbVEoSqg,"scattered_id(total=90,home=natural-horsemanship@26%)",Warwick Schiller: Pressure and Release — What Anderson and Parelli Say About Horses That Gape at the Bit
qa/timed-events/how-do-header-and-heeler-adapt-their-teamwork-when-cattle-are-inconsistent-or-di/index.html,timed-events,KJd9paeIu40,"scattered_id(total=130,home=obstacle-training@22%)",Ken McNabb: Gaining Emotional Control — Developing a Horse That Is Calm and Focused in a Busy Ranch Horse Show Environment
qa/timed-events/how-do-partners-select-cattle-and-structure-practice-sessions-to-develop-teamwor/index.html,timed-events,KJd9paeIu40,"scattered_id(total=130,home=obstacle-training@22%)",Ken McNabb: Gaining Emotional Control — Developing a Horse That Is Calm and Focused in a Busy Ranch Horse Show Environment
qa/timed-events/how-does-a-heelers-failure-to-read-the-steer-affect-performance/index.html,timed-events,KJd9paeIu40,"scattered_id(total=130,home=obstacle-training@22%)",Ken McNabb: Gaining Emotional Control — Developing a Horse That Is Calm and Focused in a Busy Ranch Horse Show Environment
qa/timed-events/why-have-roping-cattle-prices-risen-so-dramatically-in-recent-years-often-reachi/index.html,timed-events,KJd9paeIu40,"scattered_id(total=130,home=obstacle-training@22%)",Ken McNabb: Gaining Emotional Control — Developing a Horse That Is Calm and Focused in a Busy Ranch Horse Show Environment
qa/trail/explain-how-to-train-a-horse-to-use-hobbles/index.html,trail,ComwTOq5A8Q,"scattered_id(total=107,home=versatility-ranch-horse@26%)",Ken McNabb: How to Buy the Right Horse — Can the Horse Carry My Weight
qa/trail/how-do-i-develop-a-complete-trail-horse-from-scratch-over-multiple-years-of-trai/index.html,trail,ComwTOq5A8Q,"scattered_id(total=107,home=versatility-ranch-horse@26%)",Ken McNabb: How to Buy the Right Horse — Can the Horse Carry My Weight
qa/trail/how-do-i-develop-a-consistent-calm-approach-to-every-obstacle-in-a-trail-course/index.html,trail,5pVAIJMNV9A,"scattered_id(total=39,home=obstacle-training@67%)",Julie Goodnight: Trail and Riding Tips — The Keys to Flatwork for Any Discipline
qa/trail/how-do-i-develop-a-horse-that-excels-at-both-ranch-trail-and-ranch-riding-classe/index.html,trail,ComwTOq5A8Q,"scattered_id(total=107,home=versatility-ranch-horse@26%)",Ken McNabb: How to Buy the Right Horse — Can the Horse Carry My Weight
qa/trail/how-do-i-develop-the-forward-natural-movement-that-ranch-trail-requires-from-a-h/index.html,trail,ComwTOq5A8Q,"scattered_id(total=107,home=versatility-ranch-horse@26%)",Ken McNabb: How to Buy the Right Horse — Can the Horse Carry My Weight
qa/trail/how-do-i-fix-a-horse-that-rushes-through-trail-obstacles-instead-of-working-thro/index.html,trail,NREoSIPWQ0E,"scattered_id(total=139,home=natural-horsemanship@16%)",Clinton Anderson: The Method — What He Says About Gadgets and Training Aids That Attach to the Bit
qa/trail/how-do-i-get-a-horse-to-leave-the-barn-and-go-out-on-the-trail-willingly/index.html,trail,NREoSIPWQ0E,"scattered_id(total=139,home=natural-horsemanship@16%)",Clinton Anderson: The Method — What He Says About Gadgets and Training Aids That Attach to the Bit
qa/trail/how-do-i-handle-a-buddy-sour-horse-on-the-trail/index.html,trail,NREoSIPWQ0E,"scattered_id(total=139,home=natural-horsemanship@16%)",Clinton Anderson: The Method — What He Says About Gadgets and Training Aids That Attach to the Bit
qa/trail/how-do-i-prepare-a-horse-for-unusual-or-novel-obstacles-it-has-never-seen-before/index.html,trail,KJd9paeIu40,"scattered_id(total=130,home=obstacle-training@22%)",Ken McNabb: Gaining Emotional Control — Developing a Horse That Is Calm and Focused in a Busy Ranch Horse Show Environment
qa/trail/how-do-i-prepare-mentally-and-strategically-for-a-ranch-trail-course-walk/index.html,trail,ComwTOq5A8Q,"scattered_id(total=107,home=versatility-ranch-horse@26%)",Ken McNabb: How to Buy the Right Horse — Can the Horse Carry My Weight
qa/trail/how-do-i-stop-my-horse-from-rushing-on-the-way-home/index.html,trail,NREoSIPWQ0E,"scattered_id(total=139,home=natural-horsemanship@16%)",Clinton Anderson: The Method — What He Says About Gadgets and Training Aids That Attach to the Bit
qa/trail/how-do-i-train-a-horse-for-the-back-through-straight-chute-obstacle/index.html,trail,bgKlBwC3YGE,"scattered_id(total=11,home=horsemanship@18%)",Richard Winters: Hands-Free Backup — Developing the Backup for Western Horsemanship
qa/trail/how-do-i-train-a-horse-specifically-for-ranch-trail-obstacles-that-differ-from-r/index.html,trail,ComwTOq5A8Q,"scattered_id(total=107,home=versatility-ranch-horse@26%)",Ken McNabb: How to Buy the Right Horse — Can the Horse Carry My Weight
qa/trail/how-do-i-train-a-horse-that-spooks-on-the-trail/index.html,trail,KJd9paeIu40,"scattered_id(total=130,home=obstacle-training@22%)",Ken McNabb: Gaining Emotional Control — Developing a Horse That Is Calm and Focused in a Busy Ranch Horse Show Environment
qa/trail/how-do-i-train-a-horse-to-back-through-an-l-shaped-obstacle-or-chute/index.html,trail,bgKlBwC3YGE,"scattered_id(total=11,home=horsemanship@18%)",Richard Winters: Hands-Free Backup — Developing the Backup for Western Horsemanship
qa/trail/how-do-i-train-a-horse-to-cross-bridges-and-walk-over-elevated-or-unusual-footin/index.html,trail,KJd9paeIu40,"scattered_id(total=130,home=obstacle-training@22%)",Ken McNabb: Gaining Emotional Control — Developing a Horse That Is Calm and Focused in a Busy Ranch Horse Show Environment
qa/trail/how-do-i-train-a-horse-to-cross-water-confidently/index.html,trail,KJd9paeIu40,"scattered_id(total=130,home=obstacle-training@22%)",Ken McNabb: Gaining Emotional Control — Developing a Horse That Is Calm and Focused in a Busy Ranch Horse Show Environment
qa/trail/how-do-i-train-a-horse-to-cross-water-on-the-trail/index.html,trail,5pVAIJMNV9A,"scattered_id(total=39,home=obstacle-training@67%)",Julie Goodnight: Trail and Riding Tips — The Keys to Flatwork for Any Discipline
qa/trail/how-do-i-train-a-horse-to-handle-combination-obstacles-that-require-multiple-ski/index.html,trail,ComwTOq5A8Q,"scattered_id(total=107,home=versatility-ranch-horse@26%)",Ken McNabb: How to Buy the Right Horse — Can the Horse Carry My Weight
qa/trail/how-do-i-train-a-horse-to-negotiate-elevated-or-narrow-crossing-obstacles-such-a/index.html,trail,KJd9paeIu40,"scattered_id(total=130,home=obstacle-training@22%)",Ken McNabb: Gaining Emotional Control — Developing a Horse That Is Calm and Focused in a Busy Ranch Horse Show Environment
qa/trail/how-do-i-train-a-horse-to-remain-calm-when-a-slicker-or-rain-jacket-is-handled-f/index.html,trail,KJd9paeIu40,"scattered_id(total=130,home=obstacle-training@22%)",Ken McNabb: Gaining Emotional Control — Developing a Horse That Is Calm and Focused in a Busy Ranch Horse Show Environment
qa/trail/how-do-i-train-a-horse-to-trot-through-a-pole-grid-correctly-and-maintain-rhythm/index.html,trail,5pVAIJMNV9A,"scattered_id(total=39,home=obstacle-training@67%)",Julie Goodnight: Trail and Riding Tips — The Keys to Flatwork for Any Discipline
qa/trail/how-do-i-train-my-horse-to-cross-water-confidently/index.html,trail,KJd9paeIu40,"scattered_id(total=130,home=obstacle-training@22%)",Ken McNabb: Gaining Emotional Control — Developing a Horse That Is Calm and Focused in a Busy Ranch Horse Show Environment
qa/trail/how-do-i-transition-a-regular-trail-horse-to-ranch-trail-competition/index.html,trail,ComwTOq5A8Q,"scattered_id(total=107,home=versatility-ranch-horse@26%)",Ken McNabb: How to Buy the Right Horse — Can the Horse Carry My Weight
qa/trail/how-do-judges-differentiate-between-horses-in-a-close-ranch-trail-class-and-what/index.html,trail,f918N1t9mfk,"scattered_id(total=174,home=working-western-rail@13%)",Al Dunning: Speed Control and Horsemanship — Show Trainer vs. Ranch or Horsemanship Trainer
qa/trail/how-do-judges-evaluate-obstacle-negotiation-in-ranch-trail-compared-to-regular-t/index.html,trail,f918N1t9mfk,"scattered_id(total=174,home=working-western-rail@13%)",Al Dunning: Speed Control and Horsemanship — Show Trainer vs. Ranch or Horsemanship Trainer
qa/trail/how-do-judges-evaluate-overall-impression-in-a-ranch-trail-class/index.html,trail,f918N1t9mfk,"scattered_id(total=174,home=working-western-rail@13%)",Al Dunning: Speed Control and Horsemanship — Show Trainer vs. Ranch or Horsemanship Trainer
qa/trail/how-do-judges-evaluate-the-horses-practical-confidence-and-attitude-in-ranch-tra/index.html,trail,f918N1t9mfk,"scattered_id(total=174,home=working-western-rail@13%)",Al Dunning: Speed Control and Horsemanship — Show Trainer vs. Ranch or Horsemanship Trainer
qa/trail/how-do-judges-evaluate-the-riders-horsemanship-in-a-ranch-trail-class/index.html,trail,f918N1t9mfk,"scattered_id(total=174,home=working-western-rail@13%)",Al Dunning: Speed Control and Horsemanship — Show Trainer vs. Ranch or Horsemanship Trainer
qa/trail/how-does-the-judging-standard-in-ranch-trail-differ-from-regular-trail/index.html,trail,ComwTOq5A8Q,"scattered_id(total=107,home=versatility-ranch-horse@26%)",Ken McNabb: How to Buy the Right Horse — Can the Horse Carry My Weight
qa/trail/how-is-the-movement-standard-different-in-ranch-trail-compared-to-regular-trail/index.html,trail,ComwTOq5A8Q,"scattered_id(total=107,home=versatility-ranch-horse@26%)",Ken McNabb: How to Buy the Right Horse — Can the Horse Carry My Weight
qa/trail/how-should-i-ride-my-horse-on-hills-or-slopes/index.html,trail,5pVAIJMNV9A,"scattered_id(total=39,home=obstacle-training@67%)",Julie Goodnight: Trail and Riding Tips — The Keys to Flatwork for Any Discipline
qa/trail/is-trail-riding-good-for-ex-racehorses/index.html,trail,5pVAIJMNV9A,"scattered_id(total=39,home=obstacle-training@67%)",Julie Goodnight: Trail and Riding Tips — The Keys to Flatwork for Any Discipline
qa/trail/my-horse-refuses-to-cross-water-even-after-training-how-do-i-work-through-a-pers/index.html,trail,KJd9paeIu40,"scattered_id(total=130,home=obstacle-training@22%)",Ken McNabb: Gaining Emotional Control — Developing a Horse That Is Calm and Focused in a Busy Ranch Horse Show Environment
qa/trail/on-the-trail-how-fast-should-we-travel-at-a-walk-or-trot/index.html,trail,5pVAIJMNV9A,"scattered_id(total=39,home=obstacle-training@67%)",Julie Goodnight: Trail and Riding Tips — The Keys to Flatwork for Any Discipline
qa/trail/on-the-trail-my-horse-always-wants-to-be-in-the-lead-how-can-i-control-that/index.html,trail,NREoSIPWQ0E,"scattered_id(total=139,home=natural-horsemanship@16%)",Clinton Anderson: The Method — What He Says About Gadgets and Training Aids That Attach to the Bit
qa/trail/tips-for-riding-down-hills-that-are-steep/index.html,trail,5pVAIJMNV9A,"scattered_id(total=39,home=obstacle-training@67%)",Julie Goodnight: Trail and Riding Tips — The Keys to Flatwork for Any Discipline
qa/trail/what-are-the-most-common-scoring-penalties-in-trail-competition-and-how-do-i-avo/index.html,trail,ComwTOq5A8Q,"scattered_id(total=107,home=versatility-ranch-horse@26%)",Ken McNabb: How to Buy the Right Horse — Can the Horse Carry My Weight
qa/trail/what-equipment-is-appropriate-for-ranch-trail-and-how-does-it-differ-from-regula/index.html,trail,ComwTOq5A8Q,"scattered_id(total=107,home=versatility-ranch-horse@26%)",Ken McNabb: How to Buy the Right Horse — Can the Horse Carry My Weight
qa/trail/what-groundwork-and-arena-preparation-helps-a-horse-become-safer-on-the-trail/index.html,trail,aASS-342kdo,"scattered_id(total=117,home=horsemanship@18%)",Ken McNabb: Ground Work — Preparing Your Horse to Ride
qa/trail/what-is-ranch-trail-and-how-does-it-differ-fundamentally-from-regular-trail-comp/index.html,trail,ComwTOq5A8Q,"scattered_id(total=107,home=versatility-ranch-horse@26%)",Ken McNabb: How to Buy the Right Horse — Can the Horse Carry My Weight
qa/trail/what-is-trail-class-competition/index.html,trail,ComwTOq5A8Q,"scattered_id(total=107,home=versatility-ranch-horse@26%)",Ken McNabb: How to Buy the Right Horse — Can the Horse Carry My Weight
qa/trail/what-should-i-do-when-loose-dogs-approach-my-horse-and-i-on-the-trail-or-in-the/index.html,trail,KJd9paeIu40,"scattered_id(total=130,home=obstacle-training@22%)",Ken McNabb: Gaining Emotional Control — Developing a Horse That Is Calm and Focused in a Busy Ranch Horse Show Environment
qa/trail/what-should-i-know-about-riding-safely-on-trails/index.html,trail,5pVAIJMNV9A,"scattered_id(total=39,home=obstacle-training@67%)",Julie Goodnight: Trail and Riding Tips — The Keys to Flatwork for Any Discipline
qa/trail/what-specific-movement-qualities-do-ranch-trail-judges-reward-throughout-the-cou/index.html,trail,ComwTOq5A8Q,"scattered_id(total=107,home=versatility-ranch-horse@26%)",Ken McNabb: How to Buy the Right Horse — Can the Horse Carry My Weight
qa/trail/what-specific-obstacles-appear-in-ranch-trail-that-are-different-from-regular-tr/index.html,trail,ComwTOq5A8Q,"scattered_id(total=107,home=versatility-ranch-horse@26%)",Ken McNabb: How to Buy the Right Horse — Can the Horse Carry My Weight
qa/trailer-loading/how-do-i-make-trailer-loading-less-stressful-for-my-horse/index.html,trailer-loading,Hj5Ew8qkjMk,"scattered_id(total=77,home=natural-horsemanship@49%)",Warwick Schiller: Feel and Connection — How to Ride With a Bosal and How It Works
qa/trailer-loading/how-do-i-stop-my-horse-from-backing-out-of-the-trailer-before-i-am-ready/index.html,trailer-loading,07IltPi9yz8,"scattered_id(total=53,home=groundwork-longing@25%)",Clinton Anderson: Post 'N Circle — Counter-Canter on the Lunge Line vs. Under Saddle
qa/trailer-loading/how-do-i-stop-my-horse-from-pawing-or-kicking-in-the-trailer/index.html,trailer-loading,oWU8YgIrNiY,"scattered_id(total=117,home=mounting-dismounting@18%)",Clinton Anderson: Overview of Starting a Colt — What Clinton Anderson Teaches About Bit Fit
qa/trailer-loading/how-does-pat-parelli-approach-a-horse-that-refuses-to-load-and-what-are-the-seve/index.html,trailer-loading,GGvsSnEVpxA,"scattered_id(total=26,home=desensitization-sacking-out@12%)",Pat Parelli: Natural Horsemanship — What Happened to Pat Parelli
qa/trailer-loading/how-does-the-concept-of-retreat-and-try-again-differ-from-giving-up-and-why-is-t/index.html,trailer-loading,Hj5Ew8qkjMk,"scattered_id(total=77,home=natural-horsemanship@49%)",Warwick Schiller: Feel and Connection — How to Ride With a Bosal and How It Works
qa/trailer-loading/how-does-warwick-schiller-recommend-handling-a-horse-that-loads-fine-alone-but-r/index.html,trailer-loading,IInnbVEoSqg,"scattered_id(total=90,home=natural-horsemanship@26%)",Warwick Schiller: Pressure and Release — What Anderson and Parelli Say About Horses That Gape at the Bit
qa/trailer-loading/how-does-warwick-schiller-use-the-concept-of-the-nervous-system-window-for-trail/index.html,trailer-loading,IInnbVEoSqg,"scattered_id(total=90,home=natural-horsemanship@26%)",Warwick Schiller: Pressure and Release — What Anderson and Parelli Say About Horses That Gape at the Bit
qa/trailer-loading/how-does-warwick-schillers-attachment-theory-work-apply-to-horses-that-wont-trai/index.html,trailer-loading,IInnbVEoSqg,"scattered_id(total=90,home=natural-horsemanship@26%)",Warwick Schiller: Pressure and Release — What Anderson and Parelli Say About Horses That Gape at the Bit
qa/trailer-loading/how-long-should-trailer-loading-training-take-and-what-is-a-realistic-timeline-f/index.html,trailer-loading,07IltPi9yz8,"scattered_id(total=53,home=groundwork-longing@25%)",Clinton Anderson: Post 'N Circle — Counter-Canter on the Lunge Line vs. Under Saddle
qa/trailer-loading/how-soon-should-a-foal-be-taught-to-get-in-a-horse-trailer/index.html,trailer-loading,BANshLvc55g,"scattered_id(total=52,home=collection@15%)",Ken McNabb: How to Ride Your Horse With Light Hands — Identifying and Correcting a Horse That Leans on the Bit
qa/trailer-loading/my-horse-refuses-to-load-in-the-trailer-how-do-i-work-through-it/index.html,trailer-loading,07IltPi9yz8,"scattered_id(total=53,home=groundwork-longing@25%)",Clinton Anderson: Post 'N Circle — Counter-Canter on the Lunge Line vs. Under Saddle
qa/trailer-loading/pat-parelli-talks-about-the-trailer-as-a-predators-cave-what-does-he-mean-and-ho/index.html,trailer-loading,GGvsSnEVpxA,"scattered_id(total=26,home=desensitization-sacking-out@12%)",Pat Parelli: Natural Horsemanship — What Happened to Pat Parelli
qa/trailer-loading/what-are-the-best-exercises-to-do-before-a-trailer-loading-session-to-set-the-ho/index.html,trailer-loading,NREoSIPWQ0E,"scattered_id(total=139,home=natural-horsemanship@16%)",Clinton Anderson: The Method — What He Says About Gadgets and Training Aids That Attach to the Bit
qa/trailer-loading/what-are-the-keys-to-working-with-a-problem-horse-loading-in-a-trailer/index.html,trailer-loading,07IltPi9yz8,"scattered_id(total=53,home=groundwork-longing@25%)",Clinton Anderson: Post 'N Circle — Counter-Canter on the Lunge Line vs. Under Saddle
qa/trailer-loading/what-does-clinton-anderson-say-about-horses-that-scramble-or-panic-once-inside-t/index.html,trailer-loading,07IltPi9yz8,"scattered_id(total=53,home=groundwork-longing@25%)",Clinton Anderson: Post 'N Circle — Counter-Canter on the Lunge Line vs. Under Saddle
qa/trailer-loading/what-does-parelli-mean-when-he-says-a-horse-needs-to-be-at-a-certain-level-befor/index.html,trailer-loading,eFJBZn_VVLU,"scattered_id(total=15,home=natural-horsemanship@53%)",Pat Parelli: Natural Horsemanship — Bitless Bridles: How They Work
qa/trailer-loading/what-does-warwick-schiller-say-about-trailer-loading-and-how-does-his-approach-d/index.html,trailer-loading,DaA3wVpFoSM,"scattered_id(total=73,home=natural-horsemanship@19%)",Warwick Schiller: How to Choose a Horse Trainer
qa/trailer-loading/what-is-the-approach-and-retreat-method-for-trailer-loading-and-which-trainers-a/index.html,trailer-loading,Hj5Ew8qkjMk,"scattered_id(total=77,home=natural-horsemanship@49%)",Warwick Schiller: Feel and Connection — How to Ride With a Bosal and How It Works
qa/trailer-loading/what-is-warwick-schillers-position-on-using-a-butt-rope-to-load-a-horse/index.html,trailer-loading,Hj5Ew8qkjMk,"scattered_id(total=77,home=natural-horsemanship@49%)",Warwick Schiller: Feel and Connection — How to Ride With a Bosal and How It Works
qa/trailer-loading/why-does-my-horse-back-out-of-the-trailer-as-soon-as-it-loads-and-how-do-i-fix-i/index.html,trailer-loading,07IltPi9yz8,"scattered_id(total=53,home=groundwork-longing@25%)",Clinton Anderson: Post 'N Circle — Counter-Canter on the Lunge Line vs. Under Saddle
qa/trailer-loading/why-should-you-never-tie-horses-close-together-at-a-trailer-or-hitchrail/index.html,trailer-loading,BANshLvc55g,"scattered_id(total=52,home=collection@15%)",Ken McNabb: How to Ride Your Horse With Light Hands — Identifying and Correcting a Horse That Leans on the Bit
qa/training-principles-psychology/index.html,training-principles-psychology,Idbhg34M6Nc,"scattered_id(total=35,home=training-principles@26%)",When to Use the Colt Starting Series vs Fundamentals — Q&A
qa/training-principles-psychology/index.html,training-principles-psychology,MoAzyvJVqGY,"scattered_id(total=43,home=working-cow-horse@42%)",A Life of Studying Horses — The Ken McNabb Story
qa/training-principles-psychology/index.html,training-principles-psychology,Y1Mndc7oZJ8,"scattered_id(total=38,home=trailer-loading@32%)",Clinton Anderson: Working With Hot and Busy-Minded Horses — Maintaining Leadership
qa/training-principles/at-what-age-should-a-horses-training-begin-and-what-is-appropriate-at-each-early/index.html,training-principles,edVHadHZ264,"scattered_id(total=65,home=timed-events@23%)",60-Day Colt Starting — Low Stress Before & After
qa/training-principles/explain-what-centered-riding-is-and-what-are-the-keys-to-execution/index.html,training-principles,9cc779oOQyU,"scattered_id(total=13,home=reining@31%)",Reining Training — Centered Riding: What It Is and the Keys to Execution
qa/training-principles/how-do-patience-and-empathy-make-a-better-horse-trainer/index.html,training-principles,Hj5Ew8qkjMk,"scattered_id(total=77,home=natural-horsemanship@49%)",Warwick Schiller: Feel and Connection — How to Ride With a Bosal and How It Works
qa/training-principles/how-do-you-address-a-horse-that-has-developed-bad-habits-from-incorrect-training/index.html,training-principles,NREoSIPWQ0E,"scattered_id(total=139,home=natural-horsemanship@16%)",Clinton Anderson: The Method — What He Says About Gadgets and Training Aids That Attach to the Bit
qa/training-principles/how-do-you-bring-a-horse-back-into-work-correctly-after-a-period-of-rest-or-layo/index.html,training-principles,edVHadHZ264,"scattered_id(total=65,home=timed-events@23%)",60-Day Colt Starting — Low Stress Before & After
qa/training-principles/how-do-you-conduct-a-productive-round-pen-session-step-by-step/index.html,training-principles,07IltPi9yz8,"scattered_id(total=53,home=groundwork-longing@25%)",Clinton Anderson: Post 'N Circle — Counter-Canter on the Lunge Line vs. Under Saddle
qa/training-principles/how-do-you-desensitize-a-young-horse-to-human-handling-and-contact/index.html,training-principles,KJd9paeIu40,"scattered_id(total=130,home=obstacle-training@22%)",Ken McNabb: Gaining Emotional Control — Developing a Horse That Is Calm and Focused in a Busy Ranch Horse Show Environment
qa/training-principles/how-do-you-determine-the-right-training-pace-for-an-individual-green-horse/index.html,training-principles,edVHadHZ264,"scattered_id(total=65,home=timed-events@23%)",60-Day Colt Starting — Low Stress Before & After
qa/training-principles/how-do-you-develop-a-correct-and-consistent-backup-from-both-the-ground-and-the/index.html,training-principles,bgKlBwC3YGE,"scattered_id(total=11,home=horsemanship@18%)",Richard Winters: Hands-Free Backup — Developing the Backup for Western Horsemanship
qa/training-principles/how-do-you-develop-a-correct-circle-and-why-is-circle-work-foundational-to-train/index.html,training-principles,07IltPi9yz8,"scattered_id(total=53,home=groundwork-longing@25%)",Clinton Anderson: Post 'N Circle — Counter-Canter on the Lunge Line vs. Under Saddle
qa/training-principles/how-do-you-develop-a-horse-for-the-specific-physical-demands-of-its-intended-dis/index.html,training-principles,ComwTOq5A8Q,"scattered_id(total=107,home=versatility-ranch-horse@26%)",Ken McNabb: How to Buy the Right Horse — Can the Horse Carry My Weight
qa/training-principles/how-do-you-develop-a-horse-that-can-be-safely-ridden-by-a-child-or-small-rider/index.html,training-principles,MoAzyvJVqGY,"scattered_id(total=43,home=working-cow-horse@42%)",A Life of Studying Horses — The Ken McNabb Story
qa/training-principles/how-do-you-develop-a-horse-that-does-not-pull-back-when-tied/index.html,training-principles,aASS-342kdo,"scattered_id(total=117,home=horsemanship@18%)",Ken McNabb: Ground Work — Preparing Your Horse to Ride
qa/training-principles/how-do-you-develop-a-horse-that-is-genuinely-enjoyable-and-safe-for-a-less-exper/index.html,training-principles,MoAzyvJVqGY,"scattered_id(total=43,home=working-cow-horse@42%)",A Life of Studying Horses — The Ken McNabb Story
qa/training-principles/how-do-you-develop-a-horse-that-is-light-and-responsive-to-the-aids-over-time/index.html,training-principles,PAFejggfx6c,"scattered_id(total=48,home=reining@25%)",Andrea Fappani: Master Simple Cues — How to Find a Qualified Trainer for a Specific Discipline
qa/training-principles/how-do-you-develop-a-horse-that-loads-and-travels-calmly-in-a-trailer/index.html,training-principles,ComwTOq5A8Q,"scattered_id(total=107,home=versatility-ranch-horse@26%)",Ken McNabb: How to Buy the Right Horse — Can the Horse Carry My Weight
qa/training-principles/how-do-you-develop-a-horse-that-works-confidently-with-equipment-such-as-tarps-f/index.html,training-principles,KJd9paeIu40,"scattered_id(total=130,home=obstacle-training@22%)",Ken McNabb: Gaining Emotional Control — Developing a Horse That Is Calm and Focused in a Busy Ranch Horse Show Environment
qa/training-principles/how-do-you-develop-a-horses-ability-to-be-ponied-from-another-horse/index.html,training-principles,ComwTOq5A8Q,"scattered_id(total=107,home=versatility-ranch-horse@26%)",Ken McNabb: How to Buy the Right Horse — Can the Horse Carry My Weight
qa/training-principles/how-do-you-develop-a-horses-ability-to-be-ridden-confidently-alone-on-the-trail/index.html,training-principles,ComwTOq5A8Q,"scattered_id(total=107,home=versatility-ranch-horse@26%)",Ken McNabb: How to Buy the Right Horse — Can the Horse Carry My Weight
qa/training-principles/how-do-you-develop-a-horses-ability-to-cross-water-confidently/index.html,training-principles,KJd9paeIu40,"scattered_id(total=130,home=obstacle-training@22%)",Ken McNabb: Gaining Emotional Control — Developing a Horse That Is Calm and Focused in a Busy Ranch Horse Show Environment
qa/training-principles/how-do-you-develop-a-horses-ability-to-lengthen-and-shorten-its-stride-within-a/index.html,training-principles,f918N1t9mfk,"scattered_id(total=174,home=working-western-rail@13%)",Al Dunning: Speed Control and Horsemanship — Show Trainer vs. Ranch or Horsemanship Trainer
qa/training-principles/how-do-you-develop-a-horses-ability-to-perform-correct-transitions-on-a-specific/index.html,training-principles,f918N1t9mfk,"scattered_id(total=174,home=working-western-rail@13%)",Al Dunning: Speed Control and Horsemanship — Show Trainer vs. Ranch or Horsemanship Trainer
qa/training-principles/how-do-you-develop-a-horses-ability-to-perform-with-consistency-across-different/index.html,training-principles,DaA3wVpFoSM,"scattered_id(total=73,home=natural-horsemanship@19%)",Warwick Schiller: How to Choose a Horse Trainer
qa/training-principles/how-do-you-develop-a-horses-ability-to-stand-calmly-for-the-farrier-and-veterina/index.html,training-principles,aASS-342kdo,"scattered_id(total=117,home=horsemanship@18%)",Ken McNabb: Ground Work — Preparing Your Horse to Ride
qa/training-principles/how-do-you-develop-a-horses-ability-to-stand-quietly-and-behave-correctly-when-n/index.html,training-principles,aASS-342kdo,"scattered_id(total=117,home=horsemanship@18%)",Ken McNabb: Ground Work — Preparing Your Horse to Ride
qa/training-principles/how-do-you-develop-a-horses-ability-to-stand-quietly-at-the-mounting-block/index.html,training-principles,oWU8YgIrNiY,"scattered_id(total=117,home=mounting-dismounting@18%)",Clinton Anderson: Overview of Starting a Colt — What Clinton Anderson Teaches About Bit Fit
qa/training-principles/how-do-you-develop-a-horses-ability-to-work-calmly-near-vehicles-machinery-and-t/index.html,training-principles,KJd9paeIu40,"scattered_id(total=130,home=obstacle-training@22%)",Ken McNabb: Gaining Emotional Control — Developing a Horse That Is Calm and Focused in a Busy Ranch Horse Show Environment
qa/training-principles/how-do-you-develop-a-horses-ability-to-work-calmly-under-pressure-and-in-distrac/index.html,training-principles,KJd9paeIu40,"scattered_id(total=130,home=obstacle-training@22%)",Ken McNabb: Gaining Emotional Control — Developing a Horse That Is Calm and Focused in a Busy Ranch Horse Show Environment
qa/training-principles/how-do-you-develop-a-horses-ability-to-work-correctly-in-an-unfamiliar-arena-for/index.html,training-principles,KJd9paeIu40,"scattered_id(total=130,home=obstacle-training@22%)",Ken McNabb: Gaining Emotional Control — Developing a Horse That Is Calm and Focused in a Busy Ranch Horse Show Environment
qa/training-principles/how-do-you-develop-a-horses-ability-to-work-correctly-on-a-circle-at-all-three-g/index.html,training-principles,07IltPi9yz8,"scattered_id(total=53,home=groundwork-longing@25%)",Clinton Anderson: Post 'N Circle — Counter-Canter on the Lunge Line vs. Under Saddle
qa/training-principles/how-do-you-develop-a-horses-ability-to-work-effectively-at-night-or-in-low-light/index.html,training-principles,KJd9paeIu40,"scattered_id(total=130,home=obstacle-training@22%)",Ken McNabb: Gaining Emotional Control — Developing a Horse That Is Calm and Focused in a Busy Ranch Horse Show Environment
qa/training-principles/how-do-you-develop-a-horses-ability-to-work-effectively-in-wind-and-adverse-weat/index.html,training-principles,KJd9paeIu40,"scattered_id(total=130,home=obstacle-training@22%)",Ken McNabb: Gaining Emotional Control — Developing a Horse That Is Calm and Focused in a Busy Ranch Horse Show Environment
qa/training-principles/how-do-you-develop-a-horses-ability-to-work-effectively-with-multiple-different/index.html,training-principles,DaA3wVpFoSM,"scattered_id(total=73,home=natural-horsemanship@19%)",Warwick Schiller: How to Choose a Horse Trainer
qa/training-principles/how-do-you-develop-a-horses-ability-to-work-in-self-carriage/index.html,training-principles,FBEWVWmOj78,"scattered_id(total=47,home=position-seat@36%)",Collection and the Horse's Back — The Basics
qa/training-principles/how-do-you-develop-a-horses-ability-to-work-on-a-loose-rein-and-what-does-it-ind/index.html,training-principles,hCniW-BKZpo,"scattered_id(total=37,home=neck-reining@41%)",Matt Mills: Stop Fighting the Reins — Loose Rein vs. Contact Rein in Western Performance
qa/training-principles/how-do-you-develop-a-horses-ability-to-work-quietly-in-a-group-lesson-or-clinic/index.html,training-principles,Y1Mndc7oZJ8,"scattered_id(total=38,home=trailer-loading@32%)",Clinton Anderson: Working With Hot and Busy-Minded Horses — Maintaining Leadership
qa/training-principles/how-do-you-develop-a-horses-mental-focus-and-attention-during-training-sessions/index.html,training-principles,Hj5Ew8qkjMk,"scattered_id(total=77,home=natural-horsemanship@49%)",Warwick Schiller: Feel and Connection — How to Ride With a Bosal and How It Works
qa/training-principles/how-do-you-develop-a-horses-response-to-the-half-halt-as-a-fundamental-training/index.html,training-principles,PAFejggfx6c,"scattered_id(total=48,home=reining@25%)",Andrea Fappani: Master Simple Cues — How to Find a Qualified Trainer for a Specific Discipline
qa/training-principles/how-do-you-develop-a-horses-responsiveness-to-the-seat-as-a-primary-aid/index.html,training-principles,9cc779oOQyU,"scattered_id(total=13,home=reining@31%)",Reining Training — Centered Riding: What It Is and the Keys to Execution
qa/training-principles/how-do-you-develop-a-horses-tolerance-for-clipping-bathing-and-grooming-procedur/index.html,training-principles,KJd9paeIu40,"scattered_id(total=130,home=obstacle-training@22%)",Ken McNabb: Gaining Emotional Control — Developing a Horse That Is Calm and Focused in a Busy Ranch Horse Show Environment
qa/training-principles/how-do-you-develop-a-horses-topline-and-why-is-it-important-to-training-progress/index.html,training-principles,FBEWVWmOj78,"scattered_id(total=47,home=position-seat@36%)",Collection and the Horse's Back — The Basics
qa/training-principles/how-do-you-develop-a-long-term-training-plan-for-a-horse-and-what-principles-sho/index.html,training-principles,edVHadHZ264,"scattered_id(total=65,home=timed-events@23%)",60-Day Colt Starting — Low Stress Before & After
qa/training-principles/how-do-you-develop-a-young-horses-ability-to-work-equally-well-on-both-reins/index.html,training-principles,oMn35EhR_Zg,"scattered_id(total=55,home=horsemanship@24%)",Warwick Schiller: Benefits of Teaching a Horse to Back Up — What He Says About Horses Behind the Bit
qa/training-principles/how-do-you-develop-a-young-horses-balance-and-straightness-under-saddle/index.html,training-principles,edVHadHZ264,"scattered_id(total=65,home=timed-events@23%)",60-Day Colt Starting — Low Stress Before & After
qa/training-principles/how-do-you-develop-a-young-horses-confidence-when-introduced-to-new-environments/index.html,training-principles,KJd9paeIu40,"scattered_id(total=130,home=obstacle-training@22%)",Ken McNabb: Gaining Emotional Control — Developing a Horse That Is Calm and Focused in a Busy Ranch Horse Show Environment
qa/training-principles/how-do-you-develop-collection-in-a-horse-and-what-are-the-prerequisites-for-begi/index.html,training-principles,FBEWVWmOj78,"scattered_id(total=47,home=position-seat@36%)",Collection and the Horse's Back — The Basics
qa/training-principles/how-do-you-develop-correct-use-of-the-whip-as-a-training-aid/index.html,training-principles,jahmDTCy5nU,"scattered_id(total=48,home=horsemanship@29%)",Ken McNabb: Teaching Your Horse to Move Off Seat and Legs — Introducing Lateral Work to a Young Horse
qa/training-principles/how-do-you-develop-correct-work-at-the-counter-canter-and-what-does-it-contribut/index.html,training-principles,1DhWU4y6wIs,"scattered_id(total=28,home=counter-canter@64%)",Clinton Anderson: Counter Cantering — What Is Counter-Canter and How to Ride It
qa/training-principles/how-do-you-develop-correct-work-on-the-longe-with-side-reins/index.html,training-principles,07IltPi9yz8,"scattered_id(total=53,home=groundwork-longing@25%)",Clinton Anderson: Post 'N Circle — Counter-Canter on the Lunge Line vs. Under Saddle
qa/training-principles/how-do-you-develop-correct-work-over-ground-poles-and-cavaletti/index.html,training-principles,f918N1t9mfk,"scattered_id(total=174,home=working-western-rail@13%)",Al Dunning: Speed Control and Horsemanship — Show Trainer vs. Ranch or Horsemanship Trainer
qa/training-principles/how-do-you-develop-ground-tying-as-a-practical-horsemanship-skill/index.html,training-principles,aASS-342kdo,"scattered_id(total=117,home=horsemanship@18%)",Ken McNabb: Ground Work — Preparing Your Horse to Ride
qa/training-principles/how-do-you-develop-rhythm-and-relaxation-as-the-foundation-of-correct-movement/index.html,training-principles,oMn35EhR_Zg,"scattered_id(total=55,home=horsemanship@24%)",Warwick Schiller: Benefits of Teaching a Horse to Back Up — What He Says About Horses Behind the Bit
qa/training-principles/how-do-you-develop-the-flying-lead-change-and-what-preparation-is-required/index.html,training-principles,0tu1M4abZMU,"scattered_id(total=34,home=lead-changes@68%)",Larry Trocha: Flying Lead Changes — Do Flying Changes Require Collection Similar to Shoulder-In
qa/training-principles/how-do-you-develop-the-halt-and-rein-back-in-a-young-horses-early-training/index.html,training-principles,bgKlBwC3YGE,"scattered_id(total=11,home=horsemanship@18%)",Richard Winters: Hands-Free Backup — Developing the Backup for Western Horsemanship
qa/training-principles/how-do-you-develop-the-quality-of-the-walk-in-a-horses-training-and-why-is-it-of/index.html,training-principles,f918N1t9mfk,"scattered_id(total=174,home=working-western-rail@13%)",Al Dunning: Speed Control and Horsemanship — Show Trainer vs. Ranch or Horsemanship Trainer
qa/training-principles/how-do-you-develop-the-young-horses-acceptance-of-contact-with-the-bit/index.html,training-principles,gFRPuR4VVSA,"scattered_id(total=44,home=equipment@50%)",Al Dunning: How to Use the Snaffle Bit — The Complexity of How Western Curb Bits Work
qa/training-principles/how-do-you-discourage-unwanted-behavior-without-intimidation-or-force/index.html,training-principles,IInnbVEoSqg,"scattered_id(total=90,home=natural-horsemanship@26%)",Warwick Schiller: Pressure and Release — What Anderson and Parelli Say About Horses That Gape at the Bit
qa/training-principles/how-do-you-establish-basic-steering-and-directional-control-in-a-young-horse/index.html,training-principles,oWU8YgIrNiY,"scattered_id(total=117,home=mounting-dismounting@18%)",Clinton Anderson: Overview of Starting a Colt — What Clinton Anderson Teaches About Bit Fit
qa/training-principles/how-do-you-evaluate-your-own-effectiveness-as-a-trainer-and-identify-areas-for-i/index.html,training-principles,MoAzyvJVqGY,"scattered_id(total=43,home=working-cow-horse@42%)",A Life of Studying Horses — The Ken McNabb Story
qa/training-principles/how-do-you-get-better-transitions-in-a-horse/index.html,training-principles,f918N1t9mfk,"scattered_id(total=174,home=working-western-rail@13%)",Al Dunning: Speed Control and Horsemanship — Show Trainer vs. Ranch or Horsemanship Trainer
qa/training-principles/how-do-you-handle-a-horses-first-trotting-session-under-saddle/index.html,training-principles,twhB7DnN02Q,"scattered_id(total=10,home=starting-young-horses@30%)",Training a Young Horse — Complete Unedited First Rides
qa/training-principles/how-do-you-handle-fear-and-anxiety-in-a-green-horse-without-making-it-worse/index.html,training-principles,KJd9paeIu40,"scattered_id(total=130,home=obstacle-training@22%)",Ken McNabb: Gaining Emotional Control — Developing a Horse That Is Calm and Focused in a Busy Ranch Horse Show Environment
qa/training-principles/how-do-you-identify-and-address-resistance-in-a-young-horses-training/index.html,training-principles,NREoSIPWQ0E,"scattered_id(total=139,home=natural-horsemanship@16%)",Clinton Anderson: The Method — What He Says About Gadgets and Training Aids That Attach to the Bit
qa/training-principles/how-do-you-introduce-a-green-horse-to-new-environments-and-situations-safely/index.html,training-principles,KJd9paeIu40,"scattered_id(total=130,home=obstacle-training@22%)",Ken McNabb: Gaining Emotional Control — Developing a Horse That Is Calm and Focused in a Busy Ranch Horse Show Environment
qa/training-principles/how-do-you-introduce-a-young-horse-to-basic-groundwork-exercises/index.html,training-principles,oWU8YgIrNiY,"scattered_id(total=117,home=mounting-dismounting@18%)",Clinton Anderson: Overview of Starting a Colt — What Clinton Anderson Teaches About Bit Fit
qa/training-principles/how-do-you-introduce-a-young-horse-to-its-first-competition-or-public-outing/index.html,training-principles,KJd9paeIu40,"scattered_id(total=130,home=obstacle-training@22%)",Ken McNabb: Gaining Emotional Control — Developing a Horse That Is Calm and Focused in a Busy Ranch Horse Show Environment
qa/training-principles/how-do-you-introduce-a-young-horse-to-the-saddle-pad-and-saddle-for-the-first-ti/index.html,training-principles,oWU8YgIrNiY,"scattered_id(total=117,home=mounting-dismounting@18%)",Clinton Anderson: Overview of Starting a Colt — What Clinton Anderson Teaches About Bit Fit
qa/training-principles/how-do-you-introduce-lateral-work-to-a-young-horse-and-why-is-it-valuable/index.html,training-principles,WM5RLXyPibI,"scattered_id(total=32,home=lateral-work-suppling@38%)",Matt Mills: How to Teach Your Horse to Spin — How to Get a Horse to Turn on the Haunches
qa/training-principles/how-do-you-introduce-simple-lead-changes-and-why-are-they-important-in-a-horses/index.html,training-principles,0tu1M4abZMU,"scattered_id(total=34,home=lead-changes@68%)",Larry Trocha: Flying Lead Changes — Do Flying Changes Require Collection Similar to Shoulder-In
qa/training-principles/how-do-you-introduce-the-basic-aids-of-leg-rein-and-seat-to-a-young-horse-under/index.html,training-principles,jahmDTCy5nU,"scattered_id(total=48,home=horsemanship@29%)",Ken McNabb: Teaching Your Horse to Move Off Seat and Legs — Introducing Lateral Work to a Young Horse
qa/training-principles/how-do-you-introduce-the-canter-to-a-young-horse-under-saddle/index.html,training-principles,edVHadHZ264,"scattered_id(total=65,home=timed-events@23%)",60-Day Colt Starting — Low Stress Before & After
qa/training-principles/how-do-you-introduce-transitions-between-gaits-in-a-young-horses-training/index.html,training-principles,edVHadHZ264,"scattered_id(total=65,home=timed-events@23%)",60-Day Colt Starting — Low Stress Before & After
qa/training-principles/how-do-you-know-when-a-green-horse-is-ready-to-advance-to-more-demanding-work/index.html,training-principles,edVHadHZ264,"scattered_id(total=65,home=timed-events@23%)",60-Day Colt Starting — Low Stress Before & After
qa/training-principles/how-do-you-know-when-a-horse-has-had-enough-repetition-and-a-skill-is-genuinely/index.html,training-principles,DaA3wVpFoSM,"scattered_id(total=73,home=natural-horsemanship@19%)",Warwick Schiller: How to Choose a Horse Trainer
qa/training-principles/how-do-you-know-when-a-young-horse-is-ready-to-advance-to-the-next-stage-of-trai/index.html,training-principles,oWU8YgIrNiY,"scattered_id(total=117,home=mounting-dismounting@18%)",Clinton Anderson: Overview of Starting a Colt — What Clinton Anderson Teaches About Bit Fit
qa/training-principles/how-do-you-manage-a-green-horses-energy-and-freshness-at-the-start-of-training-s/index.html,training-principles,Y1Mndc7oZJ8,"scattered_id(total=38,home=trailer-loading@32%)",Clinton Anderson: Working With Hot and Busy-Minded Horses — Maintaining Leadership
qa/training-principles/how-do-you-prepare-a-young-horse-for-its-first-ride/index.html,training-principles,oWU8YgIrNiY,"scattered_id(total=117,home=mounting-dismounting@18%)",Clinton Anderson: Overview of Starting a Colt — What Clinton Anderson Teaches About Bit Fit
qa/training-principles/how-do-you-recognize-when-a-horses-training-problem-requires-professional-help/index.html,training-principles,MoAzyvJVqGY,"scattered_id(total=43,home=working-cow-horse@42%)",A Life of Studying Horses — The Ken McNabb Story
qa/training-principles/how-do-you-set-up-training-exercises-so-the-horse-can-succeed-and-find-the-right/index.html,training-principles,IInnbVEoSqg,"scattered_id(total=90,home=natural-horsemanship@26%)",Warwick Schiller: Pressure and Release — What Anderson and Parelli Say About Horses That Gape at the Bit
qa/training-principles/how-do-you-soften-a-horses-mouth/index.html,training-principles,BANshLvc55g,"scattered_id(total=52,home=collection@15%)",Ken McNabb: How to Ride Your Horse With Light Hands — Identifying and Correcting a Horse That Leans on the Bit
qa/training-principles/how-do-you-stop-a-horse-from-bracing/index.html,training-principles,oMn35EhR_Zg,"scattered_id(total=55,home=horsemanship@24%)",Warwick Schiller: Benefits of Teaching a Horse to Back Up — What He Says About Horses Behind the Bit
qa/training-principles/how-do-you-structure-a-training-session-for-a-young-horse-in-the-early-stages-of/index.html,training-principles,edVHadHZ264,"scattered_id(total=65,home=timed-events@23%)",60-Day Colt Starting — Low Stress Before & After
qa/training-principles/how-do-you-teach-a-foal-or-young-horse-to-accept-the-halter/index.html,training-principles,oWU8YgIrNiY,"scattered_id(total=117,home=mounting-dismounting@18%)",Clinton Anderson: Overview of Starting a Colt — What Clinton Anderson Teaches About Bit Fit
qa/training-principles/how-do-you-teach-a-horse-to-move-its-shoulders-and-hips-independently/index.html,training-principles,jahmDTCy5nU,"scattered_id(total=48,home=horsemanship@29%)",Ken McNabb: Teaching Your Horse to Move Off Seat and Legs — Introducing Lateral Work to a Young Horse
qa/training-principles/how-do-you-teach-a-young-horse-to-lead-correctly/index.html,training-principles,aASS-342kdo,"scattered_id(total=117,home=horsemanship@18%)",Ken McNabb: Ground Work — Preparing Your Horse to Ride
qa/training-principles/how-do-you-teach-a-young-horse-to-stand-tied-safely/index.html,training-principles,aASS-342kdo,"scattered_id(total=117,home=horsemanship@18%)",Ken McNabb: Ground Work — Preparing Your Horse to Ride
qa/training-principles/how-do-you-transition-a-horse-from-a-snaffle-bit-to-a-curb-bit-correctly/index.html,training-principles,gFRPuR4VVSA,"scattered_id(total=44,home=equipment@50%)",Al Dunning: How to Use the Snaffle Bit — The Complexity of How Western Curb Bits Work
qa/training-principles/how-do-you-use-hill-work-and-varied-terrain-to-develop-a-young-horses-strength-a/index.html,training-principles,ComwTOq5A8Q,"scattered_id(total=107,home=versatility-ranch-horse@26%)",Ken McNabb: How to Buy the Right Horse — Can the Horse Carry My Weight
qa/training-principles/how-do-you-use-longeing-effectively-as-a-training-and-conditioning-tool/index.html,training-principles,07IltPi9yz8,"scattered_id(total=53,home=groundwork-longing@25%)",Clinton Anderson: Post 'N Circle — Counter-Canter on the Lunge Line vs. Under Saddle
qa/training-principles/how-do-you-work-with-a-horse-that-is-herd-bound-or-barn-sour/index.html,training-principles,NREoSIPWQ0E,"scattered_id(total=139,home=natural-horsemanship@16%)",Clinton Anderson: The Method — What He Says About Gadgets and Training Aids That Attach to the Bit
qa/training-principles/how-does-a-horse-balance-itself-and-how-does-a-rider-affect-that-balance/index.html,training-principles,9cc779oOQyU,"scattered_id(total=13,home=reining@31%)",Reining Training — Centered Riding: What It Is and the Keys to Execution
qa/training-principles/how-does-correct-nutrition-and-physical-care-support-the-training-process/index.html,training-principles,vH9NsbtmDsg,"scattered_id(total=51,home=horse-care@31%)",Equine Veterinary — How to Manage Hauling and Travel to Keep a Horse in Good Condition Throughout a Competition Season
qa/training-principles/how-does-extended-ground-training-build-a-safer-and-more-reliable-horse/index.html,training-principles,aASS-342kdo,"scattered_id(total=117,home=horsemanship@18%)",Ken McNabb: Ground Work — Preparing Your Horse to Ride
qa/training-principles/how-does-ground-training-develop-the-horses-mental-capacity-for-learning-and-att/index.html,training-principles,aASS-342kdo,"scattered_id(total=117,home=horsemanship@18%)",Ken McNabb: Ground Work — Preparing Your Horse to Ride
qa/training-principles/how-does-muscle-memory-work-in-horses-and-how-does-it-affect-training/index.html,training-principles,DaA3wVpFoSM,"scattered_id(total=73,home=natural-horsemanship@19%)",Warwick Schiller: How to Choose a Horse Trainer
qa/training-principles/how-does-repetition-across-multiple-sessions-build-more-durable-learning-than-ma/index.html,training-principles,DaA3wVpFoSM,"scattered_id(total=73,home=natural-horsemanship@19%)",Warwick Schiller: How to Choose a Horse Trainer
qa/training-principles/how-does-repetition-in-varied-environments-develop-a-horses-reliability/index.html,training-principles,DaA3wVpFoSM,"scattered_id(total=73,home=natural-horsemanship@19%)",Warwick Schiller: How to Choose a Horse Trainer
qa/training-principles/how-important-is-ground-work-before-starting-a-green-horse-under-saddle/index.html,training-principles,aASS-342kdo,"scattered_id(total=117,home=horsemanship@18%)",Ken McNabb: Ground Work — Preparing Your Horse to Ride
qa/training-principles/how-long-should-training-sessions-be-for-a-green-horse-and-how-often-should-they/index.html,training-principles,edVHadHZ264,"scattered_id(total=65,home=timed-events@23%)",60-Day Colt Starting — Low Stress Before & After
qa/training-principles/i-heard-of-trainers-putting-meat-tenderizer-on-the-horses-spur-pressure-areas-wh/index.html,training-principles,f918N1t9mfk,"scattered_id(total=174,home=working-western-rail@13%)",Al Dunning: Speed Control and Horsemanship — Show Trainer vs. Ranch or Horsemanship Trainer
qa/training-principles/index.html,training-principles,07IltPi9yz8,"scattered_id(total=53,home=groundwork-longing@25%)",Clinton Anderson: Post 'N Circle — Counter-Canter on the Lunge Line vs. Under Saddle
qa/training-principles/index.html,training-principles,oWU8YgIrNiY,"scattered_id(total=117,home=mounting-dismounting@18%)",Clinton Anderson: Overview of Starting a Colt — What Clinton Anderson Teaches About Bit Fit
qa/training-principles/should-i-be-my-horses-buddy-or-boss-and-what-is-the-right-balance/index.html,training-principles,IInnbVEoSqg,"scattered_id(total=90,home=natural-horsemanship@26%)",Warwick Schiller: Pressure and Release — What Anderson and Parelli Say About Horses That Gape at the Bit
qa/training-principles/the-rush-of-natural-horsemanship-has-subsided-why-did-that-happen/index.html,training-principles,IInnbVEoSqg,"scattered_id(total=90,home=natural-horsemanship@26%)",Warwick Schiller: Pressure and Release — What Anderson and Parelli Say About Horses That Gape at the Bit
qa/training-principles/what-adjustments-do-you-make-when-training-a-one-sided-horse/index.html,training-principles,oMn35EhR_Zg,"scattered_id(total=55,home=horsemanship@24%)",Warwick Schiller: Benefits of Teaching a Horse to Back Up — What He Says About Horses Behind the Bit
qa/training-principles/what-are-the-advantages-of-training-a-horse-the-extended-walk/index.html,training-principles,f918N1t9mfk,"scattered_id(total=174,home=working-western-rail@13%)",Al Dunning: Speed Control and Horsemanship — Show Trainer vs. Ranch or Horsemanship Trainer
qa/training-principles/what-are-the-best-tips-for-calming-an-excitable-horse/index.html,training-principles,Y1Mndc7oZJ8,"scattered_id(total=38,home=trailer-loading@32%)",Clinton Anderson: Working With Hot and Busy-Minded Horses — Maintaining Leadership
qa/training-principles/what-are-the-keys-to-teaching-voice-commands-to-a-horse/index.html,training-principles,07IltPi9yz8,"scattered_id(total=53,home=groundwork-longing@25%)",Clinton Anderson: Post 'N Circle — Counter-Canter on the Lunge Line vs. Under Saddle
qa/training-principles/what-are-the-most-important-considerations-before-starting-to-train-a-green-hors/index.html,training-principles,oWU8YgIrNiY,"scattered_id(total=117,home=mounting-dismounting@18%)",Clinton Anderson: Overview of Starting a Colt — What Clinton Anderson Teaches About Bit Fit
qa/training-principles/what-are-the-principles-of-pressure-and-release-training/index.html,training-principles,IInnbVEoSqg,"scattered_id(total=90,home=natural-horsemanship@26%)",Warwick Schiller: Pressure and Release — What Anderson and Parelli Say About Horses That Gape at the Bit
qa/training-principles/what-are-the-seven-games-of-the-parelli-natural-horsemanship-system-and-how-do-t/index.html,training-principles,GGvsSnEVpxA,"scattered_id(total=26,home=desensitization-sacking-out@12%)",Pat Parelli: Natural Horsemanship — What Happened to Pat Parelli
qa/training-principles/what-can-you-tell-me-about-clicker-training-what-is-it-and-how-does-it-work/index.html,training-principles,DaA3wVpFoSM,"scattered_id(total=73,home=natural-horsemanship@19%)",Warwick Schiller: How to Choose a Horse Trainer
qa/training-principles/what-do-the-best-horse-trainers-understand-about-ground-training-that-most-rider/index.html,training-principles,aASS-342kdo,"scattered_id(total=117,home=horsemanship@18%)",Ken McNabb: Ground Work — Preparing Your Horse to Ride
qa/training-principles/what-does-it-mean-to-be-a-teacher-rather-than-a-disciplinarian-in-horse-training/index.html,training-principles,DaA3wVpFoSM,"scattered_id(total=73,home=natural-horsemanship@19%)",Warwick Schiller: How to Choose a Horse Trainer
qa/training-principles/what-is-natural-horsemanship/index.html,training-principles,NREoSIPWQ0E,"scattered_id(total=139,home=natural-horsemanship@16%)",Clinton Anderson: The Method — What He Says About Gadgets and Training Aids That Attach to the Bit
qa/training-principles/what-is-the-concept-of-pressure-and-release-when-training/index.html,training-principles,IInnbVEoSqg,"scattered_id(total=90,home=natural-horsemanship@26%)",Warwick Schiller: Pressure and Release — What Anderson and Parelli Say About Horses That Gape at the Bit
qa/training-principles/what-is-the-foundation-of-all-horse-training-and-why-does-it-matter/index.html,training-principles,IInnbVEoSqg,"scattered_id(total=90,home=natural-horsemanship@26%)",Warwick Schiller: Pressure and Release — What Anderson and Parelli Say About Horses That Gape at the Bit
qa/training-principles/what-is-the-importance-of-feel-and-timing-in-riding/index.html,training-principles,PAFejggfx6c,"scattered_id(total=48,home=reining@25%)",Andrea Fappani: Master Simple Cues — How to Find a Qualified Trainer for a Specific Discipline
qa/training-principles/what-role-does-the-horses-breed-and-temperament-play-in-how-you-approach-trainin/index.html,training-principles,DaA3wVpFoSM,"scattered_id(total=73,home=natural-horsemanship@19%)",Warwick Schiller: How to Choose a Horse Trainer
qa/training-principles/what-should-every-rider-know-about-the-emotional-and-mental-aspects-of-training/index.html,training-principles,BqiDJqLgvlA,"scattered_id(total=36,home=wild-horse-training@31%)",Warwick Schiller: Emotional Fitness — The Difference Between a Horse That Is Calm and One That Is Shut Down
qa/training-principles/what-should-the-goals-of-round-pen-training-be/index.html,training-principles,07IltPi9yz8,"scattered_id(total=53,home=groundwork-longing@25%)",Clinton Anderson: Post 'N Circle — Counter-Canter on the Lunge Line vs. Under Saddle
qa/training-principles/why-are-proper-timing-and-patience-the-most-important-skills-in-horse-training/index.html,training-principles,PAFejggfx6c,"scattered_id(total=48,home=reining@25%)",Andrea Fappani: Master Simple Cues — How to Find a Qualified Trainer for a Specific Discipline
qa/training-principles/why-do-people-anthropomorphize-their-horses-and-how-does-it-interfere-with-train/index.html,training-principles,DaA3wVpFoSM,"scattered_id(total=73,home=natural-horsemanship@19%)",Warwick Schiller: How to Choose a Horse Trainer
qa/training-principles/why-do-people-fail-to-be-consistent-and-what-inconsistency-teaches-horses/index.html,training-principles,IInnbVEoSqg,"scattered_id(total=90,home=natural-horsemanship@26%)",Warwick Schiller: Pressure and Release — What Anderson and Parelli Say About Horses That Gape at the Bit
qa/training-principles/why-do-people-fail-to-release-at-the-right-moment-and-what-does-poor-timing-teac/index.html,training-principles,PAFejggfx6c,"scattered_id(total=48,home=reining@25%)",Andrea Fappani: Master Simple Cues — How to Find a Qualified Trainer for a Specific Discipline
qa/training-principles/why-do-people-ignore-their-horses-pain-and-physical-issues-and-what-does-this-co/index.html,training-principles,vH9NsbtmDsg,"scattered_id(total=51,home=horse-care@31%)",Equine Veterinary — How to Manage Hauling and Travel to Keep a Horse in Good Condition Throughout a Competition Season
qa/training-principles/why-do-people-rush-horse-training-and-what-are-the-consequences/index.html,training-principles,edVHadHZ264,"scattered_id(total=65,home=timed-events@23%)",60-Day Colt Starting — Low Stress Before & After
qa/training-principles/why-do-people-skip-or-minimize-ground-work-and-what-problems-does-this-create/index.html,training-principles,aASS-342kdo,"scattered_id(total=117,home=horsemanship@18%)",Ken McNabb: Ground Work — Preparing Your Horse to Ride
qa/training-principles/why-do-people-use-equipment-as-a-substitute-for-training-and-what-problems-does/index.html,training-principles,IInnbVEoSqg,"scattered_id(total=90,home=natural-horsemanship@26%)",Warwick Schiller: Pressure and Release — What Anderson and Parelli Say About Horses That Gape at the Bit
qa/training-principles/why-do-people-use-too-much-force-in-horse-training-and-what-does-it-produce/index.html,training-principles,IInnbVEoSqg,"scattered_id(total=90,home=natural-horsemanship@26%)",Warwick Schiller: Pressure and Release — What Anderson and Parelli Say About Horses That Gape at the Bit
qa/training-principles/why-does-a-horse-relax-when-the-rider-relaxes/index.html,training-principles,Hj5Ew8qkjMk,"scattered_id(total=77,home=natural-horsemanship@49%)",Warwick Schiller: Feel and Connection — How to Ride With a Bosal and How It Works
qa/training-principles/why-does-ground-training-produce-better-collection-and-responsiveness-under-sadd/index.html,training-principles,aASS-342kdo,"scattered_id(total=117,home=horsemanship@18%)",Ken McNabb: Ground Work — Preparing Your Horse to Ride
qa/training-principles/why-does-investing-more-time-in-ground-training-produce-a-better-riding-horse/index.html,training-principles,aASS-342kdo,"scattered_id(total=117,home=horsemanship@18%)",Ken McNabb: Ground Work — Preparing Your Horse to Ride
qa/training-principles/why-is-consistency-important-in-horse-training/index.html,training-principles,IInnbVEoSqg,"scattered_id(total=90,home=natural-horsemanship@26%)",Warwick Schiller: Pressure and Release — What Anderson and Parelli Say About Horses That Gape at the Bit
qa/training-principles/why-is-consistency-the-key-to-successful-horse-training/index.html,training-principles,DaA3wVpFoSM,"scattered_id(total=73,home=natural-horsemanship@19%)",Warwick Schiller: How to Choose a Horse Trainer
qa/training-principles/why-is-having-a-realistic-lesson-plan-important-when-training-horses/index.html,training-principles,edVHadHZ264,"scattered_id(total=65,home=timed-events@23%)",60-Day Colt Starting — Low Stress Before & After
qa/training-principles/why-is-it-important-to-correct-problems-as-they-occur-when-working-with-young-ho/index.html,training-principles,oWU8YgIrNiY,"scattered_id(total=117,home=mounting-dismounting@18%)",Clinton Anderson: Overview of Starting a Colt — What Clinton Anderson Teaches About Bit Fit
qa/training-principles/why-is-it-important-to-keep-your-horse-from-being-bored-during-the-first-few-rid/index.html,training-principles,twhB7DnN02Q,"scattered_id(total=10,home=starting-young-horses@30%)",Training a Young Horse — Complete Unedited First Rides
qa/training-principles/why-is-losing-your-temper-dangerous-in-horse-training/index.html,training-principles,IInnbVEoSqg,"scattered_id(total=90,home=natural-horsemanship@26%)",Warwick Schiller: Pressure and Release — What Anderson and Parelli Say About Horses That Gape at the Bit
qa/training-principles/why-is-repetition-essential-to-horse-training-and-how-does-it-build-lasting-skil/index.html,training-principles,DaA3wVpFoSM,"scattered_id(total=73,home=natural-horsemanship@19%)",Warwick Schiller: How to Choose a Horse Trainer
qa/training-principles/why-is-repetition-important-in-horse-training/index.html,training-principles,DaA3wVpFoSM,"scattered_id(total=73,home=natural-horsemanship@19%)",Warwick Schiller: How to Choose a Horse Trainer
qa/training-principles/why-is-taking-the-path-of-least-resistance-the-most-effective-philosophy-in-hors/index.html,training-principles,IInnbVEoSqg,"scattered_id(total=90,home=natural-horsemanship@26%)",Warwick Schiller: Pressure and Release — What Anderson and Parelli Say About Horses That Gape at the Bit
qa/training-principles/why-should-you-encourage-and-praise-your-horse-often-and-punish-rarely/index.html,training-principles,DaA3wVpFoSM,"scattered_id(total=73,home=natural-horsemanship@19%)",Warwick Schiller: How to Choose a Horse Trainer
qa/training-principles/why-should-you-never-rush-a-horses-training-and-what-are-the-consequences-of-doi/index.html,training-principles,edVHadHZ264,"scattered_id(total=65,home=timed-events@23%)",60-Day Colt Starting — Low Stress Before & After
qa/training-principles/why-should-you-not-canter-right-away-when-training-a-new-horse-under-saddle/index.html,training-principles,edVHadHZ264,"scattered_id(total=65,home=timed-events@23%)",60-Day Colt Starting — Low Stress Before & After
qa/versatility-ranch-horse/how-do-you-develop-the-ranch-riding-pattern-work-required-in-versatility-ranch-h/index.html,versatility-ranch-horse,f918N1t9mfk,"scattered_id(total=174,home=working-western-rail@13%)",Al Dunning: Speed Control and Horsemanship — Show Trainer vs. Ranch or Horsemanship Trainer
qa/versatility-ranch-horse/how-do-you-develop-the-reining-maneuvers-required-for-versatility-ranch-horse/index.html,versatility-ranch-horse,fba4a070,malformed_id,Matt Mills Reining: Reining Foundation for the Ranch Horse — Developing Reining Maneuvers for VRH
qa/versatility-ranch-horse/how-do-you-manage-a-horses-energy-and-focus-across-a-full-day-of-versatility-ran/index.html,versatility-ranch-horse,KJd9paeIu40,"scattered_id(total=130,home=obstacle-training@22%)",Ken McNabb: Gaining Emotional Control — Developing a Horse That Is Calm and Focused in a Busy Ranch Horse Show Environment
qa/versatility-ranch-horse/how-do-you-train-a-horse-to-compete-in-the-reined-work-phase-of-versatility-ranc/index.html,versatility-ranch-horse,fba4a070,malformed_id,Matt Mills Reining: Reining Foundation for the Ranch Horse — Developing Reining Maneuvers for VRH
qa/versatility-ranch-horse/index.html,versatility-ranch-horse,aASS-342kdo,"scattered_id(total=117,home=horsemanship@18%)",Ken McNabb: Ground Work — Preparing Your Horse to Ride
qa/versatility-ranch-horse/index.html,versatility-ranch-horse,jahmDTCy5nU,"scattered_id(total=48,home=horsemanship@29%)",Ken McNabb: Teaching Your Horse to Move Off Seat and Legs — Introducing Lateral Work to a Young Horse
qa/versatility-ranch-horse/what-are-judges-looking-for-in-the-ranch-riding-phase-of-versatility-ranch-horse/index.html,versatility-ranch-horse,f918N1t9mfk,"scattered_id(total=174,home=working-western-rail@13%)",Al Dunning: Speed Control and Horsemanship — Show Trainer vs. Ranch or Horsemanship Trainer
qa/western-horsemanship/how-do-i-develop-invisible-aids-for-western-horsemanship-that-judges-reward/index.html,western-horsemanship,PAFejggfx6c,"scattered_id(total=48,home=reining@25%)",Andrea Fappani: Master Simple Cues — How to Find a Qualified Trainer for a Specific Discipline
qa/western-horsemanship/how-do-i-develop-the-backup-required-in-a-western-horsemanship-pattern/index.html,western-horsemanship,bgKlBwC3YGE,"scattered_id(total=11,home=horsemanship@18%)",Richard Winters: Hands-Free Backup — Developing the Backup for Western Horsemanship
qa/western-horsemanship/how-do-i-develop-the-correct-body-position-for-western-horsemanship-competition/index.html,western-horsemanship,oTQQwFzXduo,"scattered_id(total=48,home=western-pleasure@35%)",Al Dunning: Western Horsemanship — Developing the Correct Body Position for Competition
qa/western-horsemanship/how-do-i-prepare-my-horse-and-myself-for-a-first-western-horsemanship-class-at-a/index.html,western-horsemanship,oTQQwFzXduo,"scattered_id(total=48,home=western-pleasure@35%)",Al Dunning: Western Horsemanship — Developing the Correct Body Position for Competition
qa/western-horsemanship/how-do-i-ride-transitions-in-a-western-horsemanship-pattern-to-maximize-my-score/index.html,western-horsemanship,f918N1t9mfk,"scattered_id(total=174,home=working-western-rail@13%)",Al Dunning: Speed Control and Horsemanship — Show Trainer vs. Ranch or Horsemanship Trainer
qa/western-horsemanship/how-do-judges-differentiate-between-riders-in-a-close-western-horsemanship-class/index.html,western-horsemanship,oTQQwFzXduo,"scattered_id(total=48,home=western-pleasure@35%)",Al Dunning: Western Horsemanship — Developing the Correct Body Position for Competition
qa/western-horsemanship/how-do-judges-evaluate-overall-impression-in-a-western-horsemanship-class/index.html,western-horsemanship,oTQQwFzXduo,"scattered_id(total=48,home=western-pleasure@35%)",Al Dunning: Western Horsemanship — Developing the Correct Body Position for Competition
qa/western-horsemanship/how-do-judges-evaluate-pattern-execution-in-western-horsemanship/index.html,western-horsemanship,oTQQwFzXduo,"scattered_id(total=48,home=western-pleasure@35%)",Al Dunning: Western Horsemanship — Developing the Correct Body Position for Competition
qa/western-horsemanship/how-do-judges-evaluate-rail-work-in-western-horsemanship-and-how-much-does-it-af/index.html,western-horsemanship,oTQQwFzXduo,"scattered_id(total=48,home=western-pleasure@35%)",Al Dunning: Western Horsemanship — Developing the Correct Body Position for Competition
qa/western-horsemanship/how-do-judges-evaluate-the-use-of-aids-in-western-horsemanship/index.html,western-horsemanship,oTQQwFzXduo,"scattered_id(total=48,home=western-pleasure@35%)",Al Dunning: Western Horsemanship — Developing the Correct Body Position for Competition
qa/western-horsemanship/how-do-you-develop-a-correct-slow-jog-for-walk-trot-western-competition/index.html,western-horsemanship,f918N1t9mfk,"scattered_id(total=174,home=working-western-rail@13%)",Al Dunning: Speed Control and Horsemanship — Show Trainer vs. Ranch or Horsemanship Trainer
qa/western-horsemanship/how-do-you-develop-a-novice-riders-position-for-walk-trot-western-classes/index.html,western-horsemanship,oTQQwFzXduo,"scattered_id(total=48,home=western-pleasure@35%)",Al Dunning: Western Horsemanship — Developing the Correct Body Position for Competition
qa/western-horsemanship/how-do-you-develop-correct-western-headset-and-frame-for-walk-trot-classes/index.html,western-horsemanship,f918N1t9mfk,"scattered_id(total=174,home=working-western-rail@13%)",Al Dunning: Speed Control and Horsemanship — Show Trainer vs. Ranch or Horsemanship Trainer
qa/western-horsemanship/how-do-you-manage-show-day-preparation-for-a-horse-and-rider-in-walk-trot-wester/index.html,western-horsemanship,KJd9paeIu40,"scattered_id(total=130,home=obstacle-training@22%)",Ken McNabb: Gaining Emotional Control — Developing a Horse That Is Calm and Focused in a Busy Ranch Horse Show Environment
qa/western-horsemanship/how-do-you-prepare-a-horse-to-behave-correctly-in-a-group-walk-trot-class/index.html,western-horsemanship,KJd9paeIu40,"scattered_id(total=130,home=obstacle-training@22%)",Ken McNabb: Gaining Emotional Control — Developing a Horse That Is Calm and Focused in a Busy Ranch Horse Show Environment
qa/western-horsemanship/how-do-you-select-the-right-horse-for-a-novice-rider-entering-walk-trot-western/index.html,western-horsemanship,MoAzyvJVqGY,"scattered_id(total=43,home=working-cow-horse@42%)",A Life of Studying Horses — The Ken McNabb Story
qa/western-horsemanship/how-does-rail-work-in-a-western-horsemanship-class-differ-from-a-western-pleasur/index.html,western-horsemanship,f918N1t9mfk,"scattered_id(total=174,home=working-western-rail@13%)",Al Dunning: Speed Control and Horsemanship — Show Trainer vs. Ranch or Horsemanship Trainer
qa/western-horsemanship/how-important-are-transitions-in-walk-trot-western-class-preparation/index.html,western-horsemanship,f918N1t9mfk,"scattered_id(total=174,home=working-western-rail@13%)",Al Dunning: Speed Control and Horsemanship — Show Trainer vs. Ranch or Horsemanship Trainer
qa/western-horsemanship/what-are-the-most-common-faults-judges-penalize-in-western-horsemanship-patterns/index.html,western-horsemanship,oTQQwFzXduo,"scattered_id(total=48,home=western-pleasure@35%)",Al Dunning: Western Horsemanship — Developing the Correct Body Position for Competition
qa/western-horsemanship/what-are-walk-trot-western-classes-and-who-are-they-designed-for/index.html,western-horsemanship,oTQQwFzXduo,"scattered_id(total=48,home=western-pleasure@35%)",Al Dunning: Western Horsemanship — Developing the Correct Body Position for Competition
qa/western-horsemanship/what-is-western-horsemanship-and-how-is-it-judged-at-a-quarter-horse-show/index.html,western-horsemanship,oTQQwFzXduo,"scattered_id(total=48,home=western-pleasure@35%)",Al Dunning: Western Horsemanship — Developing the Correct Body Position for Competition
qa/western-horsemanship/what-maneuvers-appear-most-commonly-in-western-horsemanship-patterns-and-how-sho/index.html,western-horsemanship,oTQQwFzXduo,"scattered_id(total=48,home=western-pleasure@35%)",Al Dunning: Western Horsemanship — Developing the Correct Body Position for Competition
qa/western-horsemanship/what-qualities-of-the-jog-are-judged-in-walk-trot-western-classes/index.html,western-horsemanship,f918N1t9mfk,"scattered_id(total=174,home=working-western-rail@13%)",Al Dunning: Speed Control and Horsemanship — Show Trainer vs. Ranch or Horsemanship Trainer
qa/western-horsemanship/what-qualities-of-the-walk-are-judged-in-walk-trot-western-classes/index.html,western-horsemanship,f918N1t9mfk,"scattered_id(total=174,home=working-western-rail@13%)",Al Dunning: Speed Control and Horsemanship — Show Trainer vs. Ranch or Horsemanship Trainer
qa/western-horsemanship/what-specific-position-qualities-do-judges-reward-most-highly-in-western-horsema/index.html,western-horsemanship,oTQQwFzXduo,"scattered_id(total=48,home=western-pleasure@35%)",Al Dunning: Western Horsemanship — Developing the Correct Body Position for Competition
qa/western-pleasure/how-do-i-develop-a-horse-that-is-naturally-high-headed-for-western-pleasure-comp/index.html,western-pleasure,oMn35EhR_Zg,"scattered_id(total=55,home=horsemanship@24%)",Warwick Schiller: Benefits of Teaching a Horse to Back Up — What He Says About Horses Behind the Bit
qa/western-pleasure/how-do-i-develop-a-quality-walk-for-western-pleasure-that-judges-notice/index.html,western-pleasure,f918N1t9mfk,"scattered_id(total=174,home=working-western-rail@13%)",Al Dunning: Speed Control and Horsemanship — Show Trainer vs. Ranch or Horsemanship Trainer
qa/western-pleasure/how-do-i-develop-correct-headset-and-frame-for-western-pleasure-without-creating/index.html,western-pleasure,oMn35EhR_Zg,"scattered_id(total=55,home=horsemanship@24%)",Warwick Schiller: Benefits of Teaching a Horse to Back Up — What He Says About Horses Behind the Bit
qa/western-pleasure/how-do-i-develop-the-correct-lope-for-western-pleasure-and-what-does-a-winning-l/index.html,western-pleasure,f918N1t9mfk,"scattered_id(total=174,home=working-western-rail@13%)",Al Dunning: Speed Control and Horsemanship — Show Trainer vs. Ranch or Horsemanship Trainer
qa/western-pleasure/how-do-i-develop-the-correct-slow-jog-for-western-pleasure-competition/index.html,western-pleasure,f918N1t9mfk,"scattered_id(total=174,home=working-western-rail@13%)",Al Dunning: Speed Control and Horsemanship — Show Trainer vs. Ranch or Horsemanship Trainer
qa/western-pleasure/how-do-i-get-my-horse-to-slow-down-for-western-pleasure/index.html,western-pleasure,f918N1t9mfk,"scattered_id(total=174,home=working-western-rail@13%)",Al Dunning: Speed Control and Horsemanship — Show Trainer vs. Ranch or Horsemanship Trainer
qa/western-pleasure/how-do-i-keep-a-western-pleasure-horse-mentally-fresh-and-motivated-over-a-long/index.html,western-pleasure,Idbhg34M6Nc,"scattered_id(total=35,home=training-principles@26%)",When to Use the Colt Starting Series vs Fundamentals — Q&A
qa/western-pleasure/how-do-i-keep-a-western-pleasure-horse-moving-slowly-without-making-it-look-dull/index.html,western-pleasure,f918N1t9mfk,"scattered_id(total=174,home=working-western-rail@13%)",Al Dunning: Speed Control and Horsemanship — Show Trainer vs. Ranch or Horsemanship Trainer
qa/western-pleasure/how-do-i-manage-a-fresh-or-nervous-horse-in-a-western-pleasure-class-to-prevent/index.html,western-pleasure,DaA3wVpFoSM,"scattered_id(total=73,home=natural-horsemanship@19%)",Warwick Schiller: How to Choose a Horse Trainer
qa/western-pleasure/how-do-i-train-a-horse-that-breaks-gait-during-a-western-pleasure-class/index.html,western-pleasure,hCniW-BKZpo,"scattered_id(total=37,home=neck-reining@41%)",Matt Mills: Stop Fighting the Reins — Loose Rein vs. Contact Rein in Western Performance
qa/western-pleasure/how-do-i-train-a-horse-to-maintain-consistent-pace-throughout-the-western-pleasu/index.html,western-pleasure,f918N1t9mfk,"scattered_id(total=174,home=working-western-rail@13%)",Al Dunning: Speed Control and Horsemanship — Show Trainer vs. Ranch or Horsemanship Trainer
qa/western-pleasure/how-do-i-train-smooth-correct-transitions-for-western-pleasure-competition/index.html,western-pleasure,PAFejggfx6c,"scattered_id(total=48,home=reining@25%)",Andrea Fappani: Master Simple Cues — How to Find a Qualified Trainer for a Specific Discipline
qa/western-pleasure/index.html,western-pleasure,f918N1t9mfk,"scattered_id(total=174,home=working-western-rail@13%)",Al Dunning: Speed Control and Horsemanship — Show Trainer vs. Ranch or Horsemanship Trainer
qa/western-pleasure/what-breeds-compete-in-western-pleasure/index.html,western-pleasure,f918N1t9mfk,"scattered_id(total=174,home=working-western-rail@13%)",Al Dunning: Speed Control and Horsemanship — Show Trainer vs. Ranch or Horsemanship Trainer
qa/western-pleasure/what-equipment-is-used-in-western-pleasure-training-and-competition-and-how-does/index.html,western-pleasure,gFRPuR4VVSA,"scattered_id(total=44,home=equipment@50%)",Al Dunning: How to Use the Snaffle Bit — The Complexity of How Western Curb Bits Work
qa/western-pleasure/what-is-the-extended-jog-in-western-pleasure-and-how-do-i-train-my-horse-to-perf/index.html,western-pleasure,f918N1t9mfk,"scattered_id(total=174,home=working-western-rail@13%)",Al Dunning: Speed Control and Horsemanship — Show Trainer vs. Ranch or Horsemanship Trainer
qa/western-pleasure/what-is-western-pleasure/index.html,western-pleasure,f918N1t9mfk,"scattered_id(total=174,home=working-western-rail@13%)",Al Dunning: Speed Control and Horsemanship — Show Trainer vs. Ranch or Horsemanship Trainer
qa/wild-horse-training/can-join-up-go-wrong-and-what-causes-it/index.html,wild-horse-training,2Wf65OKRqvo,"scattered_id(total=38,home=imprinting@45%)",Monty Roberts: Foal Imprinting — How to Desensitize a Newborn Foal's Face and Head During Imprinting
qa/wild-horse-training/how-do-i-fix-a-mustang-that-has-learned-to-pull-back-when-tied/index.html,wild-horse-training,aASS-342kdo,"scattered_id(total=117,home=horsemanship@18%)",Ken McNabb: Ground Work — Preparing Your Horse to Ride
qa/wild-horse-training/how-do-i-fix-a-mustang-that-has-learned-to-run-over-its-handler/index.html,wild-horse-training,NREoSIPWQ0E,"scattered_id(total=139,home=natural-horsemanship@16%)",Clinton Anderson: The Method — What He Says About Gadgets and Training Aids That Attach to the Bit
qa/wild-horse-training/how-do-i-fix-a-mustang-that-panics-when-separated-from-other-horses/index.html,wild-horse-training,NREoSIPWQ0E,"scattered_id(total=139,home=natural-horsemanship@16%)",Clinton Anderson: The Method — What He Says About Gadgets and Training Aids That Attach to the Bit
qa/wild-horse-training/how-do-i-work-with-a-mustang-that-is-aggressive-toward-humans/index.html,wild-horse-training,NREoSIPWQ0E,"scattered_id(total=139,home=natural-horsemanship@16%)",Clinton Anderson: The Method — What He Says About Gadgets and Training Aids That Attach to the Bit
qa/wild-horse-training/how-do-wild-horses-communicate-with-each-other/index.html,wild-horse-training,DaA3wVpFoSM,"scattered_id(total=73,home=natural-horsemanship@19%)",Warwick Schiller: How to Choose a Horse Trainer
qa/wild-horse-training/how-do-wild-horses-perceive-humans-when-first-encountered/index.html,wild-horse-training,DaA3wVpFoSM,"scattered_id(total=73,home=natural-horsemanship@19%)",Warwick Schiller: How to Choose a Horse Trainer
qa/wild-horse-training/how-do-you-build-a-wild-horses-confidence-under-saddle-in-new-environments/index.html,wild-horse-training,KJd9paeIu40,"scattered_id(total=130,home=obstacle-training@22%)",Ken McNabb: Gaining Emotional Control — Developing a Horse That Is Calm and Focused in a Busy Ranch Horse Show Environment
qa/wild-horse-training/how-do-you-correct-a-wild-horse-that-strikes-or-kicks-during-ground-work/index.html,wild-horse-training,NREoSIPWQ0E,"scattered_id(total=139,home=natural-horsemanship@16%)",Clinton Anderson: The Method — What He Says About Gadgets and Training Aids That Attach to the Bit
qa/wild-horse-training/how-do-you-desensitize-a-wild-horse-to-human-touch/index.html,wild-horse-training,KJd9paeIu40,"scattered_id(total=130,home=obstacle-training@22%)",Ken McNabb: Gaining Emotional Control — Developing a Horse That Is Calm and Focused in a Busy Ranch Horse Show Environment
qa/wild-horse-training/how-do-you-desensitize-a-wild-horse-to-its-feet-being-handled/index.html,wild-horse-training,KJd9paeIu40,"scattered_id(total=130,home=obstacle-training@22%)",Ken McNabb: Gaining Emotional Control — Developing a Horse That Is Calm and Focused in a Busy Ranch Horse Show Environment
qa/wild-horse-training/how-do-you-desensitize-a-wild-horse-to-objects-and-movement/index.html,wild-horse-training,KJd9paeIu40,"scattered_id(total=130,home=obstacle-training@22%)",Ken McNabb: Gaining Emotional Control — Developing a Horse That Is Calm and Focused in a Busy Ranch Horse Show Environment
qa/wild-horse-training/how-do-you-develop-a-mustang-for-ranch-work/index.html,wild-horse-training,ComwTOq5A8Q,"scattered_id(total=107,home=versatility-ranch-horse@26%)",Ken McNabb: How to Buy the Right Horse — Can the Horse Carry My Weight
qa/wild-horse-training/how-do-you-develop-a-mustang-from-wild-to-trail-horse/index.html,wild-horse-training,ComwTOq5A8Q,"scattered_id(total=107,home=versatility-ranch-horse@26%)",Ken McNabb: How to Buy the Right Horse — Can the Horse Carry My Weight
qa/wild-horse-training/how-do-you-develop-collection-and-softness-in-a-mustang/index.html,wild-horse-training,PAFejggfx6c,"scattered_id(total=48,home=reining@25%)",Andrea Fappani: Master Simple Cues — How to Find a Qualified Trainer for a Specific Discipline
qa/wild-horse-training/how-do-you-develop-forward-energy-in-a-wild-horse-on-the-ground/index.html,wild-horse-training,oWU8YgIrNiY,"scattered_id(total=117,home=mounting-dismounting@18%)",Clinton Anderson: Overview of Starting a Colt — What Clinton Anderson Teaches About Bit Fit
qa/wild-horse-training/how-do-you-develop-steering-on-a-newly-started-wild-horse/index.html,wild-horse-training,oWU8YgIrNiY,"scattered_id(total=117,home=mounting-dismounting@18%)",Clinton Anderson: Overview of Starting a Colt — What Clinton Anderson Teaches About Bit Fit
qa/wild-horse-training/how-do-you-develop-the-lope-on-a-wild-horse-under-saddle/index.html,wild-horse-training,edVHadHZ264,"scattered_id(total=65,home=timed-events@23%)",60-Day Colt Starting — Low Stress Before & After
qa/wild-horse-training/how-do-you-get-a-wild-horse-comfortable-with-ropes/index.html,wild-horse-training,KJd9paeIu40,"scattered_id(total=130,home=obstacle-training@22%)",Ken McNabb: Gaining Emotional Control — Developing a Horse That Is Calm and Focused in a Busy Ranch Horse Show Environment
qa/wild-horse-training/how-do-you-get-a-wild-horse-to-face-you-instead-of-fleeing/index.html,wild-horse-training,2Wf65OKRqvo,"scattered_id(total=38,home=imprinting@45%)",Monty Roberts: Foal Imprinting — How to Desensitize a Newborn Foal's Face and Head During Imprinting
qa/wild-horse-training/how-do-you-halter-a-wild-horse-for-the-first-time/index.html,wild-horse-training,aASS-342kdo,"scattered_id(total=117,home=horsemanship@18%)",Ken McNabb: Ground Work — Preparing Your Horse to Ride
qa/wild-horse-training/how-do-you-introduce-a-wild-horse-to-a-riders-weight-for-the-first-time/index.html,wild-horse-training,oWU8YgIrNiY,"scattered_id(total=117,home=mounting-dismounting@18%)",Clinton Anderson: Overview of Starting a Colt — What Clinton Anderson Teaches About Bit Fit
qa/wild-horse-training/how-do-you-introduce-a-wild-horse-to-a-saddle-pad-and-saddle/index.html,wild-horse-training,oWU8YgIrNiY,"scattered_id(total=117,home=mounting-dismounting@18%)",Clinton Anderson: Overview of Starting a Colt — What Clinton Anderson Teaches About Bit Fit
qa/wild-horse-training/how-do-you-introduce-a-wild-horse-to-grooming/index.html,wild-horse-training,KJd9paeIu40,"scattered_id(total=130,home=obstacle-training@22%)",Ken McNabb: Gaining Emotional Control — Developing a Horse That Is Calm and Focused in a Busy Ranch Horse Show Environment
qa/wild-horse-training/how-do-you-know-when-join-up-has-genuinely-occurred/index.html,wild-horse-training,2Wf65OKRqvo,"scattered_id(total=38,home=imprinting@45%)",Monty Roberts: Foal Imprinting — How to Desensitize a Newborn Foal's Face and Head During Imprinting
qa/wild-horse-training/how-do-you-maintain-a-mustangs-trust-through-changes-in-ownership/index.html,wild-horse-training,Hj5Ew8qkjMk,"scattered_id(total=77,home=natural-horsemanship@49%)",Warwick Schiller: Feel and Connection — How to Ride With a Bosal and How It Works
qa/wild-horse-training/how-do-you-manage-a-buck-or-bolt-on-a-wild-horses-first-rides/index.html,wild-horse-training,oWU8YgIrNiY,"scattered_id(total=117,home=mounting-dismounting@18%)",Clinton Anderson: Overview of Starting a Colt — What Clinton Anderson Teaches About Bit Fit
qa/wild-horse-training/how-do-you-read-when-to-advance-and-when-to-retreat-with-a-wild-horse/index.html,wild-horse-training,IInnbVEoSqg,"scattered_id(total=90,home=natural-horsemanship@26%)",Warwick Schiller: Pressure and Release — What Anderson and Parelli Say About Horses That Gape at the Bit
qa/wild-horse-training/how-do-you-teach-a-wild-horse-to-back-up/index.html,wild-horse-training,oMn35EhR_Zg,"scattered_id(total=55,home=horsemanship@24%)",Warwick Schiller: Benefits of Teaching a Horse to Back Up — What He Says About Horses Behind the Bit
qa/wild-horse-training/how-do-you-teach-a-wild-horse-to-lead/index.html,wild-horse-training,aASS-342kdo,"scattered_id(total=117,home=horsemanship@18%)",Ken McNabb: Ground Work — Preparing Your Horse to Ride
qa/wild-horse-training/how-do-you-teach-a-wild-horse-to-load-in-a-trailer/index.html,wild-horse-training,ComwTOq5A8Q,"scattered_id(total=107,home=versatility-ranch-horse@26%)",Ken McNabb: How to Buy the Right Horse — Can the Horse Carry My Weight
qa/wild-horse-training/how-do-you-teach-a-wild-horse-to-lunge/index.html,wild-horse-training,07IltPi9yz8,"scattered_id(total=53,home=groundwork-longing@25%)",Clinton Anderson: Post 'N Circle — Counter-Canter on the Lunge Line vs. Under Saddle
qa/wild-horse-training/how-do-you-teach-a-wild-horse-to-stand-for-the-farrier/index.html,wild-horse-training,KJd9paeIu40,"scattered_id(total=130,home=obstacle-training@22%)",Ken McNabb: Gaining Emotional Control — Developing a Horse That Is Calm and Focused in a Busy Ranch Horse Show Environment
qa/wild-horse-training/how-do-you-teach-a-wild-horse-to-stand-tied-for-the-first-time/index.html,wild-horse-training,aASS-342kdo,"scattered_id(total=117,home=horsemanship@18%)",Ken McNabb: Ground Work — Preparing Your Horse to Ride
qa/wild-horse-training/how-do-you-teach-a-wild-horse-to-yield-its-hindquarters/index.html,wild-horse-training,aASS-342kdo,"scattered_id(total=117,home=horsemanship@18%)",Ken McNabb: Ground Work — Preparing Your Horse to Ride
qa/wild-horse-training/how-do-you-teach-a-wild-horse-to-yield-its-shoulders/index.html,wild-horse-training,aASS-342kdo,"scattered_id(total=117,home=horsemanship@18%)",Ken McNabb: Ground Work — Preparing Your Horse to Ride
qa/wild-horse-training/how-do-you-use-a-round-pen-when-starting-a-wild-horse/index.html,wild-horse-training,oWU8YgIrNiY,"scattered_id(total=117,home=mounting-dismounting@18%)",Clinton Anderson: Overview of Starting a Colt — What Clinton Anderson Teaches About Bit Fit
qa/wild-horse-training/how-does-a-wild-horses-social-structure-affect-its-trainability/index.html,wild-horse-training,DaA3wVpFoSM,"scattered_id(total=73,home=natural-horsemanship@19%)",Warwick Schiller: How to Choose a Horse Trainer
qa/wild-horse-training/how-does-join-up-work-with-a-wild-horse/index.html,wild-horse-training,2Wf65OKRqvo,"scattered_id(total=38,home=imprinting@45%)",Monty Roberts: Foal Imprinting — How to Desensitize a Newborn Foal's Face and Head During Imprinting
qa/wild-horse-training/how-does-monty-roberts-approach-wild-horses-differently-from-other-trainers/index.html,wild-horse-training,2Wf65OKRqvo,"scattered_id(total=38,home=imprinting@45%)",Monty Roberts: Foal Imprinting — How to Desensitize a Newborn Foal's Face and Head During Imprinting
qa/wild-horse-training/how-does-pressure-and-release-apply-differently-with-a-wild-horse-than-a-domesti/index.html,wild-horse-training,IInnbVEoSqg,"scattered_id(total=90,home=natural-horsemanship@26%)",Warwick Schiller: Pressure and Release — What Anderson and Parelli Say About Horses That Gape at the Bit
qa/wild-horse-training/how-does-starting-a-wild-horse-under-saddle-differ-from-starting-a-domestic-hors/index.html,wild-horse-training,edVHadHZ264,"scattered_id(total=65,home=timed-events@23%)",60-Day Colt Starting — Low Stress Before & After
qa/wild-horse-training/how-does-wild-horse-training-compare-to-natural-horsemanship/index.html,wild-horse-training,IInnbVEoSqg,"scattered_id(total=90,home=natural-horsemanship@26%)",Warwick Schiller: Pressure and Release — What Anderson and Parelli Say About Horses That Gape at the Bit
qa/wild-horse-training/how-has-join-up-influenced-modern-wild-horse-training/index.html,wild-horse-training,2Wf65OKRqvo,"scattered_id(total=38,home=imprinting@45%)",Monty Roberts: Foal Imprinting — How to Desensitize a Newborn Foal's Face and Head During Imprinting
qa/wild-horse-training/how-is-a-wild-horse-different-from-a-domestic-horse-to-train/index.html,wild-horse-training,DaA3wVpFoSM,"scattered_id(total=73,home=natural-horsemanship@19%)",Warwick Schiller: How to Choose a Horse Trainer
qa/wild-horse-training/how-is-join-up-different-from-traditional-round-pen-work/index.html,wild-horse-training,2Wf65OKRqvo,"scattered_id(total=38,home=imprinting@45%)",Monty Roberts: Foal Imprinting — How to Desensitize a Newborn Foal's Face and Head During Imprinting
qa/wild-horse-training/how-long-should-early-riding-sessions-be-on-a-wild-horse/index.html,wild-horse-training,edVHadHZ264,"scattered_id(total=65,home=timed-events@23%)",60-Day Colt Starting — Low Stress Before & After
qa/wild-horse-training/what-are-the-steps-of-join-up-with-an-untouched-horse/index.html,wild-horse-training,2Wf65OKRqvo,"scattered_id(total=38,home=imprinting@45%)",Monty Roberts: Foal Imprinting — How to Desensitize a Newborn Foal's Face and Head During Imprinting
qa/wild-horse-training/what-body-language-signals-mean-a-wild-horse-is-ready-to-accept-approach/index.html,wild-horse-training,Hj5Ew8qkjMk,"scattered_id(total=77,home=natural-horsemanship@49%)",Warwick Schiller: Feel and Connection — How to Ride With a Bosal and How It Works
qa/wild-horse-training/what-does-a-wild-horses-body-language-tell-a-trainer/index.html,wild-horse-training,Hj5Ew8qkjMk,"scattered_id(total=77,home=natural-horsemanship@49%)",Warwick Schiller: Feel and Connection — How to Ride With a Bosal and How It Works
qa/wild-horse-training/what-does-the-first-ride-on-a-wild-horse-look-like/index.html,wild-horse-training,twhB7DnN02Q,"scattered_id(total=10,home=starting-young-horses@30%)",Training a Young Horse — Complete Unedited First Rides
qa/wild-horse-training/what-groundwork-should-a-wild-horse-have-before-being-started-under-saddle/index.html,wild-horse-training,oWU8YgIrNiY,"scattered_id(total=117,home=mounting-dismounting@18%)",Clinton Anderson: Overview of Starting a Colt — What Clinton Anderson Teaches About Bit Fit
qa/wild-horse-training/what-happens-after-join-up-how-do-you-build-on-it/index.html,wild-horse-training,2Wf65OKRqvo,"scattered_id(total=38,home=imprinting@45%)",Monty Roberts: Foal Imprinting — How to Desensitize a Newborn Foal's Face and Head During Imprinting
qa/wild-horse-training/what-is-advance-and-retreat-and-how-does-it-apply-to-wild-horses/index.html,wild-horse-training,IInnbVEoSqg,"scattered_id(total=90,home=natural-horsemanship@26%)",Warwick Schiller: Pressure and Release — What Anderson and Parelli Say About Horses That Gape at the Bit
qa/wild-horse-training/what-is-gentling-and-how-does-it-differ-from-training/index.html,wild-horse-training,IInnbVEoSqg,"scattered_id(total=90,home=natural-horsemanship@26%)",Warwick Schiller: Pressure and Release — What Anderson and Parelli Say About Horses That Gape at the Bit
qa/wild-horse-training/what-is-join-up-and-who-developed-it/index.html,wild-horse-training,2Wf65OKRqvo,"scattered_id(total=38,home=imprinting@45%)",Monty Roberts: Foal Imprinting — How to Desensitize a Newborn Foal's Face and Head During Imprinting
qa/wild-horse-training/what-is-the-herd-hierarchy-in-a-wild-mustang-band/index.html,wild-horse-training,DaA3wVpFoSM,"scattered_id(total=73,home=natural-horsemanship@19%)",Warwick Schiller: How to Choose a Horse Trainer
qa/wild-horse-training/what-is-the-science-behind-join-up/index.html,wild-horse-training,DaA3wVpFoSM,"scattered_id(total=73,home=natural-horsemanship@19%)",Warwick Schiller: How to Choose a Horse Trainer
qa/wild-horse-training/what-tack-is-best-for-starting-a-wild-horse-under-saddle/index.html,wild-horse-training,oWU8YgIrNiY,"scattered_id(total=117,home=mounting-dismounting@18%)",Clinton Anderson: Overview of Starting a Colt — What Clinton Anderson Teaches About Bit Fit
qa/wild-horse-training/why-does-my-mustang-do-well-at-home-but-fall-apart-in-new-environments/index.html,wild-horse-training,DaA3wVpFoSM,"scattered_id(total=73,home=natural-horsemanship@19%)",Warwick Schiller: How to Choose a Horse Trainer
qa/working-cow-horse/how-do-circles-prepare-a-horse-for-cattle-work/index.html,working-cow-horse,9f0927a1,malformed_id,How Circles Prepare a Horse for Cattle Work — Reining Foundation
qa/working-cow-horse/how-do-i-learn-to-trust-my-horse-during-cattle-work/index.html,working-cow-horse,oMn35EhR_Zg,"scattered_id(total=55,home=horsemanship@24%)",Warwick Schiller: Benefits of Teaching a Horse to Back Up — What He Says About Horses Behind the Bit
qa/working-cow-horse/how-do-i-manage-a-horse-that-becomes-too-aggressive-or-hot-on-cattle/index.html,working-cow-horse,Y1Mndc7oZJ8,"scattered_id(total=38,home=trailer-loading@32%)",Clinton Anderson: Working With Hot and Busy-Minded Horses — Maintaining Leadership
qa/working-cow-horse/how-do-i-mentally-prepare-for-a-challenging-working-cow-horse-lesson/index.html,working-cow-horse,KJd9paeIu40,"scattered_id(total=130,home=obstacle-training@22%)",Ken McNabb: Gaining Emotional Control — Developing a Horse That Is Calm and Focused in a Busy Ranch Horse Show Environment
qa/working-cow-horse/how-do-i-prepare-my-horse-for-a-lesson-with-a-new-working-cow-horse-trainer/index.html,working-cow-horse,3iDzfmslhoo,"scattered_id(total=27,home=reining@67%)",Luca Fappani: Reining Horse Training — Full Schooling Session
qa/working-cow-horse/how-do-i-structure-a-productive-solo-practice-session-between-working-cow-horse/index.html,working-cow-horse,3iDzfmslhoo,"scattered_id(total=27,home=reining@67%)",Luca Fappani: Reining Horse Training — Full Schooling Session
qa/working-cow-horse/how-do-non-pros-avoid-over-riding-during-cattle-work/index.html,working-cow-horse,PAFejggfx6c,"scattered_id(total=48,home=reining@25%)",Andrea Fappani: Master Simple Cues — How to Find a Qualified Trainer for a Specific Discipline
qa/working-cow-horse/how-do-you-keep-a-horse-from-getting-too-hot-on-cattle/index.html,working-cow-horse,Y1Mndc7oZJ8,"scattered_id(total=38,home=trailer-loading@32%)",Clinton Anderson: Working With Hot and Busy-Minded Horses — Maintaining Leadership
qa/working-cow-horse/how-do-you-keep-a-working-cow-horse-mentally-fresh-through-a-long-training-seaso/index.html,working-cow-horse,3iDzfmslhoo,"scattered_id(total=27,home=reining@67%)",Luca Fappani: Reining Horse Training — Full Schooling Session
qa/working-cow-horse/how-do-you-manage-a-cow-horse-mentally-at-a-show/index.html,working-cow-horse,KJd9paeIu40,"scattered_id(total=130,home=obstacle-training@22%)",Ken McNabb: Gaining Emotional Control — Developing a Horse That Is Calm and Focused in a Busy Ranch Horse Show Environment
qa/working-cow-horse/how-do-you-manage-a-working-cow-horses-soundness-over-a-long-career/index.html,working-cow-horse,vH9NsbtmDsg,"scattered_id(total=51,home=horse-care@31%)",Equine Veterinary — How to Manage Hauling and Travel to Keep a Horse in Good Condition Throughout a Competition Season
qa/working-cow-horse/how-do-you-prepare-the-reining-phase-for-a-working-cow-horse-show/index.html,working-cow-horse,3iDzfmslhoo,"scattered_id(total=27,home=reining@67%)",Luca Fappani: Reining Horse Training — Full Schooling Session
qa/working-cow-horse/how-do-you-warm-up-a-cow-horse-before-competition/index.html,working-cow-horse,3iDzfmslhoo,"scattered_id(total=27,home=reining@67%)",Luca Fappani: Reining Horse Training — Full Schooling Session
qa/working-cow-horse/how-does-collection-apply-to-cow-horse-training/index.html,working-cow-horse,FBEWVWmOj78,"scattered_id(total=47,home=position-seat@36%)",Collection and the Horse's Back — The Basics
qa/working-cow-horse/how-does-inconsistent-training-at-home-lead-to-mistakes-under-competition-pressu/index.html,working-cow-horse,3iDzfmslhoo,"scattered_id(total=27,home=reining@67%)",Luca Fappani: Reining Horse Training — Full Schooling Session
qa/working-cow-horse/how-does-poor-pattern-preparation-in-the-reining-phase-hurt-a-working-cow-horse/index.html,working-cow-horse,3iDzfmslhoo,"scattered_id(total=27,home=reining@67%)",Luca Fappani: Reining Horse Training — Full Schooling Session
qa/working-cow-horse/how-does-the-spin-apply-to-cow-horse-work/index.html,working-cow-horse,WM5RLXyPibI,"scattered_id(total=32,home=lateral-work-suppling@38%)",Matt Mills: How to Teach Your Horse to Spin — How to Get a Horse to Turn on the Haunches
qa/working-cow-horse/how-finished-should-the-reining-be-before-cattle-are-introduced/index.html,working-cow-horse,a398d0bc,malformed_id,How Finished the Reining Must Be Before Introducing Cattle
qa/working-cow-horse/should-a-cow-horse-be-started-in-a-reining-program-first/index.html,working-cow-horse,fba4a070,malformed_id,Matt Mills Reining: Reining Foundation for the Ranch Horse — Developing Reining Maneuvers for VRH
qa/working-cow-horse/what-age-should-a-working-cow-horse-prospect-be-started/index.html,working-cow-horse,edVHadHZ264,"scattered_id(total=65,home=timed-events@23%)",60-Day Colt Starting — Low Stress Before & After
qa/working-cow-horse/what-is-the-relationship-between-working-cow-horse-and-ranch-horse-work/index.html,working-cow-horse,ComwTOq5A8Q,"scattered_id(total=107,home=versatility-ranch-horse@26%)",Ken McNabb: How to Buy the Right Horse — Can the Horse Carry My Weight
qa/working-cow-horse/what-is-the-role-of-ground-lessons-versus-mounted-lessons-in-working-cow-horse-d/index.html,working-cow-horse,aASS-342kdo,"scattered_id(total=117,home=horsemanship@18%)",Ken McNabb: Ground Work — Preparing Your Horse to Ride
qa/working-cow-horse/what-red-flags-should-you-avoid-when-buying-a-working-cow-horse/index.html,working-cow-horse,vH9NsbtmDsg,"scattered_id(total=51,home=horse-care@31%)",Equine Veterinary — How to Manage Hauling and Travel to Keep a Horse in Good Condition Throughout a Competition Season
qa/working-cow-horse/what-should-you-do-if-your-horse-is-too-fresh-at-a-working-cow-horse-show/index.html,working-cow-horse,Y1Mndc7oZJ8,"scattered_id(total=38,home=trailer-loading@32%)",Clinton Anderson: Working With Hot and Busy-Minded Horses — Maintaining Leadership
qa/working-cow-horse/why-does-a-cow-horse-need-a-strong-reining-foundation/index.html,working-cow-horse,fba4a070,malformed_id,Matt Mills Reining: Reining Foundation for the Ranch Horse — Developing Reining Maneuvers for VRH
qa/working-cow-horse/why-does-lead-change-quality-matter-in-working-cow-horse/index.html,working-cow-horse,0tu1M4abZMU,"scattered_id(total=34,home=lead-changes@68%)",Larry Trocha: Flying Lead Changes — Do Flying Changes Require Collection Similar to Shoulder-In
qa/working-cow-horse/why-does-my-cow-horse-get-too-hot-on-cattle/index.html,working-cow-horse,Y1Mndc7oZJ8,"scattered_id(total=38,home=trailer-loading@32%)",Clinton Anderson: Working With Hot and Busy-Minded Horses — Maintaining Leadership
qa/working-cow-horse/why-does-my-horse-brace-in-the-reining-phase-under-competition-pressure/index.html,working-cow-horse,oMn35EhR_Zg,"scattered_id(total=55,home=horsemanship@24%)",Warwick Schiller: Benefits of Teaching a Horse to Back Up — What He Says About Horses Behind the Bit
qa/working-cow-horse/why-is-failing-to-maintain-correct-body-position-as-a-rider-one-of-the-costliest/index.html,working-cow-horse,9cc779oOQyU,"scattered_id(total=13,home=reining@31%)",Reining Training — Centered Riding: What It Is and the Keys to Execution
qa/working-cow-horse/why-is-overriding-the-horse-during-cow-work-such-a-damaging-mistake/index.html,working-cow-horse,PAFejggfx6c,"scattered_id(total=48,home=reining@25%)",Andrea Fappani: Master Simple Cues — How to Find a Qualified Trainer for a Specific Discipline
qa/working-equitation/how-do-i-train-for-the-speed-phase-and-how-does-it-differ-from-ease-of-handling/index.html,working-equitation,f918N1t9mfk,"scattered_id(total=174,home=working-western-rail@13%)",Al Dunning: Speed Control and Horsemanship — Show Trainer vs. Ranch or Horsemanship Trainer
qa/working-equitation/how-do-i-train-my-horse-for-the-dressage-phase-of-working-equitation/index.html,working-equitation,PAFejggfx6c,"scattered_id(total=48,home=reining@25%)",Andrea Fappani: Master Simple Cues — How to Find a Qualified Trainer for a Specific Discipline
qa/working-equitation/how-do-you-cross-train-a-western-horse-for-working-equitation-without-disrupting/index.html,working-equitation,Hj5Ew8qkjMk,"scattered_id(total=77,home=natural-horsemanship@49%)",Warwick Schiller: Feel and Connection — How to Ride With a Bosal and How It Works
qa/working-equitation/how-do-you-keep-a-working-equitation-horse-mentally-fresh-given-the-varied-deman/index.html,working-equitation,Hj5Ew8qkjMk,"scattered_id(total=77,home=natural-horsemanship@49%)",Warwick Schiller: Feel and Connection — How to Ride With a Bosal and How It Works
qa/working-equitation/how-do-you-train-a-horse-for-the-water-obstacle-in-working-equitation/index.html,working-equitation,KJd9paeIu40,"scattered_id(total=130,home=obstacle-training@22%)",Ken McNabb: Gaining Emotional Control — Developing a Horse That Is Calm and Focused in a Busy Ranch Horse Show Environment
qa/working-equitation/how-does-the-dressage-phase-of-working-equitation-differ-from-traditional-dressa/index.html,working-equitation,FBEWVWmOj78,"scattered_id(total=47,home=position-seat@36%)",Collection and the Horse's Back — The Basics
qa/working-equitation/how-does-working-equitation-training-benefit-horses-and-riders-coming-from-weste/index.html,working-equitation,ComwTOq5A8Q,"scattered_id(total=107,home=versatility-ranch-horse@26%)",Ken McNabb: How to Buy the Right Horse — Can the Horse Carry My Weight
qa/working-equitation/how-does-working-equitation-training-benefit-horses-in-other-disciplines/index.html,working-equitation,ComwTOq5A8Q,"scattered_id(total=107,home=versatility-ranch-horse@26%)",Ken McNabb: How to Buy the Right Horse — Can the Horse Carry My Weight
qa/working-equitation/what-collection-level-is-required-in-working-equitation-and-how-does-it-compare/index.html,working-equitation,FBEWVWmOj78,"scattered_id(total=47,home=position-seat@36%)",Collection and the Horse's Back — The Basics
qa/working-equitation/what-is-the-speed-phase-of-working-equitation-and-how-do-you-prepare-horse-and-r/index.html,working-equitation,f918N1t9mfk,"scattered_id(total=174,home=working-western-rail@13%)",Al Dunning: Speed Control and Horsemanship — Show Trainer vs. Ranch or Horsemanship Trainer
qa/working-equitation/what-lateral-movements-are-required-in-working-equitation-and-how-are-they-devel/index.html,working-equitation,WM5RLXyPibI,"scattered_id(total=32,home=lateral-work-suppling@38%)",Matt Mills: How to Teach Your Horse to Spin — How to Get a Horse to Turn on the Haunches
qa/working-equitation/what-mental-qualities-make-a-horse-well-suited-to-working-equitation-competition/index.html,working-equitation,BqiDJqLgvlA,"scattered_id(total=36,home=wild-horse-training@31%)",Warwick Schiller: Emotional Fitness — The Difference Between a Horse That Is Calm and One That Is Shut Down
qa/working-western-rail/how-do-you-handle-a-horse-that-gets-fast-or-strong-in-a-group-rail-class-environ/index.html,working-western-rail,Y1Mndc7oZJ8,"scattered_id(total=38,home=trailer-loading@32%)",Clinton Anderson: Working With Hot and Busy-Minded Horses — Maintaining Leadership
qa/working-western-rail/how-do-you-ride-effectively-in-a-large-working-western-rail-class-with-many-hors/index.html,working-western-rail,KJd9paeIu40,"scattered_id(total=130,home=obstacle-training@22%)",Ken McNabb: Gaining Emotional Control — Developing a Horse That Is Calm and Focused in a Busy Ranch Horse Show Environment
qa/working-western-rail/how-does-rider-position-and-presentation-differ-in-working-western-rail-from-wes/index.html,working-western-rail,oTQQwFzXduo,"scattered_id(total=48,home=western-pleasure@35%)",Al Dunning: Western Horsemanship — Developing the Correct Body Position for Competition
qa/working-western-rail/index.html,working-western-rail,3iDzfmslhoo,"scattered_id(total=27,home=reining@67%)",Luca Fappani: Reining Horse Training — Full Schooling Session
qa/working-western-rail/what-breeds-typically-excel-in-working-western-rail-and-why/index.html,working-western-rail,MoAzyvJVqGY,"scattered_id(total=43,home=working-cow-horse@42%)",A Life of Studying Horses — The Ken McNabb Story
qa/working-western-rail/what-does-clinton-anderson-say-about-developing-the-natural-forward-movement-tha/index.html,working-western-rail,s1Jr8N1B6Xc,"scattered_id(total=18,home=training-principles@28%)",Clinton Anderson: Getting Forward Movement — How to Increase Impulsion and Forward Energy in a Horse
qa/working-western-rail/what-position-should-the-rider-maintain-in-a-working-western-rail-class-and-how/index.html,working-western-rail,oTQQwFzXduo,"scattered_id(total=48,home=western-pleasure@35%)",Al Dunning: Western Horsemanship — Developing the Correct Body Position for Competition
